Artwork_Name,Artist Name,Artist Reputation,Sculpture_Type,Material,Height,Width,Weight,Creation_Year,Artwork_Age,Artist_Alive,Aesthetic_Descriptor,Provenance,Previous_Auction_Price,Price
Baroque_Billy_0,Billy Jenkins,0.26,Baroque,Brass,17.0,6.0,4128.0,1868,157,No,Vibrant,Private Collection,11.23,13.91
Classical_Jean_1,Jean Bryant,0.28,Classical,Brass,3.0,3.0,61.0,1908,117,No,Intricate,Gallery Exhibition,6.78,6.83
Renaissance_Laura_2,Laura Miller,0.07,Renaissance,Clay,8.0,5.0,237.0,1873,152,No,Polished,Acquired from Artist,3.82,4.96
Abstract_Robert_3,Robert Chaires,0.12,Abstract,Aluminium,9.0,,,1878,147,No,Rustic,Private Collection,4.74,5.81
Abstract_Rosalyn_4,Rosalyn Krol,0.15,Abstract,Aluminium,17.0,6.0,324.0,1854,171,No,Vibrant,Auctioned in London,2.28,3.18
Classical_Tracy_5,Tracy Francis,0.99,Classical,Wood,46.0,19.0,1178.0,1927,98,No,Minimal,Auctioned in London,5.43,6.16
Baroque_David_6,David Hawes,0.64,Baroque,Brass,17.0,9.0,7264.0,1969,56,Yes,Vibrant,Auctioned in New York,8.44,8.26
Minimalist_David_7,David Osher,0.74,Minimalist,Clay,23.0,10.0,3287.0,1994,31,Yes,Intricate,Private Collection,12.59,12.81
Minimalist_Arnold_8,Arnold Reel,0.0,Minimalist,Clay,6.0,4.0,108.0,1947,78,No,Minimal,Acquired from Artist,4.22,3.98
Modern_James_9,James Comfort,0.12,Modern,Marble,23.0,9.0,195226.0,1854,171,No,Rustic,Inherited Estate,169.44,245.63
Abstract_Greg_10,Greg Mendez,0.14,Abstract,Bronze,47.0,25.0,40834.0,2007,18,Yes,Intricate,Gallery Exhibition,24.34,37.22
Modern_Stacey_11,Stacey Carlozzi,0.29,Modern,Stone,32.0,9.0,,1899,126,No,Rustic,Museum Deaccession,1291.29,1800.96
Classical_Beverly_12,Beverly Credeur,0.26,Classical,Bronze,13.0,6.0,1534.0,1983,42,Yes,Rustic,Auctioned in London,4.42,5.87
Classical_James_13,James Davis,0.54,Classical,Wood,26.0,9.0,,1935,90,No,Elegant,Inherited Estate,6.26,6.47
Contemporary_Patricia_14,Patricia Crosslin,0.69,Contemporary,Brass,21.0,6.0,3954.0,1912,113,No,Rustic,Inherited Estate,14.17,14.03
Minimalist_Raul_15,Raul White,0.72,Minimalist,Stone,44.0,12.0,4991242.0,1948,77,No,Elegant,Museum Deaccession,23333.67,29625.6
Contemporary_Esther_16,Esther Simmons,0.27,Contemporary,Stone,10.0,4.0,11909.0,1874,151,No,Intricate,Auctioned in New York,18.38,29.47
Abstract_Pete_17,Pete Oh,0.1,Abstract,Marble,37.0,9.0,239463.0,1856,169,No,Rustic,Private Collection,624.31,771.98
Modern_Ralph_18,Ralph Mangum,0.11,Modern,Bronze,19.0,14.0,7976.0,1959,66,Yes,Minimal,Auctioned in London,5.25,7.1
Classical_Jennifer_19,Jennifer Johnson,0.54,Classical,Stone,,,65103.0,1879,146,No,Expressive,Auctioned in London,124.79,165.05
Abstract_Kathryn_20,Kathryn Dodge,0.59,Abstract,,20.0,9.0,198.0,1919,106,No,Expressive,Museum Deaccession,4.17,5.56
Abstract_Laura_21,Laura Price,0.11,Abstract,Marble,,9.0,216919.0,1873,152,No,Minimal,Auctioned in London,244.05,263.03
Modern_John_22,John Blair,0.66,Modern,Aluminium,9.0,5.0,184.0,1907,118,No,Elegant,Private Collection,5.73,6.9
Modern_Georgia_23,Georgia Andrus,0.57,Modern,Stone,29.0,9.0,745770.0,1956,69,Yes,Expressive,Acquired from Artist,2871.72,3403.92
Classical_Ma_24,Ma Sova,0.43,Classical,Marble,24.0,8.0,261562.0,1881,144,No,Expressive,Auctioned in London,1519.18,1562.1
Classical_Mark_25,Mark Davis,,Classical,,10.0,4.0,174.0,1868,157,No,Minimal,Auctioned in London,5.21,6.63
Classical_Chris_26,Chris Gomez,0.2,Classical,Brass,25.0,9.0,7901.0,1914,111,No,Minimal,Inherited Estate,6.43,8.56
Minimalist_Nicole_27,Nicole Bice,0.47,Minimalist,Aluminium,28.0,15.0,985.0,1958,67,Yes,Vibrant,Inherited Estate,4.24,6.76
Modern_Marian_28,Marian Castillo,0.51,Modern,,16.0,8.0,63720.0,1971,54,Yes,Polished,Museum Deaccession,160.3,151.19
Classical_Cheyenne_29,Cheyenne Witt,0.67,Classical,Wood,17.0,6.0,182.0,1949,76,No,Intricate,Private Collection,4.72,6.0
Modern_Eunice_30,Eunice Winkler,0.56,Modern,Marble,20.0,8.0,53954.0,1856,169,No,Minimal,Inherited Estate,120.36,162.93
Minimalist_Henry_31,Henry Humphrey,0.25,Minimalist,Marble,10.0,4.0,4900.0,2000,25,Yes,Rustic,Inherited Estate,20.11,25.83
Renaissance_Viola_32,Viola Lackland,0.31,Renaissance,Aluminium,13.0,7.0,449.0,1972,53,Yes,Elegant,Museum Deaccession,3.72,4.91
Renaissance_Robert_33,Robert Torres,0.57,Renaissance,,6.0,4.0,79.0,2003,22,Yes,Rustic,Auctioned in London,4.85,4.71
Minimalist_Michael_34,Michael Doyle,0.01,Minimalist,,,5.0,88.0,1872,153,No,Expressive,Auctioned in New York,5.28,6.51
Baroque_Alejandro_35,Alejandro Reyes,0.68,Baroque,Clay,8.0,5.0,301.0,2018,7,Yes,Elegant,Private Collection,4.7,4.38
Renaissance_Amber_36,Amber Gutierrez,0.23,Renaissance,Aluminium,16.0,8.0,358.0,1901,124,No,Elegant,Auctioned in New York,3.32,3.26
Baroque_Stefan_37,Stefan Moquin,0.52,Baroque,Wood,36.0,17.0,593.0,1873,152,No,Intricate,Museum Deaccession,3.79,3.86
Modern_Magdalena_38,Magdalena Jordan,0.59,Modern,Brass,22.0,15.0,16046.0,1860,165,No,Minimal,Acquired from Artist,96.12,99.52
Modern_Gail_39,Gail Stalvey,0.01,Modern,Clay,16.0,7.0,1002.0,1950,75,No,Polished,Museum Deaccession,2.75,4.15
Modern_Luna_40,Luna Jones,0.93,Modern,Bronze,29.0,8.0,7757.0,1867,158,No,Elegant,Auctioned in London,18.73,24.29
Contemporary_James_41,James Chessman,0.58,Contemporary,Aluminium,,5.0,71.0,1948,77,No,Expressive,Private Collection,3.53,4.28
Renaissance_George_42,George Trovillion,0.86,Renaissance,Brass,49.0,17.0,196893.0,1900,125,No,Vibrant,Gallery Exhibition,105.16,116.3
Minimalist_Constance_43,Constance Anderson,0.27,Minimalist,,6.0,5.0,355.0,1903,122,No,Rustic,Auctioned in New York,2.68,3.14
Baroque_Rene_44,Rene Anderson,0.17,Baroque,Bronze,20.0,7.0,3669.0,1869,156,No,Rustic,Acquired from Artist,4.97,5.13
Minimalist_Michael_45,Michael Johnson,0.54,Minimalist,Brass,36.0,,61696.0,1868,157,No,Vibrant,Private Collection,43.71,61.6
Renaissance_Verla_46,Verla Vidinha,0.07,Renaissance,Clay,9.0,4.0,74.0,2004,21,Yes,Polished,Auctioned in London,5.85,6.77
Renaissance_Bill_47,Bill Diaz,0.51,Renaissance,Clay,8.0,4.0,215.0,1987,38,Yes,Vibrant,Gallery Exhibition,4.49,6.25
Modern_Elizabeth_48,Elizabeth Garcia,0.59,Modern,,16.0,8.0,4679.0,1861,164,No,Expressive,Private Collection,8.89,10.08
Abstract_Asha_49,Asha Wilson,0.29,Abstract,Clay,24.0,12.0,2443.0,1947,78,No,Polished,Auctioned in London,4.86,5.18
Modern_Alejandro_50,Alejandro Hagan,0.17,Modern,Aluminium,47.0,23.0,5624.0,1921,104,No,Expressive,Auctioned in New York,12.54,19.82
Contemporary_Irene_51,Irene Holland,0.6,Contemporary,Marble,,,160742.0,1863,162,No,Expressive,Gallery Exhibition,413.17,554.72
Abstract_Susan_52,Susan Macdonald,0.98,Abstract,Brass,15.0,7.0,3872.0,1979,46,Yes,Expressive,Private Collection,3.56,5.49
Contemporary_Pauline_53,Pauline Taylor,0.3,Contemporary,Stone,22.0,9.0,345055.0,1903,122,No,Polished,Private Collection,245.8,365.28
Baroque_Gerald_54,Gerald Elliott,0.25,Baroque,Clay,15.0,6.0,553.0,1960,65,Yes,Intricate,Private Collection,2.87,3.03
Abstract_Gary_55,Gary Lamb,,Abstract,Aluminium,39.0,7.0,1073.0,1876,149,No,Intricate,Auctioned in New York,3.09,3.6
Classical_Donald_56,Donald Couture,0.31,Classical,Bronze,7.0,5.0,415.0,1864,161,No,Intricate,Auctioned in New York,5.29,5.75
Minimalist_William_57,William Melgar,0.12,Minimalist,Wood,26.0,,583.0,1979,46,Yes,Elegant,Auctioned in London,3.58,3.5
Abstract_Luanne_58,Luanne Bohr,0.61,Abstract,Stone,31.0,,507253.0,1936,89,No,Rustic,Gallery Exhibition,1229.22,1377.26
Baroque_John_59,John Stapleton,,Baroque,Stone,43.0,13.0,1954301.0,1973,52,Yes,Polished,Museum Deaccession,666.95,839.18
Contemporary_Heidi_60,Heidi Wengel,,Contemporary,Brass,18.0,8.0,5263.0,1888,137,No,Intricate,Museum Deaccession,8.57,7.86
Modern_Maurice_61,Maurice Nickels,0.49,Modern,Stone,7.0,5.0,4736.0,1926,99,No,Vibrant,Museum Deaccession,12.73,18.4
Contemporary_Jody_62,Jody Johnson,0.68,Contemporary,Aluminium,39.0,15.0,3996.0,1922,103,No,Rustic,Gallery Exhibition,7.92,11.76
Abstract_Richard_63,Richard Kelley,0.18,Abstract,Marble,15.0,7.0,16227.0,1997,28,Yes,Intricate,Auctioned in New York,35.47,46.61
Classical_William_64,William Otto,0.38,Classical,Aluminium,44.0,21.0,2663.0,2005,20,Yes,Intricate,Museum Deaccession,4.07,4.43
Abstract_Susan_65,Susan Engle,0.67,Abstract,Stone,34.0,13.0,3151086.0,1887,138,No,Elegant,Auctioned in London,11412.29,10624.83
Classical_Timothy_66,Timothy Mckenzie,0.68,Classical,Stone,15.0,8.0,143739.0,1872,153,No,Intricate,Inherited Estate,372.62,409.34
Renaissance_Kristine_67,Kristine Manuel,0.04,Renaissance,,35.0,17.0,557.0,1991,34,Yes,Rustic,Auctioned in New York,4.41,5.58
Baroque_Albert_68,Albert Rivard,0.81,Baroque,Stone,,3.0,495.0,1869,156,No,Rustic,Auctioned in New York,4.91,6.11
Baroque_Melissa_69,Melissa Shawler,0.65,Baroque,Aluminium,32.0,11.0,2135.0,1939,86,No,Polished,Auctioned in New York,9.65,9.97
Classical_Roger_70,Roger Henderson,0.84,Classical,Brass,18.0,8.0,10381.0,1981,44,Yes,Elegant,Acquired from Artist,17.47,26.1
Modern_Jennifer_71,Jennifer Vera,0.69,Modern,Marble,26.0,12.0,524871.0,2002,23,Yes,Polished,Gallery Exhibition,1716.42,1566.67
Abstract_Charles_72,Charles Plank,0.36,Abstract,Clay,25.0,24.0,14074.0,1931,94,No,Elegant,Private Collection,23.93,34.08
Classical_Shirley_73,Shirley Kelley,0.22,Classical,Brass,8.0,4.0,788.0,1870,155,No,Elegant,Gallery Exhibition,3.87,4.22
Modern_Eloise_74,Eloise Wright,0.11,Modern,Stone,17.0,7.0,133437.0,1921,104,No,Expressive,Auctioned in London,191.21,210.57
Modern_Michael_75,Michael Allbee,,Modern,,25.0,11.0,1849.0,2020,5,Yes,Expressive,Gallery Exhibition,1.93,3.13
Abstract_Hazel_76,Hazel Hodge,0.58,Abstract,Bronze,10.0,4.0,496.0,2017,8,Yes,Elegant,Inherited Estate,3.21,3.06
Renaissance_Shirley_77,Shirley Dwyer,0.17,Renaissance,Clay,18.0,6.0,,2017,8,Yes,Polished,Museum Deaccession,5.09,4.71
Classical_David_78,David Jacobs,0.45,Classical,Brass,9.0,5.0,1247.0,2013,12,Yes,Expressive,Gallery Exhibition,5.2,6.02
Contemporary_Troy_79,Troy Longoria,0.4,Contemporary,Clay,14.0,8.0,,1939,86,No,Minimal,Acquired from Artist,2.82,3.79
Baroque_Willie_80,Willie Blackwell,0.97,Baroque,Wood,30.0,15.0,575.0,1993,32,Yes,Minimal,Museum Deaccession,3.07,4.58
Baroque_Antonio_81,Antonio Rodriguez,0.87,Baroque,Marble,19.0,11.0,250244.0,1895,130,No,Polished,Acquired from Artist,1406.27,1383.56
Modern_Jane_82,Jane Brown,0.93,Modern,,30.0,10.0,1016.0,1987,38,Yes,Elegant,Gallery Exhibition,8.31,9.89
Classical_Dorothy_83,Dorothy Nerad,0.38,Classical,Bronze,12.0,8.0,2112.0,1943,82,No,Rustic,Auctioned in London,3.82,4.16
Modern_Mitchell_84,Mitchell Gates,0.5,Modern,Brass,16.0,6.0,1171.0,1983,42,Yes,Expressive,Private Collection,2.89,3.34
Abstract_Dennis_85,Dennis Rossetti,0.18,Abstract,Clay,15.0,6.0,477.0,1858,167,No,Expressive,Inherited Estate,6.86,6.35
Minimalist_Mike_86,Mike Violette,0.38,Minimalist,Bronze,56.0,17.0,50809.0,1965,60,Yes,Vibrant,Inherited Estate,36.2,47.18
Minimalist_Kenny_87,Kenny Gordon,0.88,Minimalist,Marble,25.0,17.0,768813.0,1991,34,Yes,Intricate,Museum Deaccession,2402.45,3929.77
Classical_Cristina_88,Cristina Putman,0.22,Classical,Wood,23.0,13.0,345.0,1874,151,No,Elegant,Acquired from Artist,4.96,6.23
Minimalist_Bernice_89,Bernice Werth,0.43,Minimalist,Aluminium,,14.0,2851.0,1870,155,No,Rustic,Acquired from Artist,4.48,6.55
Contemporary_Pearl_90,Pearl Tindol,0.49,Contemporary,Clay,16.0,,944.0,1935,90,No,Vibrant,Auctioned in London,5.08,5.49
Baroque_Genevieve_91,Genevieve Dawson,0.88,Baroque,Marble,24.0,15.0,799475.0,1972,53,Yes,Vibrant,Acquired from Artist,2653.28,2896.76
Modern_Tommy_92,Tommy Mcmanus,0.64,Modern,Marble,10.0,4.0,,1892,133,No,Minimal,Museum Deaccession,23.44,31.69
Baroque_Calvin_93,Calvin Rothenbach,0.03,Baroque,Wood,41.0,9.0,494.0,1991,34,Yes,Expressive,Gallery Exhibition,4.53,5.58
Abstract_Lester_94,Lester Flores,0.28,Abstract,Clay,37.0,20.0,9467.0,1938,87,No,Minimal,Acquired from Artist,19.71,20.41
Classical_Charles_95,Charles Decker,,Classical,Brass,35.0,13.0,,1857,168,No,Elegant,Private Collection,81.8,88.84
Contemporary_Taylor_96,Taylor Bodi,0.86,Contemporary,Brass,14.0,7.0,3694.0,1985,40,Yes,Vibrant,Museum Deaccession,7.35,8.3
Classical_Joseph_97,Joseph Forsyth,0.99,Classical,Aluminium,8.0,,149.0,1938,87,No,Elegant,Acquired from Artist,4.75,6.92
Modern_Shanna_98,Shanna Davison,0.27,Modern,Clay,37.0,16.0,7365.0,1950,75,No,Vibrant,Gallery Exhibition,29.14,28.53
Abstract_Richard_99,Richard Ortega,0.42,Abstract,Clay,24.0,17.0,4848.0,2000,25,Yes,Elegant,Acquired from Artist,24.91,32.42
Abstract_Donald_100,Donald Cruz,0.3,Abstract,Aluminium,23.0,10.0,1153.0,1959,66,Yes,Minimal,Gallery Exhibition,3.91,3.71
Contemporary_Jerry_101,Jerry Crump,0.99,Contemporary,Aluminium,30.0,7.0,1104.0,1919,106,No,Elegant,Auctioned in New York,3.73,5.91
Contemporary_Kayla_102,Kayla Monteiro,0.34,Contemporary,Wood,23.0,12.0,450.0,2002,23,Yes,Vibrant,Gallery Exhibition,3.43,4.95
Minimalist_Beverley_103,Beverley Lang,,Minimalist,Stone,13.0,7.0,51068.0,1863,162,No,Polished,Private Collection,126.22,153.97
Modern_Melina_104,Melina Coppola,0.51,Modern,,29.0,10.0,1996.0,2011,14,Yes,Polished,Private Collection,7.8,11.45
Modern_Robert_105,Robert Latham,0.36,Modern,Wood,9.0,5.0,63.0,2006,19,Yes,Elegant,Acquired from Artist,4.28,4.3
Minimalist_Lindsay_106,Lindsay Christie,0.77,Minimalist,Bronze,10.0,5.0,541.0,1879,146,No,Rustic,Inherited Estate,3.8,5.28
Baroque_Elmer_107,Elmer Gomez,,Baroque,Bronze,41.0,9.0,19928.0,1972,53,Yes,Intricate,Museum Deaccession,99.04,121.37
Renaissance_Russell_108,Russell Campbell,0.79,Renaissance,Stone,23.0,8.0,152855.0,2009,16,Yes,Intricate,Private Collection,656.77,647.77
Minimalist_Andre_109,Andre Maynard,0.18,Minimalist,Clay,26.0,6.0,1606.0,1867,158,No,Minimal,Private Collection,5.9,6.56
Baroque_Peggy_110,Peggy Cocks,0.87,Baroque,Stone,7.0,5.0,2125.0,1957,68,Yes,Rustic,Museum Deaccession,5.3,5.22
Abstract_Stella_111,Stella Holden,0.32,Abstract,Clay,41.0,12.0,7830.0,2000,25,Yes,Elegant,Private Collection,15.23,16.23
Contemporary_Justin_112,Justin Zander,0.58,Contemporary,Wood,28.0,17.0,896.0,1924,101,No,Vibrant,Museum Deaccession,3.46,3.32
Classical_Cynthia_113,Cynthia Gallegos,0.03,Classical,Marble,7.0,,2168.0,1867,158,No,Polished,Acquired from Artist,4.73,4.65
Abstract_Kelly_114,Kelly Rubio,0.4,Abstract,Wood,18.0,9.0,322.0,2019,6,Yes,Expressive,Auctioned in London,5.42,5.31
Baroque_Noel_115,Noel Rubio,0.57,Baroque,Wood,4.0,3.0,26.0,1967,58,Yes,Intricate,Auctioned in London,2.33,3.15
Modern_Nicole_116,Nicole Russell,0.41,Modern,Aluminium,19.0,8.0,,1884,141,No,Vibrant,Museum Deaccession,4.54,6.43
Baroque_Gladys_117,Gladys Anderson,0.48,Baroque,Stone,24.0,6.0,59036.0,1856,169,No,Polished,Gallery Exhibition,278.15,319.06
Baroque_Jerry_118,Jerry Riegel,0.69,Baroque,Stone,25.0,14.0,1695010.0,1882,143,No,Minimal,Inherited Estate,5611.95,7351.07
Baroque_Sam_119,Sam Lemoyne,0.41,Baroque,Clay,11.0,8.0,815.0,1903,122,No,Vibrant,Auctioned in New York,3.88,5.52
Abstract_Nicolas_120,Nicolas Godbolt,,Abstract,Bronze,9.0,5.0,653.0,2014,11,Yes,Rustic,Auctioned in London,5.22,5.6
Renaissance_Amanda_121,Amanda Ramos,0.16,Renaissance,,20.0,11.0,2797.0,1926,99,No,Expressive,Private Collection,2.87,3.03
Renaissance_Martha_122,Martha Vega,0.47,Renaissance,Brass,22.0,18.0,18959.0,1990,35,Yes,Elegant,Auctioned in New York,101.59,111.06
Classical_Belinda_123,Belinda Curran,0.46,Classical,Bronze,12.0,8.0,1448.0,1884,141,No,Vibrant,Auctioned in London,9.09,9.85
Abstract_Annie_124,Annie Charron,0.65,Abstract,Bronze,4.0,4.0,78.0,1952,73,Yes,Elegant,Museum Deaccession,2.95,4.63
Modern_Larry_125,Larry Elder,0.32,Modern,Wood,35.0,11.0,491.0,1969,56,Yes,Vibrant,Auctioned in London,3.21,3.35
Minimalist_Pauline_126,Pauline Tejeda,,Minimalist,Bronze,13.0,7.0,3130.0,1862,163,No,Intricate,Private Collection,4.7,6.21
Contemporary_Florentino_127,Florentino Botcher,0.29,Contemporary,Clay,42.0,18.0,14120.0,1947,78,No,Expressive,Museum Deaccession,11.83,12.59
Abstract_Leanne_128,Leanne Prieto,0.95,Abstract,Clay,44.0,15.0,11196.0,1983,42,Yes,Rustic,Acquired from Artist,60.52,61.12
Baroque_Michiko_129,Michiko Plunk,0.86,Baroque,Stone,34.0,11.0,1793759.0,1917,108,No,Intricate,Acquired from Artist,1379.49,1332.42
Baroque_Elizabeth_130,Elizabeth Outman,0.48,Baroque,Aluminium,18.0,9.0,837.0,1921,104,No,Polished,Inherited Estate,1.98,3.12
Renaissance_Loretta_131,Loretta Chung,0.58,Renaissance,,34.0,8.0,463.0,1957,68,Yes,Vibrant,Acquired from Artist,2.61,3.78
Renaissance_Janet_132,Janet Gustafson,,Renaissance,Stone,5.0,3.0,701.0,1945,80,No,Expressive,Gallery Exhibition,6.1,6.7
Renaissance_Michael_133,Michael Vargas,0.62,Renaissance,Wood,28.0,7.0,,1906,119,No,Elegant,Auctioned in London,2.12,3.03
Renaissance_Rebecca_134,Rebecca Dale,0.87,Renaissance,Stone,26.0,8.0,314113.0,1993,32,Yes,Polished,Museum Deaccession,1680.24,1846.84
Contemporary_Matthew_135,Matthew Broberg,0.25,Contemporary,Bronze,19.0,11.0,8648.0,1966,59,Yes,Intricate,Auctioned in London,14.31,17.04
Minimalist_Tammy_136,Tammy Drelick,0.21,Minimalist,,27.0,10.0,23049.0,1954,71,Yes,Vibrant,Museum Deaccession,18.26,16.67
Renaissance_Theresa_137,Theresa Stiles,0.16,Renaissance,Clay,29.0,9.0,,2003,22,Yes,Vibrant,Gallery Exhibition,4.19,6.49
Minimalist_Sherman_138,Sherman Bowers,0.47,Minimalist,Bronze,11.0,7.0,1318.0,1875,150,No,Minimal,Acquired from Artist,2.55,4.15
Baroque_Erin_139,Erin Firestine,0.84,Baroque,,4.0,4.0,43.0,1852,173,No,Polished,Gallery Exhibition,2.13,3.39
Minimalist_Richard_140,Richard Belanger,0.55,Minimalist,Bronze,35.0,18.0,59797.0,1991,34,Yes,Intricate,Private Collection,256.54,238.2
Modern_Elda_141,Elda Miller,0.57,Modern,Stone,7.0,5.0,,1854,171,No,Elegant,Inherited Estate,35.29,41.61
Modern_Andrew_142,Andrew Shifflett,0.54,Modern,Marble,35.0,8.0,278714.0,1942,83,No,Polished,Auctioned in London,359.7,378.41
Abstract_Joyce_143,Joyce Heppner,0.1,Abstract,,7.0,5.0,2666.0,1853,172,No,Rustic,Auctioned in New York,5.52,5.12
Modern_Jan_144,Jan Roth,0.34,Modern,,8.0,,5153.0,1995,30,Yes,Rustic,Gallery Exhibition,7.88,8.92
Minimalist_Georgie_145,Georgie Miles,0.33,Minimalist,Clay,28.0,8.0,,2016,9,Yes,Elegant,Gallery Exhibition,6.06,8.71
Modern_Dennis_146,Dennis Reed,0.25,Modern,Brass,14.0,7.0,5648.0,1931,94,No,Expressive,Auctioned in New York,9.51,10.24
Contemporary_Matthew_147,Matthew Paul,0.35,Contemporary,Brass,32.0,20.0,91529.0,1941,84,No,Minimal,Private Collection,403.26,456.3
Minimalist_Leslie_148,Leslie Leisenring,0.65,Minimalist,Clay,31.0,12.0,4475.0,1874,151,No,Polished,Gallery Exhibition,17.5,27.1
Minimalist_Robert_149,Robert Clements,,Minimalist,Bronze,30.0,8.0,10547.0,1912,113,No,Elegant,Inherited Estate,30.14,38.22
Contemporary_Nicolas_150,Nicolas Matherly,0.22,Contemporary,Brass,16.0,7.0,3330.0,1863,162,No,Polished,Auctioned in New York,7.86,11.22
Classical_John_151,John Dodd,0.58,Classical,Stone,15.0,6.0,44125.0,1991,34,Yes,Elegant,Inherited Estate,69.12,86.41
Abstract_Glady_152,Glady Lund,0.28,Abstract,Stone,3.0,3.0,,1870,155,No,Rustic,Gallery Exhibition,5.86,6.08
Classical_Helen_153,Helen Nguyen,0.74,Classical,,19.0,7.0,929.0,2011,14,Yes,Rustic,Gallery Exhibition,6.23,9.38
Classical_Jess_154,Jess Moore,,Classical,Marble,3.0,2.0,85.0,1964,61,Yes,Elegant,Auctioned in London,5.66,5.64
Classical_Martha_155,Martha Bednarz,0.74,Classical,Clay,23.0,7.0,1404.0,1931,94,No,Intricate,Gallery Exhibition,3.34,5.49
Abstract_Helen_156,Helen Mcbeth,0.37,Abstract,Stone,23.0,10.0,444173.0,1868,157,No,Polished,Auctioned in New York,2302.61,2359.05
Contemporary_Myriam_157,Myriam Mcdonald,0.13,Contemporary,Marble,31.0,12.0,338703.0,1897,128,No,Vibrant,Private Collection,149.52,179.03
Minimalist_Nathan_158,Nathan Copher,0.27,Minimalist,Aluminium,14.0,6.0,335.0,1862,163,No,Elegant,Inherited Estate,4.08,4.15
Contemporary_Jasmine_159,Jasmine Eadie,0.45,Contemporary,Brass,36.0,15.0,110410.0,2004,21,Yes,Intricate,Auctioned in London,119.49,188.57
Renaissance_Eric_160,Eric Smith,0.43,Renaissance,Aluminium,4.0,3.0,32.0,1951,74,Yes,Rustic,Inherited Estate,3.52,4.16
Classical_Ramona_161,Ramona Devos,,Classical,,,6.0,182.0,1987,38,Yes,Minimal,Auctioned in London,4.16,4.01
Abstract_Aaron_162,Aaron Radford,0.17,Abstract,Aluminium,14.0,6.0,393.0,1888,137,No,Polished,Museum Deaccession,6.09,6.33
Modern_Walter_163,Walter Marcus,0.5,Modern,Wood,30.0,20.0,870.0,1864,161,No,Vibrant,Gallery Exhibition,4.6,6.41
Modern_Andrew_164,Andrew Compton,0.43,Modern,Wood,15.0,8.0,163.0,1854,171,No,Expressive,Gallery Exhibition,3.5,3.19
Classical_Terrie_165,Terrie Barnes,0.12,Classical,Stone,24.0,,301767.0,1964,61,Yes,Rustic,Inherited Estate,595.83,715.93
Abstract_Brandon_166,Brandon Bloodworth,0.64,Abstract,Aluminium,12.0,8.0,285.0,1870,155,No,Vibrant,Inherited Estate,3.35,3.62
Renaissance_Jennifer_167,Jennifer Stein,0.41,Renaissance,Wood,16.0,6.0,127.0,1980,45,Yes,Vibrant,Gallery Exhibition,5.45,5.18
Modern_Charles_168,Charles Bell,0.78,Modern,Aluminium,16.0,7.0,267.0,1954,71,Yes,Elegant,Acquired from Artist,2.27,3.19
Contemporary_Ernesto_169,Ernesto Hoskins,0.42,Contemporary,Aluminium,10.0,4.0,57.0,1892,133,No,Polished,Gallery Exhibition,7.08,6.92
Modern_Marshall_170,Marshall Johnson,,Modern,Bronze,41.0,18.0,28778.0,1939,86,No,Minimal,Auctioned in London,105.47,97.34
Baroque_Darrell_171,Darrell Moshier,0.25,Baroque,Bronze,37.0,8.0,13611.0,1953,72,Yes,Rustic,Museum Deaccession,20.44,32.43
Modern_Jean_172,Jean Perry,0.81,Modern,Wood,25.0,7.0,220.0,1975,50,Yes,Polished,Acquired from Artist,2.47,3.2
Baroque_Henrietta_173,Henrietta Bergeron,,Baroque,Wood,14.0,,150.0,1962,63,Yes,Minimal,Auctioned in London,4.76,6.42
Renaissance_Sonia_174,Sonia Ping,0.67,Renaissance,Stone,22.0,8.0,241688.0,1915,110,No,Polished,Auctioned in London,504.31,661.51
Abstract_Nathan_175,Nathan Ross,0.76,Abstract,Aluminium,16.0,6.0,,1858,167,No,Polished,Inherited Estate,3.9,6.19
Baroque_Jennifer_176,Jennifer Leblanc,0.69,Baroque,Bronze,13.0,6.0,1328.0,1965,60,Yes,Intricate,Acquired from Artist,4.63,6.36
Classical_Melissa_177,Melissa Arriaga,0.52,Classical,Stone,6.0,5.0,5741.0,1887,138,No,Expressive,Auctioned in London,28.18,30.53
Abstract_Lori_178,Lori Heath,0.18,Abstract,Wood,20.0,6.0,157.0,1851,174,No,Rustic,Museum Deaccession,5.37,4.98
Contemporary_Sonja_179,Sonja Lott,0.71,Contemporary,Wood,45.0,,832.0,1932,93,No,Minimal,Auctioned in London,3.4,4.33
Contemporary_Vilma_180,Vilma Cruz,,Contemporary,Bronze,13.0,6.0,879.0,1881,144,No,Elegant,Private Collection,6.9,7.08
Renaissance_Dwight_181,Dwight Serviss,0.41,Renaissance,,16.0,,59337.0,1967,58,Yes,Vibrant,Auctioned in New York,43.79,48.13
Contemporary_Shannon_182,Shannon Schultz,0.8,Contemporary,,,20.0,2583679.0,1904,121,No,Polished,Auctioned in London,18961.03,21161.39
Baroque_Priscilla_183,Priscilla Hance,0.11,Baroque,Brass,7.0,4.0,442.0,1886,139,No,Rustic,Auctioned in London,3.76,3.43
Contemporary_Toya_184,Toya Belden,0.81,Contemporary,Brass,33.0,16.0,98883.0,1911,114,No,Rustic,Private Collection,259.45,259.2
Modern_Mark_185,Mark London,0.17,Modern,Wood,27.0,7.0,210.0,1974,51,Yes,Polished,Auctioned in New York,2.39,3.62
Renaissance_Elaine_186,Elaine Martin,0.74,Renaissance,,21.0,12.0,,1933,92,No,Polished,Museum Deaccession,1297.97,1906.22
Classical_Shirley_187,Shirley Mendez,0.31,Classical,Clay,3.0,2.0,17.0,1985,40,Yes,Expressive,Inherited Estate,4.14,5.02
Contemporary_Heather_188,Heather Smith,0.96,Contemporary,Clay,10.0,4.0,254.0,1921,104,No,Expressive,Acquired from Artist,4.81,6.16
Modern_Mildred_189,Mildred Sanchez,0.5,Modern,,29.0,20.0,1432756.0,1969,56,Yes,Elegant,Auctioned in New York,5044.36,4745.6
Renaissance_Joseph_190,Joseph Wilkerson,0.81,Renaissance,,46.0,10.0,55040.0,2004,21,Yes,Rustic,Inherited Estate,186.37,206.75
Baroque_Daniel_191,Daniel Blumenfeld,0.59,Baroque,Brass,39.0,6.0,14966.0,1881,144,No,Expressive,Museum Deaccession,55.15,57.19
Minimalist_Mary_192,Mary Cohen,0.66,Minimalist,Aluminium,8.0,4.0,92.0,1936,89,No,Minimal,Auctioned in New York,5.73,6.91
Abstract_Ethel_193,Ethel Allard,0.74,Abstract,,24.0,12.0,,1949,76,No,Elegant,Inherited Estate,2.56,3.28
Baroque_Katrina_194,Katrina Meeks,0.31,Baroque,Brass,5.0,5.0,349.0,1943,82,No,Vibrant,Private Collection,5.85,5.81
Classical_Sean_195,Sean Demetriou,0.22,Classical,Clay,36.0,10.0,3003.0,1940,85,No,Rustic,Museum Deaccession,5.74,5.54
Minimalist_Frank_196,Frank Duncan,0.44,Minimalist,,33.0,11.0,1235.0,1968,57,Yes,Expressive,Private Collection,6.07,6.27
Modern_Gus_197,Gus Johnson,0.44,Modern,Marble,27.0,7.0,204525.0,1959,66,Yes,Vibrant,Gallery Exhibition,212.64,276.87
Contemporary_Rebecca_198,Rebecca Dalphonse,0.26,Contemporary,Aluminium,4.0,3.0,14.0,1922,103,No,Rustic,Auctioned in New York,4.53,6.59
Abstract_Joe_199,Joe Contreras,0.18,Abstract,Brass,11.0,7.0,,2000,25,Yes,Expressive,Acquired from Artist,6.55,6.26
Abstract_Stephen_200,Stephen Teixeira,1.0,Abstract,Bronze,43.0,13.0,43735.0,2020,5,Yes,Vibrant,Private Collection,103.92,115.44
Abstract_Edna_201,Edna Kuster,0.89,Abstract,Bronze,7.0,5.0,403.0,1894,131,No,Rustic,Museum Deaccession,3.49,5.54
Renaissance_Mary_202,Mary Paine,0.08,Renaissance,Marble,20.0,10.0,242733.0,1878,147,No,Polished,Inherited Estate,249.1,252.32
Renaissance_Kimiko_203,Kimiko Navarro,0.36,Renaissance,Bronze,9.0,,,1969,56,Yes,Intricate,Museum Deaccession,5.47,5.74
Renaissance_Tommy_204,Tommy Vargas,0.35,Renaissance,Marble,6.0,4.0,2091.0,2005,20,Yes,Polished,Museum Deaccession,6.28,9.62
Abstract_Michell_205,Michell Kaufman,0.82,Abstract,Aluminium,10.0,4.0,65.0,1851,174,No,Expressive,Gallery Exhibition,2.3,3.07
Contemporary_Adam_206,Adam Taylor,0.27,Contemporary,Clay,58.0,27.0,24675.0,1898,127,No,Elegant,Gallery Exhibition,50.76,56.86
Modern_Scott_207,Scott Bake,0.35,Modern,Stone,44.0,,7940489.0,1920,105,No,Intricate,Auctioned in London,10656.11,16980.47
Modern_Melvin_208,Melvin Edmunds,0.15,Modern,Aluminium,18.0,12.0,753.0,1960,65,Yes,Vibrant,Private Collection,3.5,4.41
Contemporary_Martha_209,Martha Moyer,0.37,Contemporary,Bronze,30.0,,25238.0,1874,151,No,Minimal,Gallery Exhibition,97.47,89.21
Baroque_Matthew_210,Matthew Anderson,0.12,Baroque,,23.0,6.0,128.0,1978,47,Yes,Polished,Gallery Exhibition,6.0,6.45
Baroque_Anne_211,Anne Nath,0.19,Baroque,Clay,7.0,4.0,105.0,1852,173,No,Polished,Auctioned in New York,3.29,4.56
Baroque_Carol_212,Carol Roberson,0.89,Baroque,Brass,50.0,11.0,97829.0,1899,126,No,Minimal,Museum Deaccession,773.89,1005.56
Baroque_Shonna_213,Shonna Johnson,0.43,Baroque,Clay,42.0,18.0,10374.0,1891,134,No,Minimal,Auctioned in New York,14.76,17.87
Minimalist_Sylvia_214,Sylvia Gentry,0.1,Minimalist,Aluminium,20.0,10.0,717.0,1994,31,Yes,Expressive,Museum Deaccession,4.28,5.93
Contemporary_Crystal_215,Crystal Jimenez,0.63,Contemporary,Brass,19.0,6.0,2240.0,1917,108,No,Minimal,Private Collection,8.08,10.21
Minimalist_Mary_216,Mary Hughes,0.26,Minimalist,Brass,15.0,8.0,4722.0,1900,125,No,Vibrant,Acquired from Artist,4.68,6.31
Contemporary_Jackie_217,Jackie Spain,0.16,Contemporary,Marble,9.0,4.0,,1908,117,No,Rustic,Acquired from Artist,10.75,10.81
Minimalist_Sterling_218,Sterling Gonzalez,0.58,Minimalist,Brass,3.0,2.0,36.0,1913,112,No,Expressive,Gallery Exhibition,3.84,4.39
Classical_David_219,David Day,,Classical,,10.0,4.0,5240.0,2016,9,Yes,Polished,Auctioned in New York,5.49,5.35
Classical_Scott_220,Scott Armstrong,0.54,Classical,Wood,10.0,4.0,71.0,1881,144,No,Vibrant,Gallery Exhibition,6.17,6.19
Minimalist_Dessie_221,Dessie Wade,,Minimalist,Marble,4.0,,,1942,83,No,Polished,Museum Deaccession,3.82,4.68
Baroque_Helen_222,Helen Coughlin,0.42,Baroque,Stone,42.0,9.0,2202536.0,1886,139,No,Elegant,Inherited Estate,6517.13,8910.21
Minimalist_Elizabeth_223,Elizabeth Mcdaniel,0.72,Minimalist,Clay,12.0,7.0,337.0,1888,137,No,Expressive,Museum Deaccession,5.74,6.28
Minimalist_Dorothy_224,Dorothy Suggs,0.46,Minimalist,Marble,40.0,,4835604.0,1968,57,Yes,Vibrant,Auctioned in London,24417.12,24069.16
Minimalist_James_225,James Cruz,0.3,Minimalist,Wood,,9.0,301.0,1850,175,No,Vibrant,Acquired from Artist,1.92,3.15
Minimalist_James_226,James Schulist,,Minimalist,Wood,22.0,13.0,715.0,2008,17,Yes,Expressive,Gallery Exhibition,2.02,3.06
Minimalist_Dorothy_227,Dorothy Degeorge,0.77,Minimalist,Wood,,,219.0,1861,164,No,Vibrant,Inherited Estate,2.77,3.28
Abstract_Shirley_228,Shirley Dupree,0.42,Abstract,Wood,20.0,9.0,331.0,1870,155,No,Minimal,Auctioned in London,5.15,5.96
Classical_Rebecca_229,Rebecca Gaters,0.42,Classical,Marble,20.0,8.0,54822.0,2005,20,Yes,Minimal,Museum Deaccession,47.35,47.39
Minimalist_Marilyn_230,Marilyn Palmer,0.0,Minimalist,Aluminium,6.0,4.0,79.0,1931,94,No,Polished,Gallery Exhibition,3.63,3.8
Baroque_Lisa_231,Lisa Tuttle,0.15,Baroque,Marble,46.0,19.0,3192344.0,1918,107,No,Elegant,Inherited Estate,2776.63,2802.14
Baroque_Brenda_232,Brenda Mancha,0.64,Baroque,Aluminium,42.0,24.0,6497.0,1987,38,Yes,Polished,Inherited Estate,26.92,25.95
Contemporary_Mildred_233,Mildred Johnston,0.6,Contemporary,Aluminium,15.0,7.0,329.0,2008,17,Yes,Elegant,Private Collection,3.81,5.1
Minimalist_Eric_234,Eric Lecky,0.09,Minimalist,Wood,,11.0,,1889,136,No,Elegant,Gallery Exhibition,5.44,6.06
Classical_Sarah_235,Sarah Vincent,0.68,Classical,Marble,23.0,17.0,252208.0,2013,12,Yes,Polished,Private Collection,1900.55,1904.42
Baroque_Courtney_236,Courtney Applin,0.41,Baroque,Stone,36.0,11.0,2000665.0,1875,150,No,Vibrant,Auctioned in New York,5736.66,8564.29
Abstract_Brian_237,Brian Harris,0.76,Abstract,Marble,24.0,12.0,403462.0,1944,81,No,Intricate,Acquired from Artist,1971.71,2227.26
Contemporary_Mark_238,Mark Williams,0.18,Contemporary,Bronze,11.0,8.0,2065.0,1906,119,No,Expressive,Auctioned in London,5.07,5.36
Modern_Joshua_239,Joshua Owens,0.24,Modern,Aluminium,28.0,11.0,896.0,1854,171,No,Expressive,Private Collection,3.58,3.83
Baroque_Betty_240,Betty Brown,0.07,Baroque,Clay,38.0,21.0,12953.0,1875,150,No,Intricate,Auctioned in New York,5.38,7.08
Modern_David_241,David Mcfadden,0.13,Modern,Bronze,9.0,5.0,,1890,135,No,Polished,Private Collection,4.04,4.3
Minimalist_Shirley_242,Shirley Jares,0.06,Minimalist,Stone,13.0,7.0,39956.0,1850,175,No,Vibrant,Inherited Estate,54.51,56.62
Classical_Maxine_243,Maxine Christopher,0.59,Classical,,7.0,5.0,120.0,1987,38,Yes,Minimal,Auctioned in New York,4.0,4.01
Baroque_Nancy_244,Nancy Stanton,0.4,Baroque,Marble,4.0,3.0,226.0,1939,86,No,Rustic,Private Collection,4.16,5.19
Modern_Maryjane_245,Maryjane Hudson,0.05,Modern,Wood,23.0,10.0,151.0,1972,53,Yes,Polished,Auctioned in London,4.96,6.26
Abstract_Dorothy_246,Dorothy Kubie,,Abstract,Stone,51.0,,23972911.0,1906,119,No,Rustic,Acquired from Artist,60580.54,68090.98
Modern_Irene_247,Irene Bruns,0.27,Modern,Bronze,17.0,7.0,,1948,77,No,Intricate,Gallery Exhibition,7.63,8.21
Contemporary_Thomas_248,Thomas Gritton,0.37,Contemporary,,9.0,,,1884,141,No,Intricate,Auctioned in London,2.99,4.41
Abstract_Harley_249,Harley Nelson,0.0,Abstract,Marble,31.0,16.0,1641621.0,2003,22,Yes,Polished,Auctioned in London,1209.47,1181.16
Abstract_Louie_250,Louie Womble,0.16,Abstract,Marble,20.0,7.0,26330.0,2000,25,Yes,Minimal,Acquired from Artist,39.21,45.1
Minimalist_Nancy_251,Nancy Dietzel,0.63,Minimalist,Brass,7.0,5.0,710.0,1931,94,No,Intricate,Inherited Estate,7.13,6.61
Contemporary_Edward_252,Edward Moreau,,Contemporary,Wood,13.0,,99.0,1893,132,No,Expressive,Auctioned in New York,4.15,5.01
Renaissance_David_253,David Hickling,0.1,Renaissance,Wood,18.0,15.0,,1905,120,No,Expressive,Museum Deaccession,5.17,6.43
Minimalist_Heather_254,Heather Price,0.58,Minimalist,Wood,,16.0,913.0,2014,11,Yes,Intricate,Gallery Exhibition,5.99,6.08
Contemporary_Allen_255,Allen Bradley,,Contemporary,Marble,,17.0,2427691.0,1962,63,Yes,Elegant,Gallery Exhibition,19032.36,17547.88
Baroque_Trey_256,Trey Manship,0.18,Baroque,Aluminium,17.0,6.0,643.0,1858,167,No,Expressive,Museum Deaccession,5.33,6.84
Modern_Tiffany_257,Tiffany Mercardo,0.22,Modern,Brass,11.0,6.0,619.0,1933,92,No,Intricate,Private Collection,3.98,3.63
Minimalist_Sara_258,Sara Edwards,0.01,Minimalist,Wood,28.0,10.0,591.0,1925,100,No,Rustic,Private Collection,4.85,5.57
Minimalist_Lee_259,Lee Young,0.65,Minimalist,Wood,14.0,8.0,163.0,1915,110,No,Minimal,Inherited Estate,2.7,3.14
Contemporary_Denise_260,Denise Freeman,0.33,Contemporary,Stone,31.0,9.0,898942.0,1914,111,No,Polished,Acquired from Artist,2814.87,2903.96
Classical_Evalyn_261,Evalyn Warner,,Classical,Marble,7.0,,4113.0,1992,33,Yes,Intricate,Acquired from Artist,18.63,20.84
Abstract_Rosemary_262,Rosemary Corn,0.44,Abstract,Aluminium,47.0,16.0,3829.0,1885,140,No,Vibrant,Auctioned in London,6.69,8.16
Baroque_David_263,David Hipple,,Baroque,Wood,16.0,8.0,258.0,2005,20,Yes,Expressive,Auctioned in New York,3.06,3.05
Baroque_Steven_264,Steven Thomas,0.62,Baroque,Brass,28.0,9.0,20185.0,1916,109,No,Vibrant,Auctioned in New York,19.62,25.68
Contemporary_Mary_265,Mary Martin,0.41,Contemporary,Wood,28.0,16.0,,1898,127,No,Intricate,Inherited Estate,2.44,3.13
Modern_Thelma_266,Thelma Provost,0.52,Modern,,9.0,5.0,441.0,2016,9,Yes,Rustic,Auctioned in New York,3.6,5.28
Modern_Clark_267,Clark Pagan,0.34,Modern,Bronze,29.0,19.0,51019.0,2010,15,Yes,Rustic,Auctioned in London,88.89,111.54
Modern_Donald_268,Donald Tarantino,0.9,Modern,Clay,38.0,22.0,22025.0,1951,74,Yes,Polished,Acquired from Artist,217.52,205.8
Contemporary_Denise_269,Denise Lamark,,Contemporary,Marble,36.0,23.0,1314125.0,1891,134,No,Intricate,Private Collection,1352.04,1368.62
Abstract_David_270,David Payne,0.28,Abstract,,7.0,4.0,113.0,1920,105,No,Vibrant,Private Collection,5.24,5.2
Minimalist_Shannon_271,Shannon Thompson,0.03,Minimalist,Brass,3.0,2.0,,1999,26,Yes,Expressive,Inherited Estate,3.91,5.96
Modern_Arthur_272,Arthur Villagomez,0.65,Modern,,6.0,5.0,4928.0,1882,143,No,Expressive,Acquired from Artist,25.08,31.52
Contemporary_Keith_273,Keith Olmstead,0.58,Contemporary,Brass,13.0,6.0,2933.0,1966,59,Yes,Elegant,Private Collection,6.46,6.02
Renaissance_James_274,James Berry,0.81,Renaissance,Wood,9.0,4.0,70.0,1897,128,No,Polished,Inherited Estate,4.88,6.37
Minimalist_Lois_275,Lois Sutherland,0.19,Minimalist,,23.0,6.0,7533.0,1936,89,No,Minimal,Private Collection,16.02,15.25
Modern_Duane_276,Duane Arroliga,0.22,Modern,Bronze,32.0,12.0,11192.0,1985,40,Yes,Intricate,Auctioned in New York,6.77,9.89
Contemporary_Guy_277,Guy Quiroz,0.82,Contemporary,Bronze,25.0,8.0,7384.0,1884,141,No,Polished,Auctioned in New York,14.54,21.68
Abstract_Maria_278,Maria Disney,0.49,Abstract,,32.0,19.0,30968.0,1921,104,No,Expressive,Gallery Exhibition,94.18,94.79
Contemporary_Juan_279,Juan Dabney,0.28,Contemporary,Stone,23.0,11.0,736707.0,1870,155,No,Intricate,Gallery Exhibition,307.67,475.61
Abstract_Thelma_280,Thelma Held,,Abstract,Marble,20.0,16.0,460784.0,2017,8,Yes,Intricate,Museum Deaccession,1697.73,2098.62
Renaissance_Janet_281,Janet Sager,0.08,Renaissance,Bronze,62.0,17.0,145936.0,2014,11,Yes,Rustic,Inherited Estate,104.27,139.18
Baroque_Mose_282,Mose Fuller,0.33,Baroque,Stone,8.0,4.0,2548.0,2010,15,Yes,Rustic,Gallery Exhibition,9.51,10.14
Minimalist_Audrey_283,Audrey Keene,0.39,Minimalist,Marble,15.0,6.0,30515.0,1855,170,No,Rustic,Museum Deaccession,25.78,37.73
Renaissance_Shirley_284,Shirley Stewart,0.54,Renaissance,Marble,33.0,16.0,1880789.0,2019,6,Yes,Vibrant,Acquired from Artist,6891.16,9728.85
Classical_Barbara_285,Barbara Wilson,0.12,Classical,Marble,19.0,7.0,109618.0,1854,171,No,Expressive,Gallery Exhibition,90.58,83.45
Classical_Maurice_286,Maurice Hilliard,0.49,Classical,Wood,5.0,,35.0,1916,109,No,Intricate,Private Collection,4.2,4.55
Renaissance_Lori_287,Lori Mcneill,,Renaissance,Aluminium,39.0,,717.0,1911,114,No,Intricate,Museum Deaccession,6.72,6.48
Minimalist_Bernice_288,Bernice Powell,,Minimalist,Stone,6.0,4.0,3513.0,1945,80,No,Expressive,Auctioned in London,11.16,11.23
Classical_Mary_289,Mary Wake,0.96,Classical,Wood,18.0,7.0,123.0,1931,94,No,Expressive,Gallery Exhibition,3.89,4.28
Classical_Robert_290,Robert Franks,0.72,Classical,Aluminium,11.0,7.0,277.0,1873,152,No,Polished,Acquired from Artist,3.61,5.07
Contemporary_Don_291,Don Webster,0.64,Contemporary,Stone,38.0,20.0,11196264.0,1960,65,Yes,Intricate,Inherited Estate,11704.31,16819.89
Contemporary_Ahmed_292,Ahmed Mitchell,0.02,Contemporary,Aluminium,36.0,19.0,5073.0,2019,6,Yes,Polished,Museum Deaccession,6.63,7.5
Modern_Richard_293,Richard Rogers,0.77,Modern,Brass,17.0,12.0,15355.0,1864,161,No,Polished,Acquired from Artist,66.47,70.87
Classical_Margaret_294,Margaret Roden,,Classical,Clay,33.0,,5995.0,1884,141,No,Polished,Auctioned in New York,9.62,13.32
Baroque_Dianne_295,Dianne Edgar,0.48,Baroque,Brass,24.0,,9384.0,1886,139,No,Intricate,Gallery Exhibition,46.14,48.9
Baroque_David_296,David Sokolsky,,Baroque,Wood,15.0,6.0,137.0,1984,41,Yes,Elegant,Museum Deaccession,4.52,5.78
Minimalist_Alberta_297,Alberta Rivera,0.61,Minimalist,,37.0,20.0,,1853,172,No,Minimal,Auctioned in New York,100.32,136.35
Contemporary_Larry_298,Larry Mcdonald,0.41,Contemporary,Stone,14.0,7.0,94548.0,1856,169,No,Minimal,Private Collection,297.94,448.0
Minimalist_James_299,James Richardt,0.5,Minimalist,Aluminium,,,398.0,1906,119,No,Expressive,Museum Deaccession,3.73,4.54
Contemporary_Lisa_300,Lisa Allen,0.79,Contemporary,Marble,5.0,4.0,1316.0,1913,112,No,Elegant,Acquired from Artist,4.28,6.89
Contemporary_Lenora_301,Lenora Gilkerson,0.41,Contemporary,Bronze,30.0,12.0,17246.0,1894,131,No,Polished,Museum Deaccession,5.65,8.11
Classical_Clara_302,Clara Weller,,Classical,,3.0,3.0,12.0,1962,63,Yes,Rustic,Inherited Estate,6.15,6.49
Renaissance_Helen_303,Helen Wynn,0.46,Renaissance,Stone,26.0,9.0,648821.0,1960,65,Yes,Expressive,Acquired from Artist,819.88,1047.38
Renaissance_Marvin_304,Marvin Wright,0.4,Renaissance,Clay,39.0,26.0,16388.0,2004,21,Yes,Intricate,Auctioned in New York,60.01,99.83
Classical_Christina_305,Christina Forrest,0.34,Classical,Aluminium,8.0,4.0,109.0,2016,9,Yes,Intricate,Auctioned in New York,2.21,3.59
Classical_Sandra_306,Sandra Bowman,0.31,Classical,Clay,11.0,,,1908,117,No,Minimal,Gallery Exhibition,2.73,3.95
Minimalist_Lawrence_307,Lawrence Soledad,0.16,Minimalist,Marble,34.0,7.0,243265.0,1875,150,No,Intricate,Auctioned in London,131.14,171.37
Modern_Andrea_308,Andrea Byrd,0.31,Modern,Brass,23.0,,18687.0,2015,10,Yes,Polished,Private Collection,40.23,41.35
Minimalist_Bert_309,Bert Ortega,,Minimalist,,36.0,18.0,5284901.0,2016,9,Yes,Vibrant,Gallery Exhibition,16827.19,17380.45
Contemporary_Patrick_310,Patrick Rivera,0.36,Contemporary,Wood,48.0,28.0,2975.0,1868,157,No,Elegant,Museum Deaccession,5.62,6.66
Minimalist_Concetta_311,Concetta Medina,0.27,Minimalist,,28.0,13.0,2223.0,1871,154,No,Minimal,Gallery Exhibition,5.35,6.03
Baroque_Johnny_312,Johnny Krings,0.79,Baroque,Brass,35.0,11.0,31917.0,1998,27,Yes,Elegant,Inherited Estate,148.28,145.44
Abstract_Leona_313,Leona Fong,0.46,Abstract,Marble,17.0,10.0,185865.0,1966,59,Yes,Intricate,Auctioned in New York,628.6,678.53
Contemporary_Juan_314,Juan Saska,0.41,Contemporary,Brass,61.0,,,1888,137,No,Rustic,Inherited Estate,400.49,404.27
Baroque_Dean_315,Dean Bento,0.22,Baroque,Aluminium,28.0,13.0,1690.0,2018,7,Yes,Minimal,Gallery Exhibition,4.54,4.3
Baroque_Laura_316,Laura Lonon,0.03,Baroque,Wood,7.0,4.0,46.0,1986,39,Yes,Rustic,Inherited Estate,3.36,3.73
Modern_Francisco_317,Francisco Epstein,0.91,Modern,Aluminium,21.0,11.0,814.0,2005,20,Yes,Expressive,Museum Deaccession,4.44,5.11
Baroque_Harvey_318,Harvey Jones,,Baroque,,30.0,10.0,646331.0,1889,136,No,Intricate,Acquired from Artist,3468.78,3765.51
Renaissance_Marlene_319,Marlene Winkle,0.79,Renaissance,Aluminium,4.0,3.0,40.0,1939,86,No,Intricate,Auctioned in London,3.93,4.89
Renaissance_Garnet_320,Garnet Ramsey,0.87,Renaissance,,5.0,3.0,144.0,1961,64,Yes,Vibrant,Gallery Exhibition,5.57,5.98
Contemporary_Melvin_321,Melvin Taylor,0.3,Contemporary,Clay,9.0,5.0,311.0,1963,62,Yes,Elegant,Auctioned in New York,6.45,6.87
Abstract_Elvira_322,Elvira Holland,0.92,Abstract,,,9.0,518773.0,1880,145,No,Elegant,Museum Deaccession,1195.91,1404.97
Classical_Elizabeth_323,Elizabeth Ross,0.1,Classical,Stone,37.0,,,1968,57,Yes,Minimal,Gallery Exhibition,7543.44,7976.46
Baroque_Cherish_324,Cherish Robinson,0.59,Baroque,Bronze,17.0,6.0,,1890,135,No,Intricate,Auctioned in New York,18.76,21.47
Minimalist_Daniel_325,Daniel Shoemake,0.5,Minimalist,Brass,18.0,6.0,5423.0,1967,58,Yes,Expressive,Auctioned in New York,43.7,42.62
Classical_Thomas_326,Thomas Vazquez,0.62,Classical,Stone,15.0,7.0,29259.0,1857,168,No,Polished,Auctioned in London,101.19,98.68
Minimalist_Orlando_327,Orlando Bergeron,0.96,Minimalist,Marble,28.0,11.0,437435.0,2004,21,Yes,Minimal,Auctioned in New York,935.99,864.8
Abstract_Alexander_328,Alexander Roland,0.04,Abstract,,42.0,15.0,4408968.0,1957,68,Yes,Vibrant,Inherited Estate,2011.15,3121.58
Minimalist_Robert_329,Robert Salvador,,Minimalist,Clay,33.0,,6297.0,1916,109,No,Elegant,Acquired from Artist,21.64,21.75
Abstract_Jane_330,Jane Burke,0.44,Abstract,Aluminium,23.0,8.0,819.0,2006,19,Yes,Elegant,Inherited Estate,4.68,5.64
Classical_Benjamin_331,Benjamin Young,0.72,Classical,Stone,9.0,5.0,6949.0,1900,125,No,Minimal,Museum Deaccession,52.48,57.9
Modern_David_332,David Delacruz,0.82,Modern,Aluminium,4.0,3.0,41.0,1935,90,No,Vibrant,Private Collection,3.61,4.54
Baroque_Kari_333,Kari Williams,0.53,Baroque,Wood,40.0,25.0,2288.0,1980,45,Yes,Vibrant,Auctioned in New York,4.82,5.84
Classical_Merle_334,Merle Jones,0.55,Classical,,3.0,2.0,5.0,1855,170,No,Minimal,Private Collection,6.64,6.19
Minimalist_Raymond_335,Raymond Macri,0.39,Minimalist,Bronze,36.0,10.0,6152.0,2020,5,Yes,Polished,Acquired from Artist,12.08,11.69
Contemporary_Maria_336,Maria Brescia,0.14,Contemporary,Marble,48.0,10.0,1269039.0,1917,108,No,Intricate,Private Collection,1732.78,1745.31
Baroque_Thomas_337,Thomas Olague,0.75,Baroque,Brass,16.0,8.0,7471.0,1986,39,Yes,Expressive,Private Collection,49.03,62.82
Classical_Mildred_338,Mildred Parr,0.45,Classical,Wood,10.0,5.0,58.0,1971,54,Yes,Polished,Museum Deaccession,4.28,6.55
Renaissance_Tracy_339,Tracy Wilham,,Renaissance,Aluminium,5.0,4.0,63.0,1926,99,No,Vibrant,Museum Deaccession,3.13,3.63
Modern_Matthew_340,Matthew Jaeger,0.39,Modern,Marble,32.0,13.0,731099.0,1873,152,No,Minimal,Private Collection,1485.57,1707.26
Renaissance_Verna_341,Verna Richardson,0.47,Renaissance,Aluminium,20.0,8.0,696.0,1938,87,No,Vibrant,Museum Deaccession,4.62,6.22
Modern_Richard_342,Richard Nunez,0.51,Modern,Clay,41.0,15.0,,1901,124,No,Elegant,Auctioned in New York,8.69,10.31
Contemporary_Kelly_343,Kelly Kelley,0.38,Contemporary,,34.0,11.0,1828191.0,1911,114,No,Elegant,Private Collection,2712.98,3961.16
Classical_Joseph_344,Joseph Jones,0.57,Classical,Aluminium,13.0,7.0,467.0,1897,128,No,Elegant,Auctioned in London,3.61,3.63
Contemporary_Jacob_345,Jacob Siebert,0.57,Contemporary,Bronze,17.0,7.0,3565.0,1932,93,No,Expressive,Gallery Exhibition,21.05,26.09
Renaissance_Leora_346,Leora Banks,0.39,Renaissance,Bronze,25.0,9.0,8020.0,1917,108,No,Minimal,Private Collection,4.95,5.07
Baroque_William_347,William Ligon,0.71,Baroque,Bronze,7.0,4.0,243.0,2007,18,Yes,Intricate,Auctioned in London,5.01,6.18
Modern_Mary_348,Mary Rombough,0.68,Modern,,42.0,33.0,150750.0,2014,11,Yes,Expressive,Private Collection,300.42,331.59
Classical_Jillian_349,Jillian Hicks,0.66,Classical,Stone,33.0,8.0,558197.0,1853,172,No,Vibrant,Private Collection,978.83,1139.14
Modern_Victor_350,Victor Ragle,0.9,Modern,Aluminium,13.0,7.0,198.0,1891,134,No,Elegant,Auctioned in London,3.46,5.05
Baroque_Thomas_351,Thomas Hall,0.3,Baroque,Marble,9.0,4.0,4983.0,1937,88,No,Intricate,Auctioned in London,20.15,19.74
Baroque_William_352,William Harrington,0.36,Baroque,Stone,30.0,8.0,246282.0,1861,164,No,Minimal,Auctioned in London,99.71,98.89
Contemporary_Jeremiah_353,Jeremiah Sickles,0.44,Contemporary,Stone,10.0,4.0,,1860,165,No,Vibrant,Private Collection,8.88,12.37
Classical_Lois_354,Lois Ashbrook,0.33,Classical,Bronze,16.0,,3563.0,1879,146,No,Minimal,Private Collection,5.54,8.48
Contemporary_Juan_355,Juan Mcconkey,0.96,Contemporary,Brass,28.0,19.0,62334.0,1912,113,No,Intricate,Museum Deaccession,655.54,820.24
Modern_Stephen_356,Stephen Fichter,0.52,Modern,Stone,32.0,12.0,1764910.0,1931,94,No,Elegant,Museum Deaccession,5855.58,5471.93
Baroque_Timothy_357,Timothy Braunstein,0.14,Baroque,Marble,5.0,4.0,1298.0,1916,109,No,Vibrant,Auctioned in London,2.86,3.82
Renaissance_Michael_358,Michael Dunnigan,0.22,Renaissance,Clay,22.0,13.0,2277.0,1909,116,No,Rustic,Acquired from Artist,6.76,7.12
Minimalist_Mary_359,Mary Bostwick,0.35,Minimalist,Bronze,14.0,6.0,2851.0,1923,102,No,Rustic,Private Collection,2.82,3.61
Modern_Pamela_360,Pamela Reynolds,0.18,Modern,Wood,15.0,,161.0,1965,60,Yes,Expressive,Museum Deaccession,3.29,3.89
Modern_Alice_361,Alice Guerriero,,Modern,Marble,18.0,10.0,144581.0,1896,129,No,Vibrant,Museum Deaccession,98.63,116.27
Baroque_Mary_362,Mary Clemens,,Baroque,Aluminium,30.0,7.0,,1858,167,No,Vibrant,Inherited Estate,5.71,6.07
Minimalist_Jennifer_363,Jennifer Spencer,0.22,Minimalist,Stone,15.0,8.0,151666.0,1895,130,No,Rustic,Private Collection,364.93,366.64
Renaissance_Mary_364,Mary White,0.32,Renaissance,Bronze,9.0,5.0,834.0,1866,159,No,Rustic,Inherited Estate,5.37,6.94
Baroque_Edna_365,Edna Glover,0.16,Baroque,Wood,22.0,16.0,484.0,2003,22,Yes,Minimal,Acquired from Artist,5.42,6.28
Renaissance_Ruby_366,Ruby Chitty,0.4,Renaissance,Bronze,12.0,6.0,858.0,1946,79,No,Expressive,Inherited Estate,3.7,4.99
Classical_James_367,James Owens,,Classical,,,20.0,12496971.0,1879,146,No,Elegant,Museum Deaccession,53705.9,63110.87
Baroque_Neil_368,Neil Scott,0.35,Baroque,,36.0,17.0,2932282.0,1899,126,No,Polished,Acquired from Artist,5355.75,7160.97
Abstract_Neal_369,Neal Davenport,0.08,Abstract,Stone,23.0,8.0,,1951,74,Yes,Vibrant,Auctioned in London,794.89,904.76
Abstract_Richard_370,Richard Rivera,0.59,Abstract,Stone,16.0,6.0,61911.0,1851,174,No,Expressive,Private Collection,179.79,193.0
Abstract_Joseph_371,Joseph Johnson,0.3,Abstract,Marble,30.0,16.0,1057097.0,1942,83,No,Polished,Museum Deaccession,4717.28,5106.21
Contemporary_Jason_372,Jason Flores,,Contemporary,,12.0,8.0,,1892,133,No,Polished,Acquired from Artist,3.98,6.28
Contemporary_Gene_373,Gene Buck,,Contemporary,,22.0,8.0,1562.0,2018,7,Yes,Intricate,Acquired from Artist,5.72,5.77
Abstract_Frank_374,Frank Walden,0.1,Abstract,Bronze,3.0,2.0,14.0,1874,151,No,Elegant,Inherited Estate,2.54,4.22
Minimalist_Scott_375,Scott Alexander,,Minimalist,Stone,19.0,8.0,203075.0,1892,133,No,Rustic,Gallery Exhibition,1053.75,1187.96
Minimalist_Clark_376,Clark Park,0.7,Minimalist,Marble,,11.0,,2017,8,Yes,Intricate,Auctioned in New York,998.47,990.74
Baroque_Roberta_377,Roberta Lowery,0.86,Baroque,Clay,18.0,11.0,1856.0,1884,141,No,Intricate,Auctioned in London,12.01,13.73
Contemporary_Rachel_378,Rachel Upshur,0.16,Contemporary,Aluminium,23.0,8.0,,1922,103,No,Rustic,Museum Deaccession,6.45,5.99
Abstract_Leonard_379,Leonard Holbrook,0.23,Abstract,Clay,8.0,4.0,195.0,1861,164,No,Polished,Museum Deaccession,4.1,5.89
Classical_Kimberly_380,Kimberly Martinez,0.05,Classical,Stone,7.0,4.0,4239.0,2013,12,Yes,Expressive,Private Collection,4.78,4.42
Classical_Frederick_381,Frederick Mouton,0.19,Classical,Bronze,23.0,7.0,5630.0,1993,32,Yes,Intricate,Museum Deaccession,6.6,7.36
Baroque_Daniel_382,Daniel Mutter,0.71,Baroque,Bronze,30.0,11.0,12261.0,1944,81,No,Polished,Private Collection,32.88,38.44
Modern_Rosanna_383,Rosanna Brown,0.74,Modern,Brass,15.0,6.0,1564.0,1947,78,No,Elegant,Museum Deaccession,10.26,9.59
Modern_Harry_384,Harry Mims,0.99,Modern,Aluminium,12.0,7.0,433.0,1935,90,No,Intricate,Gallery Exhibition,3.28,5.35
Classical_Mary_385,Mary Trinidad,0.31,Classical,Brass,,10.0,25336.0,1910,115,No,Intricate,Auctioned in London,49.81,58.33
Renaissance_Shalon_386,Shalon Johnson,0.34,Renaissance,,26.0,12.0,17758.0,1975,50,Yes,Minimal,Museum Deaccession,34.32,44.98
Contemporary_Rose_387,Rose Dupree,0.18,Contemporary,Wood,15.0,7.0,180.0,1919,106,No,Elegant,Inherited Estate,3.55,3.75
Renaissance_Melissa_388,Melissa Cabello,0.65,Renaissance,,17.0,6.0,,1972,53,Yes,Polished,Auctioned in London,2.21,3.35
Renaissance_Georgia_389,Georgia Weber,,Renaissance,Wood,20.0,11.0,335.0,1900,125,No,Vibrant,Gallery Exhibition,4.85,4.89
Minimalist_Delores_390,Delores Perkins,0.08,Minimalist,,44.0,23.0,,2018,7,Yes,Rustic,Auctioned in London,37.99,47.14
Abstract_Helen_391,Helen Deering,,Abstract,,13.0,7.0,3167.0,1945,80,No,Polished,Inherited Estate,4.62,6.35
Contemporary_Thomas_392,Thomas Devries,,Contemporary,,23.0,7.0,241.0,1966,59,Yes,Vibrant,Auctioned in London,3.16,3.95
Renaissance_Sandra_393,Sandra Macdonald,0.29,Renaissance,Clay,15.0,8.0,653.0,1866,159,No,Elegant,Auctioned in London,4.4,5.73
Minimalist_Joyce_394,Joyce White,0.73,Minimalist,Bronze,35.0,16.0,53094.0,1974,51,Yes,Rustic,Auctioned in New York,122.58,133.16
Baroque_James_395,James Nguyen,0.12,Baroque,Brass,15.0,6.0,1049.0,1940,85,No,Elegant,Gallery Exhibition,4.89,4.91
Contemporary_Sybil_396,Sybil Nguyen,0.56,Contemporary,Wood,21.0,9.0,382.0,1869,156,No,Rustic,Auctioned in New York,2.4,3.04
Contemporary_Brett_397,Brett Brooks,0.03,Contemporary,Aluminium,11.0,6.0,317.0,1888,137,No,Polished,Gallery Exhibition,3.26,4.31
Abstract_Mamie_398,Mamie Rasmussen,0.4,Abstract,Brass,18.0,10.0,9019.0,1897,128,No,Rustic,Inherited Estate,18.31,18.3
Abstract_Blair_399,Blair Hessler,0.38,Abstract,Brass,22.0,8.0,13013.0,1874,151,No,Minimal,Private Collection,34.76,34.49
Modern_Patrick_400,Patrick Moreno,0.1,Modern,Stone,14.0,6.0,29497.0,1998,27,Yes,Elegant,Inherited Estate,16.93,20.45
Baroque_Cheryl_401,Cheryl Romanik,0.73,Baroque,Bronze,24.0,13.0,18538.0,1965,60,Yes,Expressive,Inherited Estate,18.52,21.29
Renaissance_Mary_402,Mary Curd,0.05,Renaissance,Stone,31.0,10.0,1172970.0,2002,23,Yes,Intricate,Private Collection,854.42,852.79
Modern_Robert_403,Robert Deboard,0.75,Modern,Clay,18.0,14.0,1996.0,1881,144,No,Expressive,Acquired from Artist,11.41,13.05
Renaissance_Ramon_404,Ramon Tatum,0.68,Renaissance,Clay,6.0,5.0,142.0,1985,40,Yes,Elegant,Gallery Exhibition,4.85,6.46
Abstract_Loretta_405,Loretta Denn,0.58,Abstract,Marble,10.0,4.0,,1907,118,No,Polished,Auctioned in New York,4.11,5.79
Baroque_James_406,James Pralle,0.66,Baroque,Brass,8.0,5.0,731.0,1954,71,Yes,Polished,Private Collection,4.35,5.22
Minimalist_Margaret_407,Margaret Shoji,0.08,Minimalist,Stone,44.0,17.0,4583363.0,1862,163,No,Expressive,Auctioned in New York,7043.91,6873.24
Minimalist_Mary_408,Mary Larson,0.59,Minimalist,Brass,15.0,6.0,4605.0,1854,171,No,Minimal,Auctioned in London,10.6,11.09
Contemporary_Neil_409,Neil Ramon,,Contemporary,Bronze,4.0,4.0,56.0,1892,133,No,Rustic,Gallery Exhibition,4.64,6.84
Baroque_Robert_410,Robert Mosier,0.67,Baroque,Brass,10.0,5.0,1079.0,1911,114,No,Polished,Museum Deaccession,3.01,4.77
Minimalist_Marybeth_411,Marybeth Ober,0.53,Minimalist,Aluminium,24.0,12.0,1194.0,1980,45,Yes,Minimal,Auctioned in New York,4.53,6.9
Renaissance_Laurie_412,Laurie Dayton,0.5,Renaissance,Brass,42.0,18.0,101014.0,2000,25,Yes,Expressive,Gallery Exhibition,587.43,597.35
Contemporary_Sherri_413,Sherri Kirkpatrick,0.52,Contemporary,Marble,,20.0,3941101.0,1956,69,Yes,Minimal,Museum Deaccession,7539.27,11331.66
Abstract_Jeremy_414,Jeremy Bourgeois,,Abstract,Aluminium,29.0,13.0,3055.0,1946,79,No,Vibrant,Inherited Estate,4.13,5.7
Modern_Christina_415,Christina Vossen,0.62,Modern,Aluminium,24.0,11.0,1270.0,2019,6,Yes,Intricate,Inherited Estate,7.5,8.19
Modern_Winford_416,Winford Lane,0.92,Modern,,15.0,6.0,1585.0,1870,155,No,Polished,Private Collection,13.33,12.96
Baroque_Peggy_417,Peggy Gunn,0.07,Baroque,Bronze,4.0,3.0,86.0,1937,88,No,Minimal,Auctioned in New York,4.15,6.74
Modern_Pamela_418,Pamela Sloan,0.75,Modern,Clay,26.0,,2088.0,2009,16,Yes,Vibrant,Museum Deaccession,3.48,4.02
Classical_Desiree_419,Desiree Mclaren,0.36,Classical,Aluminium,15.0,7.0,438.0,1880,145,No,Intricate,Private Collection,5.17,5.52
Minimalist_Nicole_420,Nicole Martin,0.1,Minimalist,Stone,47.0,6.0,286454.0,1916,109,No,Elegant,Museum Deaccession,643.23,610.39
Renaissance_Elliott_421,Elliott Brown,0.08,Renaissance,,5.0,4.0,117.0,1884,141,No,Polished,Auctioned in London,3.31,3.67
Abstract_Charlotte_422,Charlotte Muller,0.01,Abstract,,12.0,7.0,146.0,1941,84,No,Rustic,Inherited Estate,4.22,6.65
Minimalist_Raymond_423,Raymond Contreras,,Minimalist,Marble,20.0,,41000.0,1936,89,No,Intricate,Gallery Exhibition,25.24,32.67
Classical_Chad_424,Chad Boyd,0.77,Classical,Aluminium,44.0,9.0,,1908,117,No,Elegant,Auctioned in London,13.54,17.7
Minimalist_Albert_425,Albert Martinez,0.4,Minimalist,Brass,19.0,10.0,14551.0,2008,17,Yes,Elegant,Acquired from Artist,20.97,19.49
Contemporary_Tess_426,Tess Davis,0.46,Contemporary,Marble,7.0,4.0,2106.0,1902,123,No,Expressive,Inherited Estate,4.57,4.45
Minimalist_Kristen_427,Kristen Stone,0.23,Minimalist,Marble,10.0,5.0,,1882,143,No,Elegant,Museum Deaccession,7.66,8.96
Renaissance_Crystal_428,Crystal Baisley,0.46,Renaissance,Bronze,38.0,17.0,37228.0,1934,91,No,Vibrant,Museum Deaccession,108.84,120.2
Modern_Jenna_429,Jenna Munoz,0.55,Modern,Marble,28.0,13.0,764933.0,1967,58,Yes,Intricate,Gallery Exhibition,757.39,1091.27
Classical_Debbie_430,Debbie Fleagle,0.02,Classical,Clay,15.0,8.0,923.0,1952,73,Yes,Expressive,Private Collection,5.83,6.72
Contemporary_Guy_431,Guy Wilkie,,Contemporary,Aluminium,27.0,13.0,,1888,137,No,Intricate,Private Collection,11.26,10.71
Modern_Kevin_432,Kevin Bond,0.9,Modern,Clay,9.0,4.0,137.0,1949,76,No,Intricate,Auctioned in London,4.1,4.2
Renaissance_Karla_433,Karla Clark,,Renaissance,Marble,33.0,23.0,1467936.0,1917,108,No,Polished,Inherited Estate,1039.29,1332.33
Renaissance_Heather_434,Heather Cygan,0.67,Renaissance,Brass,8.0,4.0,630.0,1870,155,No,Expressive,Auctioned in New York,3.04,3.84
Renaissance_Robyn_435,Robyn Eshom,0.31,Renaissance,Stone,28.0,12.0,432381.0,2012,13,Yes,Rustic,Auctioned in London,462.88,573.32
Minimalist_Albert_436,Albert Arriola,0.14,Minimalist,Brass,16.0,8.0,6441.0,1857,168,No,Rustic,Private Collection,11.66,12.71
Renaissance_Racheal_437,Racheal Bolenbaugh,,Renaissance,Wood,45.0,13.0,526.0,1853,172,No,Elegant,Acquired from Artist,4.1,4.57
Modern_John_438,John Hicks,0.04,Modern,Bronze,13.0,7.0,,1910,115,No,Rustic,Acquired from Artist,5.88,6.28
Contemporary_Pablo_439,Pablo Asakura,0.5,Contemporary,,19.0,7.0,,1997,28,Yes,Polished,Auctioned in London,106.25,117.9
Contemporary_Sean_440,Sean Bitner,0.46,Contemporary,Aluminium,21.0,8.0,733.0,1915,110,No,Rustic,Private Collection,5.32,5.91
Contemporary_James_441,James Richmond,0.99,Contemporary,Marble,5.0,5.0,1260.0,1860,165,No,Expressive,Auctioned in London,7.84,11.29
Modern_Toney_442,Toney Perez,0.13,Modern,Brass,29.0,9.0,18323.0,1977,48,Yes,Polished,Gallery Exhibition,10.3,14.34
Abstract_Charles_443,Charles Ferreira,0.86,Abstract,Marble,11.0,8.0,25776.0,2014,11,Yes,Intricate,Auctioned in London,177.47,237.58
Minimalist_Sharon_444,Sharon Mayes,0.11,Minimalist,Aluminium,51.0,26.0,8108.0,2003,22,Yes,Expressive,Auctioned in London,30.88,33.89
Minimalist_Vicki_445,Vicki Duncan,0.66,Minimalist,Clay,10.0,4.0,266.0,1951,74,Yes,Elegant,Museum Deaccession,2.46,3.77
Renaissance_Albert_446,Albert Drew,0.29,Renaissance,Aluminium,20.0,7.0,488.0,1929,96,No,Vibrant,Acquired from Artist,2.15,3.48
Contemporary_Edward_447,Edward Goodwin,0.2,Contemporary,Stone,26.0,11.0,719752.0,1878,147,No,Expressive,Museum Deaccession,1052.5,1395.1
Renaissance_Tammy_448,Tammy Lafave,0.5,Renaissance,Aluminium,33.0,15.0,2546.0,1853,172,No,Polished,Museum Deaccession,7.73,9.19
Renaissance_Norma_449,Norma Renteria,0.05,Renaissance,Brass,36.0,15.0,22082.0,1854,171,No,Minimal,Museum Deaccession,20.77,33.04
Abstract_Kathleen_450,Kathleen Brown,,Abstract,Bronze,11.0,6.0,446.0,1976,49,Yes,Expressive,Inherited Estate,2.18,3.13
Abstract_Cheryl_451,Cheryl Walker,0.1,Abstract,Marble,34.0,6.0,105883.0,1909,116,No,Minimal,Gallery Exhibition,82.98,86.91
Minimalist_Lucy_452,Lucy Bridges,0.61,Minimalist,Stone,,5.0,4022.0,1905,120,No,Minimal,Private Collection,20.63,28.44
Abstract_Valentin_453,Valentin Williams,0.77,Abstract,Clay,14.0,7.0,700.0,1880,145,No,Rustic,Auctioned in New York,4.61,4.7
Modern_Sean_454,Sean Aldrete,0.5,Modern,,24.0,12.0,12897.0,1868,157,No,Minimal,Private Collection,43.88,40.35
Abstract_James_455,James Sylvia,0.84,Abstract,,3.0,3.0,134.0,1932,93,No,Rustic,Acquired from Artist,5.03,5.25
Minimalist_Thomas_456,Thomas Stringer,,Minimalist,,27.0,9.0,1443.0,1912,113,No,Rustic,Acquired from Artist,4.27,5.99
Modern_Opal_457,Opal Perry,0.36,Modern,Brass,19.0,7.0,9069.0,1976,49,Yes,Vibrant,Museum Deaccession,8.46,13.44
Baroque_Olive_458,Olive Frederick,,Baroque,Brass,,5.0,1362.0,1864,161,No,Expressive,Acquired from Artist,3.13,3.54
Minimalist_Kelli_459,Kelli Cole,0.75,Minimalist,Clay,30.0,10.0,4802.0,1967,58,Yes,Expressive,Private Collection,4.5,6.04
Contemporary_Marion_460,Marion Fetterhoff,0.62,Contemporary,Brass,30.0,9.0,12378.0,1985,40,Yes,Minimal,Acquired from Artist,40.33,38.88
Abstract_Anne_461,Anne Julius,0.94,Abstract,Clay,17.0,6.0,671.0,1960,65,Yes,Polished,Auctioned in New York,3.63,3.51
Minimalist_Mildred_462,Mildred Gray,0.33,Minimalist,Bronze,15.0,8.0,2715.0,1905,120,No,Minimal,Auctioned in London,7.33,11.51
Modern_Dale_463,Dale Furrer,,Modern,,25.0,,,1997,28,Yes,Expressive,Inherited Estate,2141.15,2936.29
Minimalist_Jane_464,Jane Verduzco,0.27,Minimalist,Stone,7.0,5.0,8694.0,2017,8,Yes,Elegant,Inherited Estate,18.81,18.57
Contemporary_Monica_465,Monica Floyd,0.49,Contemporary,Marble,38.0,19.0,3772884.0,1907,118,No,Intricate,Inherited Estate,14688.49,23393.26
Classical_Silas_466,Silas Beatty,0.4,Classical,Clay,19.0,10.0,,1979,46,Yes,Rustic,Private Collection,2.11,3.04
Contemporary_Marion_467,Marion Fowler,0.72,Contemporary,Bronze,43.0,,,1892,133,No,Rustic,Museum Deaccession,356.45,567.65
Baroque_John_468,John Moody,,Baroque,Stone,26.0,15.0,1975988.0,1974,51,Yes,Rustic,Acquired from Artist,1203.65,1489.74
Baroque_Cecil_469,Cecil Perez,0.53,Baroque,Clay,14.0,8.0,1234.0,1975,50,Yes,Rustic,Inherited Estate,2.27,3.43
Baroque_Laronda_470,Laronda Kim,,Baroque,Aluminium,39.0,,3684.0,1911,114,No,Expressive,Inherited Estate,15.69,16.84
Minimalist_Raymond_471,Raymond Martin,0.63,Minimalist,Wood,5.0,4.0,26.0,1882,143,No,Rustic,Auctioned in New York,4.15,6.48
Contemporary_Marlon_472,Marlon Patel,0.02,Contemporary,Wood,7.0,4.0,34.0,1870,155,No,Expressive,Private Collection,2.2,3.34
Minimalist_Winston_473,Winston Devine,0.38,Minimalist,Bronze,14.0,8.0,3432.0,1997,28,Yes,Polished,Private Collection,14.44,15.57
Modern_Natalie_474,Natalie Oconnell,0.28,Modern,Brass,27.0,8.0,8880.0,2002,23,Yes,Polished,Auctioned in New York,32.69,32.83
Baroque_David_475,David Pierce,0.73,Baroque,Stone,42.0,23.0,17895571.0,1959,66,Yes,Elegant,Private Collection,10283.12,12640.32
Abstract_Donald_476,Donald Jones,0.42,Abstract,,19.0,7.0,514.0,2001,24,Yes,Intricate,Auctioned in New York,5.56,6.81
Classical_Delbert_477,Delbert Brown,0.26,Classical,Wood,45.0,15.0,1393.0,1995,30,Yes,Elegant,Museum Deaccession,3.01,3.21
Minimalist_Latrice_478,Latrice Guevarra,0.23,Minimalist,,,6.0,147030.0,1951,74,Yes,Expressive,Museum Deaccession,293.42,429.17
Abstract_Nicholas_479,Nicholas Morgan,0.95,Abstract,Stone,33.0,16.0,3392859.0,2006,19,Yes,Minimal,Museum Deaccession,18460.01,23198.8
Abstract_Robin_480,Robin Pruitt,0.19,Abstract,Stone,25.0,16.0,3136649.0,2001,24,Yes,Expressive,Auctioned in New York,1378.74,1702.78
Minimalist_Kendall_481,Kendall Bird,0.14,Minimalist,Clay,22.0,7.0,1085.0,1931,94,No,Expressive,Auctioned in New York,5.71,6.0
Renaissance_Heidi_482,Heidi Lee,,Renaissance,Bronze,9.0,5.0,751.0,1890,135,No,Expressive,Acquired from Artist,3.82,4.25
Contemporary_Kathryn_483,Kathryn Pearce,0.49,Contemporary,Marble,13.0,6.0,7270.0,2012,13,Yes,Expressive,Private Collection,18.25,19.17
Renaissance_James_484,James Thornton,0.81,Renaissance,Wood,29.0,8.0,209.0,1994,31,Yes,Rustic,Gallery Exhibition,5.18,6.11
Renaissance_Jeff_485,Jeff Smith,0.61,Renaissance,Aluminium,11.0,6.0,161.0,1884,141,No,Minimal,Acquired from Artist,4.37,4.74
Classical_Velma_486,Velma Snyder,0.64,Classical,,32.0,7.0,16948.0,2008,17,Yes,Intricate,Inherited Estate,35.81,53.63
Minimalist_Linda_487,Linda Alvarez,0.91,Minimalist,Stone,8.0,5.0,9517.0,1916,109,No,Rustic,Auctioned in New York,92.12,89.96
Modern_Lucille_488,Lucille Griffin,0.29,Modern,Marble,5.0,5.0,2382.0,1896,129,No,Minimal,Private Collection,4.83,5.54
Minimalist_Jeniffer_489,Jeniffer Williams,0.86,Minimalist,,28.0,9.0,129123.0,1960,65,Yes,Elegant,Acquired from Artist,534.77,847.64
Renaissance_George_490,George Harter,0.82,Renaissance,,9.0,4.0,,1910,115,No,Polished,Acquired from Artist,7.86,9.01
Baroque_Matthew_491,Matthew Yetter,0.08,Baroque,,32.0,17.0,838.0,1914,111,No,Vibrant,Private Collection,2.61,4.25
Modern_Kyle_492,Kyle Madeira,0.7,Modern,,19.0,,1929.0,1988,37,Yes,Minimal,Inherited Estate,6.95,6.65
Modern_Israel_493,Israel Smith,0.39,Modern,,33.0,,1651.0,1934,91,No,Intricate,Gallery Exhibition,5.97,6.88
Renaissance_Maria_494,Maria Miles,0.48,Renaissance,Clay,11.0,6.0,387.0,1895,130,No,Rustic,Auctioned in London,4.01,5.84
Renaissance_Cleo_495,Cleo Valle,0.25,Renaissance,,52.0,13.0,99331.0,1994,31,Yes,Elegant,Acquired from Artist,248.73,258.61
Minimalist_Dwayne_496,Dwayne Luthi,0.57,Minimalist,Bronze,21.0,9.0,4288.0,1968,57,Yes,Minimal,Museum Deaccession,21.04,20.26
Abstract_Rory_497,Rory Mallen,0.13,Abstract,Wood,36.0,23.0,981.0,1891,134,No,Minimal,Auctioned in London,5.6,6.62
Baroque_Denver_498,Denver Brunkhorst,0.2,Baroque,Brass,21.0,12.0,27227.0,1945,80,No,Elegant,Private Collection,18.12,19.98
Contemporary_Douglas_499,Douglas Dillard,0.74,Contemporary,Clay,17.0,6.0,1023.0,1963,62,Yes,Expressive,Auctioned in New York,3.02,3.69
Minimalist_Anthony_500,Anthony Flanagan,0.12,Minimalist,Clay,37.0,19.0,17431.0,1941,84,No,Vibrant,Private Collection,48.16,75.0
Abstract_James_501,James Chesson,0.88,Abstract,,8.0,4.0,,1853,172,No,Elegant,Museum Deaccession,3.66,6.02
Baroque_Wayne_502,Wayne Fancher,,Baroque,,9.0,4.0,4222.0,1854,171,No,Vibrant,Inherited Estate,14.96,20.26
Minimalist_Philip_503,Philip Jaimes,0.89,Minimalist,,10.0,4.0,43.0,1859,166,No,Expressive,Auctioned in New York,6.23,6.37
Abstract_Emily_504,Emily Simpson,0.51,Abstract,Clay,9.0,5.0,327.0,1887,138,No,Expressive,Museum Deaccession,2.72,3.28
Contemporary_Dominic_505,Dominic Barnett,0.73,Contemporary,,22.0,10.0,464792.0,1932,93,No,Vibrant,Auctioned in London,2577.19,2765.63
Renaissance_Sharon_506,Sharon Miller,0.57,Renaissance,Brass,31.0,16.0,63990.0,1955,70,Yes,Elegant,Acquired from Artist,237.11,219.6
Baroque_Lesley_507,Lesley Crate,0.14,Baroque,Wood,16.0,6.0,101.0,1941,84,No,Polished,Auctioned in London,6.86,6.32
Abstract_Hubert_508,Hubert Grant,,Abstract,Brass,10.0,5.0,1163.0,1943,82,No,Minimal,Acquired from Artist,3.98,5.72
Modern_Vernon_509,Vernon Castaneda,0.81,Modern,Brass,4.0,3.0,,1945,80,No,Intricate,Museum Deaccession,2.93,4.43
Modern_John_510,John Faye,0.29,Modern,Bronze,12.0,8.0,2264.0,1860,165,No,Intricate,Private Collection,4.13,5.08
Classical_Juanita_511,Juanita Priester,0.19,Classical,Marble,36.0,9.0,691453.0,1898,127,No,Rustic,Gallery Exhibition,996.16,1308.83
Contemporary_Melvin_512,Melvin Miller,0.82,Contemporary,Aluminium,,13.0,2935.0,2009,16,Yes,Polished,Auctioned in New York,10.99,10.4
Renaissance_Michael_513,Michael Connors,0.38,Renaissance,Clay,34.0,21.0,13800.0,1890,135,No,Intricate,Private Collection,27.53,27.66
Contemporary_Carrie_514,Carrie Du,0.32,Contemporary,Marble,19.0,14.0,206436.0,1908,117,No,Intricate,Private Collection,795.31,745.54
Baroque_Joseph_515,Joseph Desrosiers,,Baroque,Stone,18.0,10.0,185994.0,1994,31,Yes,Intricate,Acquired from Artist,332.6,446.02
Abstract_George_516,George Cox,0.27,Abstract,Aluminium,24.0,9.0,992.0,1873,152,No,Intricate,Acquired from Artist,3.77,3.94
Abstract_Theresa_517,Theresa White,,Abstract,Clay,32.0,16.0,,1916,109,No,Polished,Private Collection,20.52,21.21
Renaissance_Eileen_518,Eileen Eades,0.42,Renaissance,Clay,,7.0,889.0,1878,147,No,Rustic,Museum Deaccession,4.96,4.71
Classical_Barney_519,Barney Carter,0.74,Classical,Bronze,13.0,6.0,2304.0,1934,91,No,Intricate,Private Collection,9.91,10.05
Abstract_Douglas_520,Douglas Zaleski,0.7,Abstract,Aluminium,24.0,8.0,1373.0,1896,129,No,Polished,Auctioned in New York,5.64,5.41
Modern_Joseph_521,Joseph Madden,0.49,Modern,Stone,14.0,6.0,59415.0,1915,110,No,Vibrant,Auctioned in New York,91.1,88.13
Baroque_Terry_522,Terry Napoli,0.55,Baroque,Marble,30.0,15.0,1195439.0,1867,158,No,Intricate,Acquired from Artist,2381.45,2611.64
Modern_Christina_523,Christina Lowry,,Modern,Bronze,30.0,23.0,43271.0,1938,87,No,Minimal,Auctioned in New York,29.27,37.57
Renaissance_Albert_524,Albert Diaz,0.19,Renaissance,Marble,12.0,6.0,15091.0,2010,15,Yes,Rustic,Gallery Exhibition,10.06,10.94
Modern_Joanne_525,Joanne Henderson,0.35,Modern,Marble,14.0,8.0,18983.0,1959,66,Yes,Rustic,Auctioned in New York,69.99,81.02
Renaissance_Myrta_526,Myrta Gonzales,0.5,Renaissance,Wood,15.0,6.0,,1978,47,Yes,Minimal,Acquired from Artist,2.45,3.86
Abstract_Gabrielle_527,Gabrielle Marcus,0.81,Abstract,Aluminium,33.0,12.0,2138.0,1957,68,Yes,Elegant,Private Collection,2.2,3.65
Minimalist_Tina_528,Tina Stokes,0.54,Minimalist,Bronze,26.0,12.0,14026.0,1933,92,No,Vibrant,Private Collection,57.51,56.14
Renaissance_Leroy_529,Leroy Wilda,0.35,Renaissance,Bronze,40.0,9.0,24806.0,1969,56,Yes,Polished,Private Collection,70.99,99.99
Abstract_Amanda_530,Amanda Jackson,0.37,Abstract,Stone,12.0,6.0,38916.0,1887,138,No,Elegant,Inherited Estate,45.4,70.44
Classical_Joseph_531,Joseph Woody,0.52,Classical,Brass,15.0,8.0,5556.0,1984,41,Yes,Expressive,Inherited Estate,8.19,12.68
Modern_Lori_532,Lori Welty,0.55,Modern,Aluminium,17.0,,293.0,1967,58,Yes,Rustic,Inherited Estate,5.75,5.59
Classical_Janette_533,Janette Davis,0.38,Classical,Brass,29.0,19.0,51086.0,1931,94,No,Polished,Gallery Exhibition,258.25,235.36
Classical_Marie_534,Marie Gooding,0.12,Classical,Bronze,15.0,7.0,2051.0,1894,131,No,Expressive,Private Collection,3.58,3.74
Minimalist_Rodney_535,Rodney Kennedy,,Minimalist,,,7.0,30662.0,1898,127,No,Minimal,Gallery Exhibition,21.61,21.27
Minimalist_Clifford_536,Clifford Sandoval,0.22,Minimalist,Stone,18.0,,462939.0,1972,53,Yes,Vibrant,Inherited Estate,980.1,1068.01
Classical_Nancy_537,Nancy Romanick,0.13,Classical,Bronze,45.0,24.0,86188.0,1874,151,No,Vibrant,Auctioned in New York,59.27,62.17
Modern_Linda_538,Linda Camire,0.6,Modern,Wood,8.0,4.0,59.0,1869,156,No,Polished,Acquired from Artist,5.5,5.5
Contemporary_John_539,John Burch,0.32,Contemporary,Clay,34.0,21.0,9266.0,1939,86,No,Expressive,Inherited Estate,8.85,12.97
Modern_Robert_540,Robert Dessecker,0.71,Modern,Brass,17.0,7.0,6252.0,1977,48,Yes,Rustic,Auctioned in London,28.3,40.39
Baroque_Earl_541,Earl Fritz,0.36,Baroque,Brass,42.0,17.0,66743.0,1872,153,No,Elegant,Auctioned in New York,124.66,128.23
Abstract_Janice_542,Janice Rodriguez,0.8,Abstract,Stone,41.0,18.0,7131016.0,1905,120,No,Vibrant,Private Collection,22522.54,29508.07
Modern_Robert_543,Robert Hopkins,0.12,Modern,Aluminium,9.0,4.0,84.0,1890,135,No,Rustic,Inherited Estate,5.02,4.97
Classical_Michelle_544,Michelle Gutierrez,0.36,Classical,,13.0,7.0,2353.0,1863,162,No,Intricate,Private Collection,3.99,5.27
Contemporary_Pamella_545,Pamella Banks,0.93,Contemporary,Wood,31.0,16.0,396.0,1854,171,No,Vibrant,Acquired from Artist,5.3,5.2
Modern_Jason_546,Jason Torrey,0.04,Modern,Wood,20.0,16.0,589.0,2003,22,Yes,Rustic,Private Collection,5.02,4.77
Contemporary_Carolyn_547,Carolyn Bathke,0.82,Contemporary,Bronze,9.0,5.0,857.0,1919,106,No,Vibrant,Auctioned in London,6.66,6.28
Abstract_Maria_548,Maria Mccay,0.27,Abstract,Stone,8.0,5.0,12183.0,2014,11,Yes,Elegant,Auctioned in New York,22.63,25.65
Abstract_Kenneth_549,Kenneth Pullman,0.58,Abstract,Wood,3.0,3.0,,1966,59,Yes,Rustic,Inherited Estate,3.13,5.19
Contemporary_Marie_550,Marie Eldred,0.18,Contemporary,Clay,14.0,8.0,823.0,1914,111,No,Elegant,Inherited Estate,5.53,5.12
Contemporary_Thomas_551,Thomas Barbee,0.15,Contemporary,Marble,21.0,7.0,133898.0,1942,83,No,Vibrant,Private Collection,373.0,393.73
Renaissance_Jay_552,Jay Hilliard,0.51,Renaissance,,34.0,,819951.0,1980,45,Yes,Rustic,Museum Deaccession,2957.5,3547.58
Minimalist_David_553,David Taylor,,Minimalist,Bronze,23.0,,8084.0,1942,83,No,Rustic,Private Collection,28.98,27.19
Modern_Carl_554,Carl Frazier,0.06,Modern,Brass,12.0,7.0,2678.0,1993,32,Yes,Elegant,Private Collection,4.63,6.58
Abstract_Sandra_555,Sandra Lupien,0.34,Abstract,,,4.0,187.0,1904,121,No,Polished,Auctioned in New York,3.84,4.42
Modern_Alisa_556,Alisa Morrison,0.77,Modern,Wood,15.0,7.0,71.0,1854,171,No,Minimal,Auctioned in London,3.11,4.36
Abstract_Daniel_557,Daniel Courtney,0.14,Abstract,Wood,35.0,15.0,773.0,1957,68,Yes,Vibrant,Museum Deaccession,2.99,3.4
Abstract_Mary_558,Mary Blank,0.26,Abstract,Wood,27.0,16.0,357.0,1977,48,Yes,Polished,Auctioned in London,3.52,4.24
Minimalist_Orlando_559,Orlando Powell,0.87,Minimalist,Aluminium,11.0,6.0,,2007,18,Yes,Intricate,Inherited Estate,5.92,5.95
Renaissance_Sarah_560,Sarah Bobo,0.74,Renaissance,Wood,18.0,6.0,124.0,2015,10,Yes,Polished,Museum Deaccession,2.13,3.04
Renaissance_Eric_561,Eric Roy,0.67,Renaissance,,20.0,12.0,1060.0,1908,117,No,Polished,Museum Deaccession,5.47,5.77
Modern_Margaret_562,Margaret Clark,0.54,Modern,Aluminium,5.0,3.0,49.0,1982,43,Yes,Vibrant,Auctioned in London,4.58,5.11
Classical_Christie_563,Christie Hebert,,Classical,Clay,27.0,7.0,2195.0,1988,37,Yes,Expressive,Museum Deaccession,3.37,4.35
Renaissance_Charles_564,Charles Sosa,0.54,Renaissance,Marble,26.0,18.0,1828523.0,1861,164,No,Rustic,Acquired from Artist,4003.01,3658.05
Modern_Frances_565,Frances Chappell,0.25,Modern,Wood,40.0,16.0,763.0,1859,166,No,Elegant,Museum Deaccession,2.27,3.17
Contemporary_William_566,William Crawford,0.16,Contemporary,Clay,31.0,13.0,5501.0,1900,125,No,Rustic,Auctioned in New York,5.73,5.56
Baroque_Magda_567,Magda Long,0.64,Baroque,Aluminium,4.0,3.0,31.0,1874,151,No,Intricate,Auctioned in London,4.95,5.03
Modern_Johnna_568,Johnna Engle,0.69,Modern,Wood,6.0,5.0,18.0,2010,15,Yes,Rustic,Gallery Exhibition,5.07,4.63
Minimalist_Fredrick_569,Fredrick Gannett,0.21,Minimalist,,6.0,5.0,489.0,1992,33,Yes,Intricate,Auctioned in London,5.62,6.06
Minimalist_Latisha_570,Latisha Sanchez,0.3,Minimalist,Clay,19.0,7.0,829.0,1947,78,No,Rustic,Gallery Exhibition,4.65,5.99
Contemporary_Mary_571,Mary Aguilar,0.62,Contemporary,Marble,23.0,8.0,67915.0,1858,167,No,Vibrant,Acquired from Artist,343.25,318.45
Minimalist_Connie_572,Connie Killingsworth,0.79,Minimalist,Stone,,,,1864,161,No,Polished,Private Collection,15.65,20.7
Renaissance_Daniel_573,Daniel Daugherty,0.37,Renaissance,Clay,14.0,8.0,1246.0,1871,154,No,Minimal,Auctioned in New York,4.03,6.37
Abstract_Brent_574,Brent Elias,0.53,Abstract,Brass,,,5571.0,1870,155,No,Expressive,Gallery Exhibition,7.61,8.21
Modern_Emily_575,Emily Lindsey,0.65,Modern,Wood,14.0,8.0,126.0,1943,82,No,Elegant,Auctioned in New York,2.07,3.22
Abstract_Hilda_576,Hilda Tatel,0.49,Abstract,Stone,31.0,11.0,1429155.0,1959,66,Yes,Elegant,Auctioned in New York,1202.41,1566.65
Modern_Chad_577,Chad White,0.23,Modern,,17.0,8.0,309.0,1965,60,Yes,Elegant,Auctioned in London,5.88,5.52
Modern_Milton_578,Milton Paterson,0.16,Modern,Marble,,8.0,27670.0,1954,71,Yes,Vibrant,Acquired from Artist,61.43,72.98
Renaissance_Josephine_579,Josephine Wilkins,0.12,Renaissance,Marble,25.0,18.0,1232559.0,1970,55,Yes,Polished,Auctioned in London,756.38,906.29
Classical_Arthur_580,Arthur Thacker,0.32,Classical,Brass,36.0,7.0,27021.0,1986,39,Yes,Intricate,Inherited Estate,83.89,102.06
Modern_George_581,George Bates,0.45,Modern,Clay,3.0,2.0,13.0,1942,83,No,Elegant,Acquired from Artist,3.28,3.02
Contemporary_Naomi_582,Naomi Yanko,0.57,Contemporary,Bronze,20.0,7.0,1357.0,1886,139,No,Intricate,Gallery Exhibition,7.29,8.02
Minimalist_Kori_583,Kori Chacon,,Minimalist,Bronze,20.0,11.0,,2014,11,Yes,Expressive,Auctioned in London,7.64,11.05
Contemporary_Lon_584,Lon Massa,0.47,Contemporary,Marble,5.0,3.0,566.0,1904,121,No,Minimal,Auctioned in London,4.4,6.82
Classical_Dorothy_585,Dorothy Mattison,,Classical,Wood,5.0,4.0,41.0,1919,106,No,Minimal,Inherited Estate,6.71,6.26
Abstract_Latoya_586,Latoya Canty,0.84,Abstract,,35.0,11.0,1828.0,1863,162,No,Intricate,Private Collection,6.92,7.04
Minimalist_Mae_587,Mae Bedard,0.14,Minimalist,Bronze,,8.0,2496.0,1918,107,No,Rustic,Auctioned in New York,6.83,6.83
Baroque_Mary_588,Mary Walla,0.21,Baroque,Aluminium,27.0,8.0,687.0,1865,160,No,Intricate,Private Collection,4.03,3.85
Abstract_Emma_589,Emma Falcone,0.7,Abstract,Stone,14.0,7.0,74140.0,1881,144,No,Rustic,Auctioned in New York,95.17,153.25
Baroque_Maurice_590,Maurice Skeans,0.9,Baroque,,6.0,5.0,386.0,1995,30,Yes,Vibrant,Auctioned in London,7.15,6.57
Contemporary_Richard_591,Richard Williams,,Contemporary,,50.0,14.0,5878.0,1988,37,Yes,Intricate,Auctioned in London,28.9,31.13
Baroque_James_592,James Jares,0.26,Baroque,Stone,28.0,16.0,1626745.0,2009,16,Yes,Elegant,Museum Deaccession,4307.8,4480.78
Modern_Timothy_593,Timothy Barney,0.28,Modern,Aluminium,22.0,8.0,719.0,1889,136,No,Rustic,Museum Deaccession,4.97,5.06
Classical_Ruby_594,Ruby Legra,0.06,Classical,Wood,28.0,13.0,521.0,1883,142,No,Expressive,Museum Deaccession,2.68,3.64
Contemporary_Jerry_595,Jerry Perreault,0.48,Contemporary,,15.0,,,1857,168,No,Rustic,Museum Deaccession,5.39,5.18
Renaissance_Eddie_596,Eddie Brown,0.62,Renaissance,Stone,12.0,6.0,20660.0,1912,113,No,Vibrant,Gallery Exhibition,20.16,26.03
Minimalist_David_597,David Mitchell,0.64,Minimalist,Aluminium,29.0,10.0,1425.0,1951,74,Yes,Minimal,Auctioned in New York,6.79,6.78
Classical_Tara_598,Tara Wallace,0.48,Classical,Bronze,,27.0,191920.0,1968,57,Yes,Polished,Acquired from Artist,84.75,85.01
Abstract_Heidi_599,Heidi Smelcer,0.51,Abstract,Aluminium,29.0,9.0,846.0,1942,83,No,Polished,Auctioned in New York,2.74,4.39
Renaissance_Mary_600,Mary Lopez,0.18,Renaissance,Brass,30.0,15.0,57407.0,1998,27,Yes,Rustic,Acquired from Artist,22.61,27.93
Abstract_Suzanne_601,Suzanne Baker,0.67,Abstract,,5.0,3.0,379.0,1942,83,No,Minimal,Gallery Exhibition,2.88,3.98
Minimalist_Mark_602,Mark Herbert,0.66,Minimalist,Aluminium,4.0,4.0,51.0,1912,113,No,Expressive,Inherited Estate,4.13,4.19
Contemporary_Imelda_603,Imelda Cassin,0.36,Contemporary,Clay,20.0,,,1887,138,No,Rustic,Auctioned in New York,4.81,5.35
Minimalist_June_604,June Larez,0.87,Minimalist,Marble,,3.0,923.0,1949,76,No,Vibrant,Private Collection,6.03,5.5
Baroque_Paul_605,Paul Andrzejewski,,Baroque,Brass,27.0,9.0,,2000,25,Yes,Vibrant,Gallery Exhibition,9.85,15.37
Abstract_Thomas_606,Thomas Weiss,0.11,Abstract,Brass,20.0,10.0,6761.0,1851,174,No,Vibrant,Gallery Exhibition,6.85,7.46
Modern_Philip_607,Philip Walke,0.15,Modern,,8.0,,3844.0,1977,48,Yes,Elegant,Gallery Exhibition,3.53,4.96
Baroque_James_608,James Steffel,0.78,Baroque,Aluminium,9.0,5.0,165.0,1855,170,No,Vibrant,Auctioned in New York,2.26,3.08
Renaissance_Lyn_609,Lyn Maestas,0.61,Renaissance,Aluminium,25.0,6.0,686.0,1881,144,No,Rustic,Auctioned in London,5.7,6.29
Minimalist_Ernestine_610,Ernestine Taylor,,Minimalist,Wood,13.0,8.0,148.0,1935,90,No,Minimal,Acquired from Artist,3.44,4.46
Contemporary_Roy_611,Roy Kirkpatrick,0.22,Contemporary,Aluminium,23.0,16.0,2998.0,1996,29,Yes,Rustic,Inherited Estate,3.25,4.59
Modern_Sonya_612,Sonya Morris,0.81,Modern,Marble,10.0,4.0,3643.0,1968,57,Yes,Rustic,Acquired from Artist,6.94,11.46
Renaissance_William_613,William Linder,0.46,Renaissance,Stone,33.0,,,1911,114,No,Polished,Inherited Estate,594.22,580.5
Modern_Linda_614,Linda Brooks,0.19,Modern,Brass,41.0,13.0,21597.0,1890,135,No,Rustic,Auctioned in London,79.88,73.61
Minimalist_Albert_615,Albert Davis,0.01,Minimalist,Aluminium,29.0,7.0,1004.0,1878,147,No,Polished,Acquired from Artist,5.22,6.05
Classical_Melinda_616,Melinda Moldenhauer,0.07,Classical,Clay,20.0,9.0,1746.0,1887,138,No,Rustic,Private Collection,5.53,5.7
Modern_Herbert_617,Herbert Masters,0.0,Modern,Stone,6.0,4.0,4219.0,1930,95,No,Elegant,Acquired from Artist,4.16,6.35
Renaissance_Jimmy_618,Jimmy Thompson,,Renaissance,Bronze,13.0,6.0,1609.0,1997,28,Yes,Expressive,Acquired from Artist,4.26,5.31
Baroque_Margaret_619,Margaret James,0.02,Baroque,Bronze,38.0,9.0,18915.0,1929,96,No,Rustic,Inherited Estate,6.52,8.37
Contemporary_Jean_620,Jean Ryan,0.97,Contemporary,,9.0,4.0,4757.0,1875,150,No,Expressive,Acquired from Artist,19.87,28.48
Modern_Robert_621,Robert Stonestreet,0.34,Modern,Wood,38.0,19.0,1129.0,2016,9,Yes,Polished,Gallery Exhibition,6.29,6.41
Classical_Linda_622,Linda Curran,0.29,Classical,Stone,15.0,8.0,130583.0,1979,46,Yes,Minimal,Inherited Estate,238.2,328.07
Classical_Amanda_623,Amanda Ridge,0.38,Classical,Wood,14.0,6.0,139.0,1931,94,No,Elegant,Museum Deaccession,3.42,4.03
Classical_Eugene_624,Eugene Spritzer,,Classical,Brass,25.0,7.0,11914.0,2012,13,Yes,Vibrant,Inherited Estate,7.57,7.64
Baroque_Henry_625,Henry Samber,0.32,Baroque,Brass,24.0,8.0,8334.0,1909,116,No,Rustic,Gallery Exhibition,25.04,40.01
Contemporary_Charles_626,Charles Mariano,0.97,Contemporary,Aluminium,11.0,8.0,295.0,1857,168,No,Polished,Private Collection,5.86,5.41
Classical_Margaret_627,Margaret Salazar,0.14,Classical,Bronze,16.0,7.0,3995.0,1902,123,No,Rustic,Private Collection,9.54,9.32
Baroque_Leslie_628,Leslie Shortino,0.34,Baroque,Clay,,7.0,2059.0,1969,56,Yes,Rustic,Auctioned in London,5.38,6.64
Minimalist_Margaret_629,Margaret Murray,0.85,Minimalist,Clay,43.0,14.0,3800.0,2019,6,Yes,Polished,Museum Deaccession,23.18,32.14
Classical_Elizabeth_630,Elizabeth Buchanan,0.78,Classical,Brass,26.0,7.0,10936.0,1886,139,No,Expressive,Acquired from Artist,59.68,61.1
Renaissance_Charles_631,Charles Sanders,0.24,Renaissance,,15.0,,4343.0,1862,163,No,Rustic,Auctioned in New York,4.72,4.73
Minimalist_Houston_632,Houston Tatum,0.75,Minimalist,Stone,15.0,7.0,136282.0,2002,23,Yes,Vibrant,Acquired from Artist,1127.82,1250.31
Modern_Evette_633,Evette Rollins,0.16,Modern,Aluminium,32.0,7.0,1128.0,2002,23,Yes,Rustic,Private Collection,4.75,6.35
Abstract_Emma_634,Emma Noble,,Abstract,Stone,16.0,7.0,113926.0,1987,38,Yes,Intricate,Inherited Estate,437.16,418.77
Classical_Thomas_635,Thomas Moore,0.96,Classical,,,8.0,,1958,67,Yes,Vibrant,Private Collection,33.29,41.01
Modern_Christopher_636,Christopher Diego,0.3,Modern,Bronze,10.0,5.0,588.0,1907,118,No,Elegant,Acquired from Artist,5.2,6.39
Baroque_Naomi_637,Naomi Barber,0.27,Baroque,Bronze,33.0,15.0,44037.0,1996,29,Yes,Vibrant,Private Collection,17.33,17.21
Baroque_Kenneth_638,Kenneth Hinton,0.86,Baroque,Bronze,12.0,8.0,2148.0,1904,121,No,Elegant,Gallery Exhibition,6.88,7.68
Minimalist_Joel_639,Joel Gray,0.84,Minimalist,Brass,16.0,,,1854,171,No,Expressive,Auctioned in New York,12.03,15.67
Renaissance_Thelma_640,Thelma Kalb,0.87,Renaissance,Marble,16.0,6.0,28197.0,1852,173,No,Minimal,Gallery Exhibition,81.09,107.75
Minimalist_Tonya_641,Tonya Harrell,0.6,Minimalist,Wood,13.0,7.0,91.0,1900,125,No,Rustic,Inherited Estate,7.05,6.67
Minimalist_Richard_642,Richard Pizarro,0.05,Minimalist,Stone,21.0,9.0,303130.0,1873,152,No,Rustic,Gallery Exhibition,262.06,242.81
Classical_Barbara_643,Barbara Shell,0.37,Classical,Marble,18.0,7.0,94228.0,1864,161,No,Expressive,Museum Deaccession,114.01,116.03
Renaissance_Vivian_644,Vivian Cruise,0.5,Renaissance,Wood,11.0,6.0,104.0,1867,158,No,Vibrant,Acquired from Artist,4.22,5.79
Abstract_Clifford_645,Clifford Chabot,0.44,Abstract,Brass,13.0,8.0,6212.0,2002,23,Yes,Minimal,Auctioned in New York,17.57,26.81
Abstract_Michael_646,Michael Fields,0.01,Abstract,Clay,3.0,3.0,32.0,1921,104,No,Vibrant,Museum Deaccession,2.17,3.25
Renaissance_Venice_647,Venice Swisher,0.79,Renaissance,Wood,44.0,12.0,747.0,1873,152,No,Vibrant,Auctioned in New York,4.13,5.1
Baroque_Fred_648,Fred Braddy,0.52,Baroque,Aluminium,13.0,6.0,,1854,171,No,Elegant,Acquired from Artist,2.69,3.45
Classical_Christopher_649,Christopher Strong,0.67,Classical,Clay,14.0,6.0,849.0,1983,42,Yes,Minimal,Inherited Estate,5.51,5.34
Baroque_George_650,George Hartman,0.94,Baroque,Wood,5.0,5.0,62.0,1882,143,No,Elegant,Gallery Exhibition,5.55,6.17
Abstract_Vincent_651,Vincent Daves,0.64,Abstract,Brass,5.0,5.0,315.0,1964,61,Yes,Rustic,Museum Deaccession,5.6,5.74
Modern_Scott_652,Scott Mitchell,0.29,Modern,,,9.0,1382.0,1987,38,Yes,Elegant,Private Collection,3.89,4.98
Abstract_Marcia_653,Marcia Chevrette,0.74,Abstract,Marble,25.0,18.0,917520.0,1950,75,No,Polished,Private Collection,511.27,848.75
Modern_George_654,George Marcus,0.61,Modern,,14.0,7.0,3172.0,1886,139,No,Expressive,Inherited Estate,13.4,12.78
Abstract_George_655,George Thomas,0.45,Abstract,Bronze,24.0,6.0,,1922,103,No,Expressive,Acquired from Artist,10.01,10.85
Renaissance_Billie_656,Billie Aviles,0.33,Renaissance,Clay,,3.0,53.0,1989,36,Yes,Vibrant,Acquired from Artist,3.31,3.45
Classical_Jennie_657,Jennie Balderrama,0.14,Classical,,12.0,8.0,,1984,41,Yes,Polished,Museum Deaccession,3.48,3.54
Minimalist_Abel_658,Abel Cho,0.61,Minimalist,Clay,,5.0,186.0,2012,13,Yes,Minimal,Private Collection,3.25,4.47
Baroque_Gloria_659,Gloria Garvin,0.64,Baroque,,5.0,5.0,395.0,1961,64,Yes,Expressive,Acquired from Artist,5.3,5.12
Abstract_Elvira_660,Elvira Williams,0.59,Abstract,,4.0,3.0,62.0,1931,94,No,Polished,Museum Deaccession,4.09,4.63
Classical_Gaylene_661,Gaylene Brown,0.3,Classical,Marble,19.0,,36938.0,1981,44,Yes,Intricate,Gallery Exhibition,156.85,155.98
Classical_Matthew_662,Matthew Godbee,0.65,Classical,Brass,22.0,6.0,8737.0,1916,109,No,Intricate,Acquired from Artist,21.89,22.05
Contemporary_Shaneka_663,Shaneka Rogers,0.38,Contemporary,Clay,26.0,19.0,,1985,40,Yes,Intricate,Acquired from Artist,23.46,24.49
Minimalist_Anthony_664,Anthony Brown,0.59,Minimalist,Marble,26.0,6.0,133987.0,1910,115,No,Elegant,Acquired from Artist,443.59,409.78
Renaissance_Louise_665,Louise Hoch,0.55,Renaissance,,8.0,4.0,1237.0,1952,73,Yes,Polished,Museum Deaccession,5.17,6.13
Renaissance_Roberto_666,Roberto Freeman,,Renaissance,,27.0,7.0,254774.0,1955,70,Yes,Expressive,Auctioned in New York,933.66,909.81
Abstract_Maria_667,Maria Cyree,0.24,Abstract,Stone,19.0,6.0,170477.0,1886,139,No,Minimal,Acquired from Artist,365.78,529.95
Modern_Ann_668,Ann Garcia,,Modern,Wood,17.0,8.0,163.0,2016,9,Yes,Polished,Acquired from Artist,3.08,5.02
Contemporary_Robert_669,Robert Bobeck,0.35,Contemporary,Clay,25.0,9.0,1754.0,1875,150,No,Intricate,Auctioned in London,2.48,3.87
Minimalist_James_670,James Johnson,0.39,Minimalist,Marble,37.0,28.0,5081960.0,1915,110,No,Vibrant,Inherited Estate,25992.97,34431.89
Classical_Rebecca_671,Rebecca Crawford,0.23,Classical,,11.0,6.0,,1923,102,No,Vibrant,Auctioned in New York,2.98,4.06
Classical_Sarah_672,Sarah Brede,0.13,Classical,Brass,49.0,27.0,416789.0,1926,99,No,Elegant,Museum Deaccession,1798.13,1819.83
Minimalist_Nicole_673,Nicole Moya,0.64,Minimalist,Brass,,,50900.0,1936,89,No,Expressive,Gallery Exhibition,177.17,222.56
Minimalist_Cesar_674,Cesar Chandler,0.17,Minimalist,Brass,13.0,6.0,2860.0,1970,55,Yes,Rustic,Auctioned in New York,7.91,8.35
Modern_Barbara_675,Barbara Sheppard,0.93,Modern,Stone,19.0,6.0,117141.0,1854,171,No,Intricate,Auctioned in London,823.3,1123.45
Classical_Paul_676,Paul Oliver,0.11,Classical,Clay,10.0,4.0,299.0,1918,107,No,Rustic,Museum Deaccession,3.18,3.54
Minimalist_Mary_677,Mary Mojica,0.36,Minimalist,Marble,3.0,3.0,150.0,1906,119,No,Vibrant,Inherited Estate,4.66,4.34
Contemporary_Harold_678,Harold Debernardi,0.17,Contemporary,Brass,15.0,7.0,3832.0,1877,148,No,Vibrant,Gallery Exhibition,12.51,11.56
Contemporary_Timothy_679,Timothy Mclaughlin,0.45,Contemporary,,26.0,,1291994.0,1910,115,No,Vibrant,Auctioned in New York,2125.08,1989.44
Abstract_Opal_680,Opal Thompson,0.17,Abstract,Clay,9.0,4.0,158.0,1915,110,No,Minimal,Auctioned in London,6.6,6.05
Contemporary_Amy_681,Amy Bluma,0.72,Contemporary,Bronze,25.0,10.0,7795.0,1855,170,No,Rustic,Acquired from Artist,33.79,50.58
Renaissance_Charles_682,Charles Velazquez,0.21,Renaissance,,32.0,,1234.0,1897,128,No,Elegant,Auctioned in London,6.39,6.44
Abstract_Susan_683,Susan Pennick,0.38,Abstract,Brass,18.0,7.0,,1935,90,No,Rustic,Auctioned in New York,20.17,22.39
Classical_Craig_684,Craig Johnson,0.53,Classical,,7.0,5.0,361.0,1878,147,No,Expressive,Gallery Exhibition,3.91,4.41
Modern_Michelle_685,Michelle Schweitzer,0.8,Modern,Clay,3.0,2.0,22.0,1859,166,No,Expressive,Inherited Estate,3.09,5.07
Modern_Margaret_686,Margaret Hensley,0.14,Modern,Clay,61.0,44.0,61924.0,1906,119,No,Elegant,Auctioned in New York,65.06,102.17
Minimalist_Kristina_687,Kristina John,0.19,Minimalist,Stone,24.0,12.0,300983.0,1889,136,No,Elegant,Gallery Exhibition,707.67,680.16
Abstract_Theresa_688,Theresa Aliberti,0.99,Abstract,Marble,18.0,8.0,83184.0,1945,80,No,Intricate,Auctioned in London,329.46,414.43
Renaissance_Ricky_689,Ricky Fairman,,Renaissance,Wood,15.0,6.0,200.0,1973,52,Yes,Polished,Acquired from Artist,4.26,6.66
Baroque_Carolyn_690,Carolyn Dangerfield,0.12,Baroque,,54.0,33.0,2261.0,1956,69,Yes,Polished,Acquired from Artist,4.14,5.57
Classical_Lois_691,Lois Schwab,0.47,Classical,Bronze,20.0,6.0,2804.0,1927,98,No,Polished,Auctioned in New York,4.4,4.21
Abstract_Kathleen_692,Kathleen Vahey,0.34,Abstract,Marble,23.0,12.0,287758.0,1963,62,Yes,Vibrant,Museum Deaccession,206.37,192.37
Contemporary_Ella_693,Ella George,0.59,Contemporary,Brass,,4.0,119.0,1934,91,No,Intricate,Museum Deaccession,3.56,5.81
Modern_Edith_694,Edith Sou,0.46,Modern,Wood,21.0,8.0,202.0,1979,46,Yes,Rustic,Museum Deaccession,2.78,3.58
Renaissance_Antionette_695,Antionette Feinberg,0.02,Renaissance,Brass,16.0,6.0,2579.0,1988,37,Yes,Vibrant,Auctioned in New York,5.91,6.52
Abstract_Allene_696,Allene Phillips,0.41,Abstract,Wood,15.0,7.0,81.0,1900,125,No,Elegant,Auctioned in New York,2.94,3.91
Modern_Jill_697,Jill Alderman,0.02,Modern,Brass,20.0,6.0,4076.0,1961,64,Yes,Vibrant,Gallery Exhibition,4.09,5.77
Renaissance_Lacie_698,Lacie Robbins,0.78,Renaissance,Brass,25.0,20.0,30323.0,1939,86,No,Expressive,Private Collection,160.29,240.15
Minimalist_Susan_699,Susan Warden,0.57,Minimalist,Marble,31.0,6.0,115486.0,1889,136,No,Rustic,Auctioned in London,126.36,120.83
Minimalist_Neal_700,Neal Henderson,0.26,Minimalist,Brass,21.0,12.0,20096.0,2008,17,Yes,Minimal,Acquired from Artist,93.16,88.16
Renaissance_Eva_701,Eva Gingras,0.06,Renaissance,Stone,12.0,7.0,41853.0,1859,166,No,Elegant,Auctioned in New York,50.57,70.71
Classical_Jimmy_702,Jimmy Wilson,0.53,Classical,Brass,19.0,,8727.0,1872,153,No,Polished,Acquired from Artist,19.75,20.25
Modern_Amanda_703,Amanda Otto,0.28,Modern,Marble,5.0,5.0,1794.0,1993,32,Yes,Intricate,Museum Deaccession,4.12,4.12
Contemporary_Andre_704,Andre Baur,0.32,Contemporary,Marble,11.0,6.0,16037.0,1990,35,Yes,Intricate,Inherited Estate,58.73,68.27
Minimalist_Jonathan_705,Jonathan Evener,0.95,Minimalist,Marble,20.0,6.0,76862.0,1921,104,No,Vibrant,Auctioned in London,253.89,281.39
Classical_Eddie_706,Eddie Hall,0.79,Classical,Stone,18.0,15.0,925577.0,1968,57,Yes,Rustic,Private Collection,6391.22,6009.33
Baroque_Gladys_707,Gladys Currie,0.58,Baroque,Clay,,4.0,36.0,1977,48,Yes,Vibrant,Auctioned in London,6.6,6.41
Abstract_Sharyl_708,Sharyl Michael,0.55,Abstract,Aluminium,12.0,7.0,369.0,1955,70,Yes,Polished,Inherited Estate,5.51,5.67
Baroque_Nancy_709,Nancy Lopez,,Baroque,Clay,10.0,,110.0,1937,88,No,Elegant,Acquired from Artist,4.3,6.02
Baroque_Roxanne_710,Roxanne Sipe,0.15,Baroque,Aluminium,31.0,13.0,,1868,157,No,Vibrant,Gallery Exhibition,3.92,4.26
Classical_Inez_711,Inez Dickey,0.58,Classical,Aluminium,7.0,5.0,119.0,1886,139,No,Polished,Auctioned in New York,4.98,5.78
Contemporary_Wanda_712,Wanda Lewis,0.28,Contemporary,,17.0,6.0,3664.0,1903,122,No,Vibrant,Inherited Estate,6.31,8.48
Abstract_Gwendolyn_713,Gwendolyn Rucker,0.1,Abstract,Stone,31.0,20.0,5936850.0,1923,102,No,Intricate,Inherited Estate,4718.25,4344.51
Modern_Ronald_714,Ronald Blackburn,0.9,Modern,Aluminium,,12.0,898.0,1992,33,Yes,Rustic,Private Collection,5.36,5.34
Modern_Lisa_715,Lisa Earles,0.29,Modern,Clay,4.0,4.0,94.0,1995,30,Yes,Elegant,Gallery Exhibition,5.76,6.43
Contemporary_Steve_716,Steve Vasquez,0.9,Contemporary,Wood,28.0,14.0,246.0,1882,143,No,Elegant,Acquired from Artist,2.56,3.11
Minimalist_Brenda_717,Brenda Medina,0.93,Minimalist,Wood,32.0,,744.0,1921,104,No,Expressive,Museum Deaccession,4.82,5.26
Abstract_Karen_718,Karen Himes,0.17,Abstract,Aluminium,32.0,10.0,1194.0,1977,48,Yes,Minimal,Museum Deaccession,4.39,5.32
Minimalist_Hugo_719,Hugo Bice,0.4,Minimalist,,22.0,8.0,180.0,1886,139,No,Elegant,Acquired from Artist,5.32,5.27
Minimalist_Lauren_720,Lauren Mckenzie,,Minimalist,,18.0,8.0,7101.0,1882,143,No,Polished,Gallery Exhibition,6.27,8.75
Minimalist_Jenna_721,Jenna Petrulis,0.23,Minimalist,Stone,,11.0,169076.0,1957,68,Yes,Expressive,Auctioned in New York,270.45,323.18
Classical_Maria_722,Maria Vaughn,0.59,Classical,Wood,24.0,11.0,285.0,1972,53,Yes,Polished,Private Collection,3.14,5.02
Classical_Kathy_723,Kathy Shirah,0.17,Classical,Wood,20.0,8.0,,1904,121,No,Intricate,Acquired from Artist,5.69,5.24
Renaissance_James_724,James Kenny,0.18,Renaissance,Brass,11.0,7.0,1633.0,1972,53,Yes,Vibrant,Museum Deaccession,3.61,4.36
Modern_Anna_725,Anna Alonso,0.31,Modern,Bronze,28.0,12.0,9309.0,2019,6,Yes,Intricate,Private Collection,26.08,33.12
Minimalist_Byron_726,Byron Bosak,0.39,Minimalist,Wood,52.0,26.0,1764.0,1870,155,No,Elegant,Auctioned in London,5.03,5.36
Renaissance_Manuel_727,Manuel Canady,0.85,Renaissance,,,11.0,22280.0,2000,25,Yes,Minimal,Gallery Exhibition,131.72,119.8
Renaissance_Corina_728,Corina Sthilaire,,Renaissance,Brass,6.0,4.0,476.0,1958,67,Yes,Intricate,Auctioned in London,4.06,6.05
Baroque_Eugenia_729,Eugenia Whitt,0.57,Baroque,Aluminium,41.0,17.0,3257.0,1883,142,No,Polished,Auctioned in New York,17.48,24.82
Contemporary_Lori_730,Lori Fletcher,0.59,Contemporary,,22.0,10.0,16734.0,2004,21,Yes,Polished,Acquired from Artist,57.9,62.69
Baroque_Christine_731,Christine Narro,0.64,Baroque,,,5.0,42.0,1922,103,No,Expressive,Acquired from Artist,6.5,6.53
Classical_William_732,William James,0.43,Classical,Marble,18.0,8.0,70423.0,2002,23,Yes,Rustic,Acquired from Artist,393.68,434.44
Renaissance_Claire_733,Claire Bailey,0.22,Renaissance,,31.0,8.0,244498.0,1894,131,No,Elegant,Museum Deaccession,386.21,440.63
Abstract_Raul_734,Raul Akers,0.56,Abstract,Bronze,8.0,4.0,530.0,1978,47,Yes,Minimal,Inherited Estate,5.05,4.65
Classical_Thomas_735,Thomas Ramirez,0.43,Classical,Stone,47.0,10.0,2175877.0,1880,145,No,Minimal,Auctioned in New York,12460.2,12484.53
Abstract_William_736,William Nordenstrom,0.45,Abstract,Marble,38.0,,1760373.0,2013,12,Yes,Rustic,Gallery Exhibition,1044.86,1014.52
Modern_Ernesto_737,Ernesto Ward,0.77,Modern,Brass,23.0,8.0,9369.0,1935,90,No,Vibrant,Gallery Exhibition,39.52,37.66
Minimalist_Vincent_738,Vincent Melgar,,Minimalist,,10.0,,765.0,1960,65,Yes,Polished,Auctioned in New York,3.33,4.07
Contemporary_Rodney_739,Rodney Clark,0.09,Contemporary,Wood,26.0,11.0,440.0,1948,77,No,Intricate,Auctioned in London,4.8,4.39
Classical_John_740,John Billups,0.82,Classical,Aluminium,29.0,8.0,1316.0,1952,73,Yes,Minimal,Museum Deaccession,6.13,5.62
Minimalist_Philip_741,Philip Hager,0.17,Minimalist,Brass,21.0,8.0,8134.0,1904,121,No,Elegant,Inherited Estate,12.64,18.15
Classical_Angel_742,Angel Gottlieb,0.34,Classical,Brass,15.0,,3401.0,2007,18,Yes,Vibrant,Acquired from Artist,14.78,17.3
Modern_Theresa_743,Theresa Berg,0.59,Modern,Brass,19.0,8.0,12241.0,1984,41,Yes,Rustic,Private Collection,56.14,57.11
Renaissance_Lorraine_744,Lorraine Borg,0.52,Renaissance,Clay,32.0,21.0,9316.0,1867,158,No,Minimal,Gallery Exhibition,42.68,54.46
Minimalist_Morgan_745,Morgan Semons,0.44,Minimalist,Marble,20.0,7.0,111978.0,1961,64,Yes,Polished,Private Collection,695.24,678.19
Modern_Ignacio_746,Ignacio Jordan,0.96,Modern,Marble,13.0,6.0,19451.0,1879,146,No,Vibrant,Auctioned in London,108.99,112.56
Baroque_Jill_747,Jill Corcoran,0.97,Baroque,Wood,34.0,16.0,511.0,1912,113,No,Expressive,Gallery Exhibition,6.32,6.03
Classical_Timothy_748,Timothy Larue,0.75,Classical,Stone,19.0,6.0,63088.0,1978,47,Yes,Elegant,Acquired from Artist,215.84,225.49
Renaissance_Annette_749,Annette Yamashita,0.38,Renaissance,Brass,23.0,10.0,15641.0,1871,154,No,Vibrant,Acquired from Artist,12.83,17.68
Classical_Stephanie_750,Stephanie Jones,0.15,Classical,Stone,12.0,8.0,60867.0,1862,163,No,Minimal,Private Collection,119.34,176.45
Modern_Ella_751,Ella Reed,0.42,Modern,Aluminium,26.0,,1152.0,1916,109,No,Rustic,Private Collection,3.71,5.64
Classical_Betty_752,Betty Cardenas,0.95,Classical,Brass,25.0,14.0,40827.0,2004,21,Yes,Polished,Gallery Exhibition,78.73,76.54
Modern_Beverly_753,Beverly Daly,0.49,Modern,Brass,41.0,,38534.0,1850,175,No,Expressive,Gallery Exhibition,145.6,191.77
Contemporary_Christopher_754,Christopher Zager,,Contemporary,,28.0,8.0,264522.0,1938,87,No,Minimal,Gallery Exhibition,1262.02,1238.32
Renaissance_Charles_755,Charles Carpenter,0.38,Renaissance,Marble,14.0,7.0,37717.0,1943,82,No,Expressive,Auctioned in London,60.85,93.22
Renaissance_Jackie_756,Jackie Caswell,0.2,Renaissance,Brass,30.0,10.0,17086.0,2006,19,Yes,Vibrant,Private Collection,8.82,12.18
Classical_Sherry_757,Sherry Bradley,0.91,Classical,Wood,39.0,12.0,463.0,2013,12,Yes,Elegant,Museum Deaccession,3.75,5.54
Classical_Lois_758,Lois Rios,0.47,Classical,Clay,15.0,8.0,802.0,1940,85,No,Expressive,Auctioned in New York,3.34,5.15
Minimalist_James_759,James Amick,0.39,Minimalist,Wood,3.0,2.0,11.0,1858,167,No,Vibrant,Inherited Estate,4.24,4.17
Modern_Lynn_760,Lynn Hinderman,0.32,Modern,Wood,,13.0,695.0,1999,26,Yes,Elegant,Auctioned in New York,4.76,5.5
Minimalist_Bert_761,Bert Sexton,0.59,Minimalist,,34.0,20.0,55998.0,1949,76,No,Elegant,Auctioned in New York,197.67,200.25
Modern_Frank_762,Frank Lopez,0.4,Modern,Marble,17.0,6.0,47125.0,1905,120,No,Intricate,Auctioned in London,83.09,94.9
Renaissance_Adam_763,Adam Bach,0.86,Renaissance,,18.0,6.0,,1938,87,No,Expressive,Private Collection,2.69,4.38
Contemporary_Nicole_764,Nicole Oneil,0.49,Contemporary,Aluminium,15.0,8.0,340.0,1980,45,Yes,Vibrant,Auctioned in New York,3.28,3.02
Contemporary_Ryan_765,Ryan Murray,0.8,Contemporary,,42.0,29.0,10477.0,2001,24,Yes,Polished,Private Collection,63.01,89.28
Contemporary_Juan_766,Juan Carlin,0.82,Contemporary,Wood,28.0,15.0,376.0,2007,18,Yes,Polished,Private Collection,4.34,6.88
Renaissance_Dennis_767,Dennis Lawver,0.46,Renaissance,Brass,24.0,11.0,16355.0,1981,44,Yes,Intricate,Auctioned in New York,8.05,11.21
Renaissance_Emory_768,Emory Pearson,,Renaissance,Stone,7.0,4.0,5065.0,1992,33,Yes,Minimal,Acquired from Artist,13.12,20.5
Minimalist_Myrna_769,Myrna Slatton,0.72,Minimalist,Marble,26.0,15.0,920256.0,1928,97,No,Expressive,Auctioned in London,3022.64,2768.89
Abstract_William_770,William Steiner,,Abstract,,19.0,6.0,,1865,160,No,Expressive,Inherited Estate,365.24,419.71
Baroque_Gerald_771,Gerald Pollard,0.09,Baroque,Marble,34.0,21.0,2572044.0,1942,83,No,Minimal,Private Collection,4178.38,3876.07
Baroque_Ruth_772,Ruth Slocum,,Baroque,Bronze,14.0,,,1953,72,Yes,Polished,Auctioned in New York,7.06,9.34
Baroque_Christian_773,Christian Mancha,0.04,Baroque,Wood,30.0,9.0,369.0,2005,20,Yes,Intricate,Museum Deaccession,5.28,5.6
Baroque_Diane_774,Diane Wallander,0.1,Baroque,Stone,17.0,9.0,,1858,167,No,Elegant,Museum Deaccession,167.8,176.41
Renaissance_Bertha_775,Bertha Duby,0.56,Renaissance,Aluminium,20.0,10.0,672.0,1865,160,No,Rustic,Private Collection,7.38,6.74
Modern_Duane_776,Duane Jung,0.01,Modern,Marble,8.0,5.0,2944.0,1976,49,Yes,Elegant,Private Collection,4.39,4.81
Contemporary_David_777,David Henderson,0.12,Contemporary,,9.0,5.0,11009.0,1871,154,No,Elegant,Inherited Estate,9.28,9.79
Abstract_Noelia_778,Noelia Kelly,0.7,Abstract,,26.0,12.0,4091.0,1959,66,Yes,Intricate,Gallery Exhibition,17.74,20.65
Renaissance_Daniel_779,Daniel Seager,0.58,Renaissance,Brass,23.0,,12552.0,1907,118,No,Minimal,Private Collection,47.23,71.1
Minimalist_Sheryl_780,Sheryl Fruge,0.57,Minimalist,Aluminium,33.0,10.0,916.0,1889,136,No,Elegant,Auctioned in New York,4.28,6.43
Minimalist_Richard_781,Richard Ellwanger,,Minimalist,Stone,14.0,7.0,54449.0,1855,170,No,Rustic,Acquired from Artist,30.86,35.89
Contemporary_Jimmy_782,Jimmy Rogers,0.09,Contemporary,Marble,25.0,8.0,173137.0,1917,108,No,Intricate,Auctioned in London,448.65,455.3
Baroque_William_783,William Garnett,0.72,Baroque,Bronze,17.0,10.0,5617.0,1866,159,No,Minimal,Inherited Estate,39.83,53.63
Modern_Alexander_784,Alexander Belanger,0.07,Modern,,21.0,8.0,70606.0,1881,144,No,Vibrant,Acquired from Artist,79.69,91.6
Contemporary_Lynette_785,Lynette Polston,0.54,Contemporary,Wood,15.0,6.0,161.0,1998,27,Yes,Rustic,Auctioned in London,5.61,6.08
Minimalist_Dian_786,Dian Casto,0.33,Minimalist,,14.0,7.0,920.0,1979,46,Yes,Polished,Museum Deaccession,3.72,4.08
Classical_Sergio_787,Sergio Rodriguez,0.11,Classical,Bronze,8.0,5.0,722.0,2007,18,Yes,Polished,Museum Deaccession,6.52,6.19
Classical_Alan_788,Alan Widell,0.13,Classical,Aluminium,25.0,15.0,1895.0,1866,159,No,Rustic,Private Collection,4.93,7.23
Contemporary_Marcellus_789,Marcellus Enright,,Contemporary,Bronze,19.0,7.0,2320.0,1946,79,No,Polished,Inherited Estate,2.39,3.51
Contemporary_Joshua_790,Joshua Miller,,Contemporary,Clay,3.0,,,1877,148,No,Elegant,Gallery Exhibition,5.01,5.48
Abstract_Scott_791,Scott Hightower,0.77,Abstract,Clay,20.0,10.0,806.0,1939,86,No,Elegant,Inherited Estate,4.89,6.39
Renaissance_Connie_792,Connie Mowry,0.65,Renaissance,Marble,24.0,12.0,422038.0,2006,19,Yes,Rustic,Acquired from Artist,437.34,493.17
Baroque_Joanne_793,Joanne Mount,,Baroque,,34.0,,1837.0,1998,27,Yes,Polished,Auctioned in London,4.25,4.65
Modern_Reggie_794,Reggie Mcnutt,0.01,Modern,Aluminium,23.0,6.0,454.0,1937,88,No,Rustic,Private Collection,3.2,3.62
Modern_Christine_795,Christine Hargrove,0.78,Modern,Stone,18.0,9.0,240539.0,1853,172,No,Rustic,Museum Deaccession,1230.38,1275.06
Abstract_Charles_796,Charles Jones,0.48,Abstract,Brass,29.0,13.0,31962.0,1873,152,No,Elegant,Inherited Estate,57.14,65.49
Baroque_Joann_797,Joann Jones,0.95,Baroque,Aluminium,,7.0,402.0,1918,107,No,Intricate,Private Collection,2.98,3.42
Classical_Margaret_798,Margaret Carroll,,Classical,Clay,3.0,2.0,6.0,1951,74,Yes,Elegant,Museum Deaccession,4.69,6.58
Modern_Mary_799,Mary Smith,,Modern,Marble,35.0,,1633170.0,1972,53,Yes,Minimal,Gallery Exhibition,4357.39,5957.71
Classical_Thomas_800,Thomas Wray,0.29,Classical,Stone,18.0,7.0,99153.0,1870,155,No,Elegant,Gallery Exhibition,37.23,35.48
Renaissance_Idell_801,Idell Pixley,,Renaissance,,5.0,4.0,,1908,117,No,Intricate,Gallery Exhibition,3.1,4.32
Abstract_Brian_802,Brian Young,0.58,Abstract,Wood,15.0,8.0,169.0,1906,119,No,Intricate,Acquired from Artist,4.4,5.86
Abstract_Thomas_803,Thomas Blackmon,0.76,Abstract,Aluminium,24.0,6.0,288.0,1960,65,Yes,Expressive,Acquired from Artist,3.51,3.56
Abstract_Tyrone_804,Tyrone Smith,0.0,Abstract,,32.0,,,1906,119,No,Rustic,Gallery Exhibition,100.69,101.79
Renaissance_Martha_805,Martha Heuer,0.46,Renaissance,Bronze,43.0,22.0,87609.0,2002,23,Yes,Polished,Museum Deaccession,172.22,191.53
Baroque_Sheena_806,Sheena Freeman,0.91,Baroque,Stone,3.0,2.0,108.0,2012,13,Yes,Rustic,Acquired from Artist,3.94,6.27
Abstract_Kyle_807,Kyle Breitbart,0.46,Abstract,Bronze,,39.0,285131.0,2012,13,Yes,Minimal,Auctioned in London,1696.35,1638.98
Abstract_Nola_808,Nola Kime,0.94,Abstract,Bronze,13.0,6.0,2662.0,1996,29,Yes,Rustic,Inherited Estate,10.49,13.06
Renaissance_Shana_809,Shana Mckee,0.56,Renaissance,Stone,28.0,18.0,1382831.0,1854,171,No,Polished,Auctioned in London,888.86,1422.22
Abstract_Willie_810,Willie Wright,0.27,Abstract,Marble,12.0,8.0,34523.0,1990,35,Yes,Polished,Private Collection,49.02,44.81
Contemporary_Kyle_811,Kyle Hunter,0.15,Contemporary,Wood,20.0,11.0,218.0,1939,86,No,Minimal,Museum Deaccession,2.48,3.5
Abstract_John_812,John Furlow,0.94,Abstract,,40.0,10.0,3314.0,2015,10,Yes,Minimal,Gallery Exhibition,15.96,20.4
Baroque_Eric_813,Eric Maisano,0.19,Baroque,Brass,19.0,6.0,4979.0,1977,48,Yes,Rustic,Private Collection,10.32,16.8
Minimalist_Joseph_814,Joseph Webster,,Minimalist,Marble,16.0,8.0,55076.0,1874,151,No,Vibrant,Inherited Estate,44.0,66.59
Classical_Thomas_815,Thomas Taylor,0.29,Classical,Stone,15.0,8.0,73324.0,1874,151,No,Minimal,Acquired from Artist,147.98,182.67
Modern_Dara_816,Dara Baker,0.7,Modern,Wood,22.0,11.0,287.0,1894,131,No,Rustic,Gallery Exhibition,5.42,6.22
Minimalist_Micheal_817,Micheal Ciaccio,0.09,Minimalist,Stone,14.0,8.0,106206.0,1935,90,No,Vibrant,Acquired from Artist,218.92,362.64
Minimalist_Veronique_818,Veronique Looman,0.6,Minimalist,Wood,23.0,12.0,497.0,1988,37,Yes,Elegant,Gallery Exhibition,6.47,6.22
Abstract_Adam_819,Adam Emery,0.26,Abstract,Aluminium,29.0,7.0,1104.0,1906,119,No,Minimal,Museum Deaccession,4.1,4.76
Modern_Pauline_820,Pauline Provenzano,,Modern,,8.0,4.0,229.0,1972,53,Yes,Vibrant,Gallery Exhibition,3.99,4.66
Minimalist_Willie_821,Willie Rogers,0.42,Minimalist,Wood,20.0,11.0,449.0,1882,143,No,Rustic,Auctioned in New York,2.71,3.22
Modern_Jacqueline_822,Jacqueline Bailey,0.23,Modern,Bronze,32.0,12.0,,2003,22,Yes,Minimal,Auctioned in New York,14.46,15.17
Minimalist_Kathleen_823,Kathleen Sauer,,Minimalist,Bronze,42.0,13.0,52647.0,1998,27,Yes,Rustic,Acquired from Artist,114.83,109.47
Baroque_Wanda_824,Wanda Maxim,0.57,Baroque,Stone,17.0,8.0,207070.0,1873,152,No,Elegant,Auctioned in London,533.0,758.23
Abstract_Angeline_825,Angeline Okwuona,0.08,Abstract,Marble,4.0,3.0,118.0,1918,107,No,Elegant,Auctioned in London,3.97,6.15
Abstract_Jose_826,Jose Guiney,0.81,Abstract,Stone,21.0,8.0,326667.0,1897,128,No,Polished,Museum Deaccession,390.38,522.91
Modern_Thomas_827,Thomas Driggs,0.47,Modern,,8.0,,42.0,1892,133,No,Polished,Auctioned in London,4.56,4.71
Classical_John_828,John Feldman,0.54,Classical,Marble,36.0,17.0,2144437.0,1918,107,No,Rustic,Auctioned in London,1874.31,1743.79
Classical_Kathy_829,Kathy Horner,0.25,Classical,Marble,28.0,10.0,477200.0,2016,9,Yes,Polished,Acquired from Artist,1426.93,2360.24
Baroque_Juan_830,Juan Lapierre,0.12,Baroque,Bronze,19.0,8.0,7742.0,1969,56,Yes,Minimal,Private Collection,9.4,12.9
Renaissance_Russell_831,Russell Bess,,Renaissance,Aluminium,15.0,7.0,390.0,1922,103,No,Rustic,Gallery Exhibition,4.41,4.79
Modern_Herbert_832,Herbert Flint,0.38,Modern,Stone,28.0,,1340400.0,1901,124,No,Rustic,Gallery Exhibition,1937.42,2031.03
Minimalist_James_833,James Jones,0.94,Minimalist,Aluminium,7.0,5.0,58.0,2018,7,Yes,Rustic,Private Collection,2.39,3.83
Baroque_Rhonda_834,Rhonda Shae,0.6,Baroque,Clay,35.0,19.0,7281.0,1998,27,Yes,Minimal,Inherited Estate,11.57,10.7
Classical_Harold_835,Harold Hurst,,Classical,Stone,20.0,10.0,412573.0,1900,125,No,Elegant,Auctioned in New York,1547.49,1999.27
Classical_Morris_836,Morris Fisher,0.5,Classical,Wood,27.0,9.0,252.0,1953,72,Yes,Minimal,Private Collection,5.59,5.66
Contemporary_Paula_837,Paula Hilliard,0.23,Contemporary,Brass,3.0,3.0,55.0,2003,22,Yes,Elegant,Museum Deaccession,4.56,4.78
Modern_Christopher_838,Christopher Newberry,0.23,Modern,Brass,33.0,16.0,46937.0,1983,42,Yes,Vibrant,Inherited Estate,110.98,108.12
Contemporary_Laura_839,Laura Meyer,0.56,Contemporary,,35.0,,457402.0,1989,36,Yes,Vibrant,Auctioned in London,707.52,1074.35
Modern_Jesse_840,Jesse Harkins,0.75,Modern,,3.0,,5.0,1881,144,No,Minimal,Auctioned in London,3.8,4.43
Minimalist_Maria_841,Maria Dondero,0.42,Minimalist,Wood,35.0,11.0,571.0,1999,26,Yes,Expressive,Auctioned in London,4.12,4.26
Baroque_Marielle_842,Marielle Howell,,Baroque,Marble,34.0,19.0,1628208.0,2001,24,Yes,Expressive,Auctioned in London,3099.32,3874.11
Classical_Heather_843,Heather Carpenter,0.51,Classical,Wood,27.0,,472.0,1877,148,No,Intricate,Auctioned in New York,5.05,5.54
Modern_Thomas_844,Thomas Duesterhaus,0.44,Modern,,53.0,11.0,80441.0,1916,109,No,Intricate,Auctioned in London,211.41,211.28
Renaissance_Ila_845,Ila Jones,0.22,Renaissance,Marble,,14.0,939763.0,1924,101,No,Minimal,Private Collection,415.88,537.81
Modern_Gustavo_846,Gustavo Gilyard,0.89,Modern,Wood,9.0,5.0,112.0,1861,164,No,Intricate,Auctioned in New York,6.25,5.87
Classical_Ernest_847,Ernest Bell,0.7,Classical,Clay,24.0,9.0,1531.0,1922,103,No,Rustic,Private Collection,8.47,8.17
Contemporary_Lisa_848,Lisa Jones,0.6,Contemporary,Marble,15.0,7.0,39023.0,1964,61,Yes,Intricate,Museum Deaccession,73.34,92.26
Minimalist_Marie_849,Marie Garcia,0.42,Minimalist,Aluminium,41.0,19.0,3135.0,1881,144,No,Vibrant,Acquired from Artist,4.22,5.6
Minimalist_Stacy_850,Stacy Villalobos,0.58,Minimalist,Aluminium,4.0,4.0,29.0,1867,158,No,Rustic,Inherited Estate,3.31,5.09
Modern_Joan_851,Joan Weber,0.78,Modern,Clay,13.0,6.0,448.0,1990,35,Yes,Rustic,Gallery Exhibition,3.68,4.05
Modern_Marsha_852,Marsha Alexander,0.26,Modern,Bronze,21.0,7.0,5295.0,1966,59,Yes,Polished,Gallery Exhibition,7.7,11.98
Contemporary_June_853,June Tuttle,0.94,Contemporary,Bronze,58.0,6.0,14122.0,1896,129,No,Elegant,Auctioned in London,61.87,82.4
Renaissance_Emily_854,Emily Ziegler,0.42,Renaissance,Brass,21.0,10.0,4433.0,1854,171,No,Rustic,Inherited Estate,10.27,14.05
Baroque_Lorna_855,Lorna Bussell,0.37,Baroque,,13.0,,111919.0,1879,146,No,Rustic,Inherited Estate,425.84,563.84
Classical_Everett_856,Everett Hassenfritz,0.31,Classical,Clay,,8.0,504.0,1986,39,Yes,Elegant,Museum Deaccession,3.93,6.49
Contemporary_Mary_857,Mary Kanagy,0.07,Contemporary,Stone,22.0,9.0,310407.0,1872,153,No,Polished,Inherited Estate,462.98,449.05
Baroque_Theresa_858,Theresa Hernandez,,Baroque,Clay,,9.0,1098.0,1894,131,No,Expressive,Auctioned in New York,4.54,6.67
Contemporary_Megan_859,Megan Cho,0.36,Contemporary,Stone,18.0,7.0,54151.0,1851,174,No,Intricate,Museum Deaccession,132.18,156.23
Contemporary_Jonathan_860,Jonathan Davis,0.6,Contemporary,Aluminium,18.0,6.0,,2006,19,Yes,Polished,Acquired from Artist,3.66,3.79
Contemporary_Edward_861,Edward Payne,,Contemporary,Clay,21.0,14.0,3814.0,1969,56,Yes,Polished,Museum Deaccession,5.08,6.71
Renaissance_Opal_862,Opal Coons,0.94,Renaissance,Wood,,8.0,251.0,1854,171,No,Vibrant,Museum Deaccession,3.56,3.32
Classical_Thomas_863,Thomas Newton,0.35,Classical,Marble,8.0,4.0,4134.0,1910,115,No,Vibrant,Auctioned in London,6.36,10.56
Contemporary_Charles_864,Charles Power,0.15,Contemporary,Marble,7.0,4.0,1233.0,1981,44,Yes,Expressive,Auctioned in London,4.59,6.89
Modern_Lisa_865,Lisa Benson,0.45,Modern,Marble,22.0,7.0,36776.0,1878,147,No,Polished,Auctioned in New York,90.41,97.32
Abstract_Jerome_866,Jerome Whaley,0.97,Abstract,Bronze,29.0,13.0,16310.0,1924,101,No,Minimal,Acquired from Artist,105.73,132.65
Abstract_Angela_867,Angela Miller,0.68,Abstract,Bronze,13.0,8.0,2494.0,1972,53,Yes,Elegant,Museum Deaccession,7.77,7.78
Renaissance_Christopher_868,Christopher Shaw,0.59,Renaissance,Bronze,4.0,,82.0,2005,20,Yes,Rustic,Private Collection,2.77,3.76
Abstract_Patrick_869,Patrick Hull,0.02,Abstract,Clay,21.0,6.0,1506.0,1902,123,No,Expressive,Museum Deaccession,3.34,3.38
Modern_Tameka_870,Tameka Muller,0.72,Modern,Wood,22.0,6.0,330.0,1872,153,No,Minimal,Private Collection,3.49,3.27
Classical_Shirley_871,Shirley Martin,0.67,Classical,Marble,9.0,5.0,8973.0,1906,119,No,Vibrant,Acquired from Artist,76.55,72.78
Modern_Bryon_872,Bryon Briones,0.71,Modern,Clay,28.0,9.0,1566.0,1912,113,No,Vibrant,Museum Deaccession,6.84,9.62
Contemporary_Joseph_873,Joseph Moore,,Contemporary,,12.0,6.0,2537.0,1927,98,No,Minimal,Acquired from Artist,7.41,7.73
Baroque_Bernard_874,Bernard Castillo,,Baroque,Aluminium,9.0,5.0,196.0,1904,121,No,Elegant,Auctioned in London,2.93,3.34
Baroque_Cassandra_875,Cassandra Mcgloin,,Baroque,Bronze,26.0,8.0,11363.0,1882,143,No,Vibrant,Museum Deaccession,25.91,41.28
Renaissance_Joanne_876,Joanne Lynn,0.63,Renaissance,,26.0,16.0,974277.0,1933,92,No,Elegant,Gallery Exhibition,6308.43,9421.74
Abstract_Cheryl_877,Cheryl Benton,0.51,Abstract,Bronze,15.0,8.0,2999.0,1887,138,No,Vibrant,Auctioned in New York,4.28,6.0
Renaissance_Vivian_878,Vivian Mccoy,0.47,Renaissance,,3.0,2.0,14.0,2003,22,Yes,Elegant,Museum Deaccession,2.94,3.81
Baroque_Allen_879,Allen Patrick,0.76,Baroque,Aluminium,12.0,8.0,368.0,1864,161,No,Vibrant,Inherited Estate,5.21,6.95
Classical_Cheryl_880,Cheryl White,0.68,Classical,Brass,24.0,10.0,9873.0,1961,64,Yes,Expressive,Museum Deaccession,40.7,60.44
Modern_Ricky_881,Ricky James,0.2,Modern,Stone,10.0,5.0,14709.0,1882,143,No,Minimal,Private Collection,29.44,38.26
Modern_Heather_882,Heather Curtis,0.0,Modern,Bronze,18.0,9.0,7562.0,1909,116,No,Vibrant,Auctioned in New York,4.58,5.79
Abstract_Harold_883,Harold Torres,0.2,Abstract,Marble,9.0,5.0,,1922,103,No,Elegant,Auctioned in London,9.31,11.04
Baroque_Sean_884,Sean Beumer,0.6,Baroque,Clay,10.0,4.0,227.0,1935,90,No,Minimal,Gallery Exhibition,2.87,4.56
Baroque_Samuel_885,Samuel Daniels,0.4,Baroque,Marble,12.0,6.0,20216.0,1897,128,No,Minimal,Museum Deaccession,70.69,83.98
Contemporary_Lauren_886,Lauren Mandeville,0.63,Contemporary,Bronze,27.0,13.0,22143.0,1905,120,No,Expressive,Auctioned in New York,99.48,119.82
Baroque_Patrica_887,Patrica Weiner,0.9,Baroque,,24.0,10.0,399.0,2010,15,Yes,Intricate,Inherited Estate,6.54,6.1
Minimalist_Judy_888,Judy Howton,0.49,Minimalist,Stone,23.0,,527220.0,1853,172,No,Minimal,Gallery Exhibition,1058.84,1182.58
Renaissance_Robert_889,Robert Fehrenbach,0.0,Renaissance,Clay,4.0,4.0,51.0,1996,29,Yes,Vibrant,Inherited Estate,4.12,4.7
Abstract_Raymond_890,Raymond Otoole,0.02,Abstract,Marble,8.0,4.0,2835.0,1863,162,No,Intricate,Acquired from Artist,6.77,6.74
Abstract_Daniel_891,Daniel Lopez,,Abstract,Aluminium,10.0,4.0,156.0,1906,119,No,Vibrant,Museum Deaccession,5.08,5.47
Minimalist_Danielle_892,Danielle Piazza,0.29,Minimalist,,22.0,8.0,,1942,83,No,Minimal,Auctioned in New York,9.86,15.62
Contemporary_Lindsey_893,Lindsey Carey,0.56,Contemporary,Marble,15.0,8.0,30361.0,1968,57,Yes,Rustic,Acquired from Artist,26.54,29.13
Renaissance_Chanelle_894,Chanelle Williams,0.56,Renaissance,Wood,21.0,8.0,240.0,1935,90,No,Elegant,Auctioned in London,2.1,3.33
Minimalist_Jose_895,Jose Wyatt,0.22,Minimalist,Stone,32.0,24.0,14616806.0,1965,60,Yes,Rustic,Museum Deaccession,35195.96,54192.73
Minimalist_Leroy_896,Leroy Barwick,0.27,Minimalist,Aluminium,8.0,5.0,187.0,1882,143,No,Rustic,Private Collection,3.12,4.83
Contemporary_Luis_897,Luis Culliton,,Contemporary,Clay,18.0,9.0,1062.0,1913,112,No,Elegant,Museum Deaccession,3.27,5.09
Modern_Richard_898,Richard Vallejo,0.16,Modern,Marble,27.0,10.0,558393.0,1902,123,No,Polished,Auctioned in New York,1693.16,1836.13
Renaissance_Etta_899,Etta Nagel,0.35,Renaissance,Brass,32.0,13.0,,1862,163,No,Vibrant,Gallery Exhibition,19.11,30.54
Minimalist_Edwin_900,Edwin Collins,0.65,Minimalist,Wood,19.0,7.0,227.0,1974,51,Yes,Rustic,Private Collection,3.8,6.29
Classical_John_901,John Weber,0.72,Classical,Wood,33.0,22.0,1216.0,1990,35,Yes,Vibrant,Acquired from Artist,4.35,6.13
Contemporary_Thomas_902,Thomas Locher,0.76,Contemporary,Stone,8.0,5.0,10492.0,1873,152,No,Rustic,Auctioned in New York,70.89,66.32
Minimalist_Mary_903,Mary Richards,0.36,Minimalist,Wood,16.0,7.0,76.0,1914,111,No,Minimal,Inherited Estate,4.68,5.28
Contemporary_Cherie_904,Cherie Aquirre,0.75,Contemporary,Bronze,5.0,4.0,64.0,1964,61,Yes,Rustic,Gallery Exhibition,2.02,3.2
Classical_Josef_905,Josef Stanley,0.64,Classical,,14.0,7.0,43716.0,1894,131,No,Polished,Auctioned in London,102.6,118.67
Baroque_James_906,James Murrell,0.14,Baroque,Bronze,31.0,10.0,20015.0,1928,97,No,Elegant,Inherited Estate,37.43,40.61
Contemporary_Alejandro_907,Alejandro Coker,0.73,Contemporary,Clay,16.0,8.0,1166.0,1997,28,Yes,Elegant,Auctioned in London,2.97,4.47
Minimalist_Antonia_908,Antonia Bartz,0.26,Minimalist,Bronze,21.0,10.0,6831.0,1941,84,No,Intricate,Auctioned in London,18.6,24.79
Classical_Sherry_909,Sherry Johnson,0.61,Classical,Stone,23.0,11.0,701279.0,1895,130,No,Vibrant,Museum Deaccession,1059.08,1135.34
Baroque_Maritza_910,Maritza Blenden,0.42,Baroque,Wood,47.0,21.0,1323.0,1951,74,Yes,Polished,Inherited Estate,6.71,6.77
Minimalist_Kyle_911,Kyle Brooks,0.84,Minimalist,,22.0,8.0,225834.0,1884,141,No,Expressive,Acquired from Artist,2505.49,2410.89
Modern_Margaret_912,Margaret Hermosillo,0.7,Modern,Stone,25.0,6.0,139475.0,2002,23,Yes,Rustic,Acquired from Artist,155.65,159.1
Renaissance_Mayra_913,Mayra Stevens,0.45,Renaissance,Marble,25.0,11.0,287118.0,1906,119,No,Rustic,Gallery Exhibition,991.63,919.19
Contemporary_Yvonne_914,Yvonne Kuipers,0.77,Contemporary,Bronze,23.0,9.0,,1946,79,No,Expressive,Acquired from Artist,25.01,27.4
Contemporary_Allison_915,Allison Twiggs,0.49,Contemporary,Marble,13.0,6.0,21595.0,1965,60,Yes,Rustic,Auctioned in New York,41.29,54.44
Minimalist_Martin_916,Martin Clark,0.68,Minimalist,,22.0,8.0,222.0,1917,108,No,Rustic,Gallery Exhibition,3.79,4.61
Minimalist_John_917,John Farrell,0.64,Minimalist,,33.0,9.0,545.0,1936,89,No,Minimal,Auctioned in New York,3.25,3.66
Baroque_Lucy_918,Lucy Boisen,0.65,Baroque,Wood,37.0,14.0,958.0,1890,135,No,Minimal,Inherited Estate,3.92,4.41
Contemporary_Greg_919,Greg Dunn,0.37,Contemporary,Marble,28.0,,685585.0,1856,169,No,Polished,Auctioned in New York,471.5,637.17
Abstract_Luella_920,Luella Langworthy,0.29,Abstract,,,9.0,766.0,1870,155,No,Polished,Acquired from Artist,6.23,6.46
Minimalist_Wayne_921,Wayne Moreno,0.33,Minimalist,Marble,30.0,9.0,316870.0,1910,115,No,Expressive,Gallery Exhibition,1992.53,1910.24
Classical_John_922,John Lieu,0.34,Classical,Clay,18.0,,1106.0,1896,129,No,Rustic,Acquired from Artist,6.61,6.36
Modern_Michelle_923,Michelle Buie,0.74,Modern,Clay,8.0,5.0,138.0,1933,92,No,Polished,Private Collection,4.73,6.4
Abstract_Carol_924,Carol Atwood,0.32,Abstract,Brass,9.0,,,1962,63,Yes,Polished,Auctioned in New York,5.95,5.62
Contemporary_Betty_925,Betty Faulk,0.08,Contemporary,,30.0,6.0,4349.0,1981,44,Yes,Minimal,Museum Deaccession,5.33,6.74
Abstract_Tara_926,Tara Brown,0.76,Abstract,Marble,28.0,9.0,256473.0,2005,20,Yes,Intricate,Auctioned in London,763.39,826.65
Minimalist_Catherine_927,Catherine Johnson,0.36,Minimalist,Brass,3.0,3.0,58.0,1862,163,No,Expressive,Gallery Exhibition,3.66,4.0
Minimalist_Billy_928,Billy Pittman,0.38,Minimalist,Marble,16.0,6.0,22405.0,1967,58,Yes,Rustic,Auctioned in New York,47.67,46.06
Baroque_Howard_929,Howard Sanders,0.08,Baroque,,24.0,7.0,,2005,20,Yes,Elegant,Acquired from Artist,5.59,5.25
Minimalist_Robert_930,Robert Poorman,0.1,Minimalist,Brass,14.0,6.0,3807.0,1893,132,No,Rustic,Gallery Exhibition,5.27,5.87
Minimalist_Michael_931,Michael Jacoby,,Minimalist,Bronze,,9.0,8180.0,1930,95,No,Intricate,Gallery Exhibition,33.13,38.07
Modern_Rose_932,Rose Hughes,0.23,Modern,Wood,38.0,17.0,1071.0,1869,156,No,Intricate,Acquired from Artist,4.05,3.87
Abstract_Calvin_933,Calvin Benson,0.7,Abstract,Brass,39.0,14.0,57456.0,1902,123,No,Vibrant,Inherited Estate,100.7,121.36
Renaissance_Irene_934,Irene Mcnabb,0.34,Renaissance,Marble,15.0,7.0,53131.0,1923,102,No,Expressive,Private Collection,158.71,173.23
Classical_Leo_935,Leo Phillips,1.0,Classical,Bronze,38.0,11.0,28989.0,2006,19,Yes,Expressive,Auctioned in New York,163.65,181.44
Baroque_Margo_936,Margo Smith,,Baroque,Brass,12.0,6.0,2386.0,1897,128,No,Expressive,Auctioned in London,4.88,5.67
Abstract_Michael_937,Michael Tronaas,0.79,Abstract,Brass,16.0,6.0,3393.0,1893,132,No,Vibrant,Acquired from Artist,4.86,6.92
Modern_Jonathan_938,Jonathan Menn,0.5,Modern,,38.0,10.0,26409.0,2001,24,Yes,Expressive,Auctioned in London,22.66,29.22
Modern_Janice_939,Janice Michl,0.43,Modern,Wood,16.0,8.0,140.0,2019,6,Yes,Rustic,Acquired from Artist,5.06,5.91
Minimalist_Sandra_940,Sandra Dixon,0.27,Minimalist,Brass,19.0,8.0,5293.0,1966,59,Yes,Vibrant,Inherited Estate,7.46,10.58
Classical_Shelly_941,Shelly Gustafson,0.02,Classical,,47.0,29.0,18929.0,1924,101,No,Minimal,Acquired from Artist,19.38,23.46
Classical_Ana_942,Ana Coffey,0.05,Classical,Stone,22.0,6.0,137372.0,1971,54,Yes,Expressive,Auctioned in New York,232.4,334.86
Abstract_Kathleen_943,Kathleen Kutner,0.3,Abstract,Brass,11.0,7.0,2253.0,1900,125,No,Minimal,Gallery Exhibition,10.56,9.79
Minimalist_Christopher_944,Christopher Malone,,Minimalist,Brass,13.0,8.0,5691.0,1909,116,No,Polished,Acquired from Artist,7.13,11.31
Baroque_Jose_945,Jose Mckenzie,0.84,Baroque,Stone,14.0,7.0,,1890,135,No,Polished,Private Collection,238.3,276.25
Abstract_Betty_946,Betty Beegle,0.2,Abstract,Clay,43.0,20.0,13187.0,1907,118,No,Minimal,Inherited Estate,30.18,33.04
Classical_Blanche_947,Blanche Burns,0.49,Classical,,23.0,,4487.0,2003,22,Yes,Elegant,Acquired from Artist,17.02,18.06
Minimalist_Jude_948,Jude Kintopp,0.75,Minimalist,Aluminium,21.0,8.0,738.0,1919,106,No,Elegant,Gallery Exhibition,4.48,4.29
Modern_Ann_949,Ann Riester,0.54,Modern,Stone,25.0,6.0,120908.0,1930,95,No,Elegant,Museum Deaccession,389.53,409.25
Minimalist_Louise_950,Louise Carpenter,0.63,Minimalist,Stone,32.0,23.0,12247852.0,1852,173,No,Expressive,Auctioned in New York,59433.4,57641.13
Renaissance_Amber_951,Amber Ramos,0.69,Renaissance,Marble,9.0,5.0,8935.0,1858,167,No,Vibrant,Inherited Estate,9.41,11.23
Modern_Kenneth_952,Kenneth Kessler,0.97,Modern,Wood,7.0,5.0,39.0,1974,51,Yes,Vibrant,Private Collection,3.69,5.21
Modern_Robert_953,Robert Buchmann,0.62,Modern,Marble,19.0,,99566.0,1860,165,No,Minimal,Gallery Exhibition,528.77,556.4
Abstract_Judy_954,Judy Uttech,0.14,Abstract,Stone,17.0,6.0,92177.0,2001,24,Yes,Expressive,Auctioned in New York,136.26,157.59
Minimalist_Debra_955,Debra Brewer,,Minimalist,Clay,27.0,12.0,4552.0,2007,18,Yes,Intricate,Gallery Exhibition,14.57,13.97
Modern_William_956,William Radabaugh,0.44,Modern,Bronze,20.0,9.0,6842.0,1880,145,No,Minimal,Auctioned in New York,8.91,10.57
Renaissance_Delores_957,Delores Shelton,0.6,Renaissance,Marble,25.0,13.0,255501.0,1916,109,No,Minimal,Private Collection,661.97,630.41
Baroque_Sonny_958,Sonny Bagley,0.67,Baroque,,7.0,4.0,369.0,1910,115,No,Elegant,Private Collection,2.66,3.58
Modern_Rebecca_959,Rebecca Wolcott,,Modern,,6.0,,97.0,1991,34,Yes,Vibrant,Auctioned in New York,3.32,3.64
Abstract_Tamara_960,Tamara Jacobs,0.68,Abstract,Bronze,35.0,22.0,58179.0,1944,81,No,Vibrant,Acquired from Artist,51.53,49.11
Minimalist_Maria_961,Maria Garrison,0.81,Minimalist,,12.0,7.0,,1998,27,Yes,Minimal,Inherited Estate,4.35,4.38
Modern_Anthony_962,Anthony Shaffer,,Modern,Bronze,12.0,8.0,1389.0,1996,29,Yes,Expressive,Auctioned in New York,10.73,11.59
Abstract_Jennifer_963,Jennifer Donnally,0.59,Abstract,,17.0,12.0,11390.0,1953,72,Yes,Expressive,Museum Deaccession,42.16,44.06
Abstract_Melissa_964,Melissa Graig,0.43,Abstract,Wood,18.0,7.0,167.0,1883,142,No,Polished,Private Collection,5.85,6.63
Minimalist_Toni_965,Toni Rodgers,0.7,Minimalist,Brass,30.0,15.0,,1941,84,No,Minimal,Auctioned in New York,375.32,436.37
Minimalist_Elizabeth_966,Elizabeth Breden,0.89,Minimalist,Brass,7.0,4.0,458.0,1897,128,No,Elegant,Gallery Exhibition,3.96,3.71
Renaissance_Jerry_967,Jerry Turco,,Renaissance,Brass,46.0,,56025.0,1887,138,No,Elegant,Private Collection,140.83,164.92
Contemporary_Lisa_968,Lisa Read,,Contemporary,,27.0,6.0,326068.0,1883,142,No,Rustic,Auctioned in London,1602.72,2174.28
Classical_Bruce_969,Bruce Oneil,0.89,Classical,Aluminium,,9.0,1576.0,1982,43,Yes,Rustic,Acquired from Artist,8.24,13.21
Minimalist_Jamie_970,Jamie Ogami,0.88,Minimalist,Brass,10.0,5.0,639.0,1951,74,Yes,Expressive,Auctioned in London,3.36,3.16
Abstract_Don_971,Don Webb,0.78,Abstract,Clay,26.0,11.0,2722.0,1881,144,No,Elegant,Acquired from Artist,22.47,22.54
Renaissance_Luis_972,Luis Barker,0.22,Renaissance,Brass,4.0,4.0,274.0,1910,115,No,Expressive,Acquired from Artist,5.18,6.52
Minimalist_Marquita_973,Marquita Shren,,Minimalist,Brass,27.0,6.0,10425.0,1965,60,Yes,Intricate,Acquired from Artist,27.08,29.49
Renaissance_Deidre_974,Deidre Caron,0.54,Renaissance,,28.0,18.0,4450354.0,1914,111,No,Polished,Inherited Estate,10828.71,11133.3
Baroque_Margaret_975,Margaret Gean,,Baroque,,26.0,6.0,755.0,2014,11,Yes,Polished,Auctioned in New York,4.88,5.95
Contemporary_Maria_976,Maria Galeana,0.99,Contemporary,Bronze,37.0,6.0,9934.0,1863,162,No,Minimal,Gallery Exhibition,17.1,27.79
Abstract_Fred_977,Fred Kehres,0.8,Abstract,Brass,20.0,,6928.0,1870,155,No,Polished,Acquired from Artist,58.83,63.96
Renaissance_Walter_978,Walter Thornley,,Renaissance,Bronze,44.0,34.0,74156.0,1912,113,No,Polished,Auctioned in London,211.56,217.69
Modern_Claudia_979,Claudia Saltsman,,Modern,Stone,14.0,6.0,33863.0,1990,35,Yes,Vibrant,Inherited Estate,100.29,156.26
Minimalist_Benjamin_980,Benjamin Nunes,0.5,Minimalist,Wood,32.0,20.0,546.0,1882,143,No,Minimal,Inherited Estate,3.82,4.15
Baroque_Joey_981,Joey Boothroyd,0.51,Baroque,Clay,,8.0,1078.0,1979,46,Yes,Rustic,Private Collection,4.24,4.7
Modern_Craig_982,Craig Vantull,0.87,Modern,Stone,,20.0,,1858,167,No,Elegant,Auctioned in London,52174.58,56248.47
Baroque_Armando_983,Armando Santarelli,0.04,Baroque,Stone,8.0,4.0,6102.0,1950,75,No,Intricate,Auctioned in London,3.86,4.19
Contemporary_Wilson_984,Wilson Mchugh,0.78,Contemporary,Clay,24.0,,,2011,14,Yes,Rustic,Auctioned in London,3.37,5.12
Contemporary_Clinton_985,Clinton Collins,0.48,Contemporary,Marble,40.0,14.0,1624464.0,2004,21,Yes,Vibrant,Acquired from Artist,3717.43,3835.87
Renaissance_Richard_986,Richard Holt,0.76,Renaissance,Clay,,11.0,985.0,1998,27,Yes,Elegant,Acquired from Artist,4.95,5.7
Classical_Cindy_987,Cindy White,0.78,Classical,Wood,19.0,10.0,389.0,1863,162,No,Expressive,Museum Deaccession,4.74,5.61
Renaissance_Freddie_988,Freddie Brenner,0.36,Renaissance,Bronze,37.0,22.0,44707.0,1943,82,No,Intricate,Private Collection,135.26,205.12
Minimalist_Alice_989,Alice Featherstone,0.04,Minimalist,Aluminium,34.0,7.0,1736.0,1979,46,Yes,Minimal,Auctioned in London,4.41,4.39
Renaissance_Tomas_990,Tomas Illsley,0.62,Renaissance,Wood,21.0,,401.0,1938,87,No,Intricate,Inherited Estate,3.2,3.95
Classical_Bryan_991,Bryan Calhoon,,Classical,Bronze,20.0,10.0,5248.0,1861,164,No,Polished,Gallery Exhibition,10.71,11.6
Abstract_Andrew_992,Andrew Bailey,0.39,Abstract,Aluminium,23.0,16.0,2149.0,1905,120,No,Expressive,Acquired from Artist,6.86,9.6
Abstract_Dolores_993,Dolores Lay,0.45,Abstract,Brass,12.0,7.0,1246.0,1915,110,No,Vibrant,Auctioned in New York,5.05,6.03
Minimalist_Slyvia_994,Slyvia Garcia,0.77,Minimalist,Brass,17.0,11.0,,1958,67,Yes,Elegant,Auctioned in New York,47.08,70.89
Modern_Carmen_995,Carmen Collins,0.3,Modern,Brass,38.0,10.0,60753.0,1853,172,No,Expressive,Auctioned in New York,163.02,161.06
Abstract_Darrin_996,Darrin Lischak,0.36,Abstract,,6.0,4.0,555.0,1910,115,No,Vibrant,Gallery Exhibition,3.41,5.55
Baroque_Martha_997,Martha Manuelito,0.44,Baroque,Wood,37.0,21.0,979.0,1855,170,No,Vibrant,Gallery Exhibition,3.76,4.24
Renaissance_Ernest_998,Ernest Wright,0.43,Renaissance,Marble,,6.0,,1897,128,No,Intricate,Auctioned in New York,112.45,119.03
Abstract_Alberta_999,Alberta Fay,0.53,Abstract,Wood,8.0,5.0,93.0,1952,73,Yes,Elegant,Private Collection,7.04,6.47
Modern_Lois_1000,Lois Byrnes,,Modern,Stone,33.0,9.0,622763.0,1989,36,Yes,Intricate,Private Collection,331.98,304.78
Baroque_Joella_1001,Joella Willis,0.66,Baroque,Stone,30.0,15.0,2814033.0,2010,15,Yes,Elegant,Auctioned in New York,14017.07,16439.28
Abstract_Lila_1002,Lila Shirley,0.14,Abstract,Clay,39.0,12.0,5910.0,1885,140,No,Elegant,Gallery Exhibition,9.05,8.63
Modern_Amy_1003,Amy Norman,,Modern,Bronze,42.0,27.0,132949.0,2006,19,Yes,Rustic,Gallery Exhibition,80.58,76.37
Abstract_Todd_1004,Todd Threadgill,0.1,Abstract,Aluminium,21.0,12.0,1455.0,1863,162,No,Intricate,Inherited Estate,3.54,5.3
Minimalist_Sally_1005,Sally King,0.36,Minimalist,Aluminium,19.0,6.0,503.0,1866,159,No,Expressive,Acquired from Artist,4.78,6.94
Contemporary_Diane_1006,Diane Baker,0.3,Contemporary,Clay,41.0,14.0,13257.0,1884,141,No,Elegant,Auctioned in London,28.5,31.25
Classical_Josie_1007,Josie Arroyo,0.34,Classical,Bronze,35.0,11.0,11876.0,1988,37,Yes,Intricate,Private Collection,58.22,56.56
Renaissance_Milton_1008,Milton Brown,0.33,Renaissance,,27.0,7.0,427697.0,1952,73,Yes,Elegant,Museum Deaccession,639.17,1061.66
Abstract_Katie_1009,Katie Moss,0.73,Abstract,Wood,13.0,7.0,,1890,135,No,Rustic,Auctioned in London,3.43,5.21
Modern_Steven_1010,Steven Cruz,0.06,Modern,Aluminium,29.0,12.0,1610.0,2009,16,Yes,Expressive,Private Collection,3.2,3.8
Abstract_Jeffrey_1011,Jeffrey Anderson,0.05,Abstract,Stone,18.0,8.0,201534.0,1999,26,Yes,Expressive,Auctioned in New York,173.57,184.8
Classical_Andrew_1012,Andrew Eller,0.27,Classical,Wood,21.0,11.0,414.0,1929,96,No,Vibrant,Inherited Estate,4.23,4.96
Abstract_Tiara_1013,Tiara Conn,,Abstract,,25.0,7.0,230991.0,1936,89,No,Intricate,Museum Deaccession,95.55,146.1
Baroque_Delores_1014,Delores Arnold,0.05,Baroque,Wood,13.0,7.0,107.0,1880,145,No,Intricate,Private Collection,2.67,3.58
Contemporary_Nena_1015,Nena Silva,0.66,Contemporary,Marble,27.0,13.0,,2006,19,Yes,Polished,Inherited Estate,2226.71,2726.8
Renaissance_Janette_1016,Janette Kertis,0.35,Renaissance,Brass,20.0,,,1991,34,Yes,Rustic,Inherited Estate,6.19,9.45
Modern_Dora_1017,Dora Williams,0.98,Modern,Aluminium,17.0,14.0,679.0,1859,166,No,Vibrant,Acquired from Artist,3.74,6.1
Baroque_Rashida_1018,Rashida Lichlyter,0.29,Baroque,Brass,25.0,8.0,16244.0,2013,12,Yes,Intricate,Gallery Exhibition,61.9,72.05
Contemporary_Amy_1019,Amy King,0.06,Contemporary,Bronze,5.0,3.0,130.0,1992,33,Yes,Expressive,Gallery Exhibition,5.03,4.83
Minimalist_Latisha_1020,Latisha Dennis,0.1,Minimalist,Stone,24.0,11.0,872255.0,1945,80,No,Intricate,Private Collection,1868.02,2801.6
Modern_Mary_1021,Mary Peterson,0.82,Modern,Marble,15.0,8.0,48643.0,1961,64,Yes,Vibrant,Inherited Estate,69.55,63.71
Abstract_Margie_1022,Margie Robinson,,Abstract,Bronze,15.0,7.0,,1990,35,Yes,Vibrant,Inherited Estate,3.46,3.47
Abstract_Frank_1023,Frank Simmon,0.32,Abstract,Brass,25.0,10.0,28714.0,1948,77,No,Rustic,Museum Deaccession,88.22,103.69
Renaissance_Ronald_1024,Ronald Toy,0.19,Renaissance,Brass,40.0,16.0,100032.0,1981,44,Yes,Elegant,Acquired from Artist,102.63,127.31
Minimalist_Jacquelyn_1025,Jacquelyn Mercado,0.16,Minimalist,Bronze,35.0,8.0,,1865,160,No,Minimal,Gallery Exhibition,26.56,29.39
Baroque_Gena_1026,Gena George,0.77,Baroque,Stone,17.0,8.0,168658.0,1896,129,No,Vibrant,Museum Deaccession,188.07,306.79
Minimalist_Juan_1027,Juan Tiefenauer,,Minimalist,Wood,19.0,11.0,330.0,1852,173,No,Elegant,Private Collection,3.9,4.94
Renaissance_Benjamin_1028,Benjamin Herring,0.22,Renaissance,,20.0,7.0,68305.0,1965,60,Yes,Rustic,Acquired from Artist,194.51,248.3
Abstract_Mary_1029,Mary Wallace,0.37,Abstract,Wood,19.0,8.0,176.0,1977,48,Yes,Elegant,Gallery Exhibition,2.9,4.36
Contemporary_Frederick_1030,Frederick Walker,0.6,Contemporary,Aluminium,,4.0,72.0,1981,44,Yes,Expressive,Inherited Estate,2.75,3.32
Renaissance_Mary_1031,Mary Lee,0.46,Renaissance,Stone,33.0,18.0,5400692.0,1977,48,Yes,Elegant,Acquired from Artist,7097.75,7404.87
Renaissance_Linda_1032,Linda Steele,0.9,Renaissance,Bronze,39.0,13.0,10641.0,1965,60,Yes,Expressive,Museum Deaccession,44.48,66.06
Renaissance_Blondell_1033,Blondell Johnsen,0.36,Renaissance,Aluminium,57.0,12.0,2400.0,1918,107,No,Intricate,Private Collection,6.13,6.23
Classical_Kimberly_1034,Kimberly Bell,0.47,Classical,Stone,11.0,6.0,22371.0,1857,168,No,Vibrant,Private Collection,10.68,11.83
Contemporary_Doris_1035,Doris Mcgann,0.67,Contemporary,Wood,20.0,6.0,230.0,1943,82,No,Expressive,Auctioned in London,4.82,5.89
Modern_Lena_1036,Lena Potolsky,,Modern,Clay,43.0,28.0,26733.0,1864,161,No,Vibrant,Private Collection,65.53,61.74
Minimalist_Lorena_1037,Lorena Hauck,0.4,Minimalist,Aluminium,23.0,,1130.0,1886,139,No,Rustic,Gallery Exhibition,2.81,3.15
Minimalist_Brian_1038,Brian Taylor,0.01,Minimalist,Wood,14.0,,128.0,1872,153,No,Elegant,Private Collection,4.26,4.17
Contemporary_Willie_1039,Willie Craft,,Contemporary,Marble,13.0,6.0,23587.0,1859,166,No,Elegant,Auctioned in London,95.87,100.68
Baroque_Kelly_1040,Kelly Mcfadden,0.99,Baroque,Brass,18.0,,7529.0,1984,41,Yes,Rustic,Auctioned in New York,19.55,17.86
Renaissance_Ardella_1041,Ardella Bell,0.8,Renaissance,Clay,46.0,14.0,6333.0,1990,35,Yes,Vibrant,Gallery Exhibition,27.43,30.62
Baroque_Delmar_1042,Delmar Charania,0.56,Baroque,Marble,18.0,7.0,62139.0,1939,86,No,Vibrant,Gallery Exhibition,208.89,191.34
Baroque_Derrick_1043,Derrick Whitfield,0.07,Baroque,Brass,20.0,6.0,4831.0,1966,59,Yes,Minimal,Acquired from Artist,5.59,6.7
Abstract_Lillian_1044,Lillian Hook,0.69,Abstract,Bronze,32.0,23.0,47698.0,1961,64,Yes,Expressive,Auctioned in London,63.14,75.71
Contemporary_Gary_1045,Gary Ottis,0.52,Contemporary,Marble,19.0,6.0,38134.0,1904,121,No,Rustic,Museum Deaccession,141.13,136.89
Renaissance_Jermaine_1046,Jermaine Riley,0.66,Renaissance,Wood,46.0,18.0,,1884,141,No,Intricate,Auctioned in London,5.22,5.63
Abstract_Donald_1047,Donald Haubert,0.37,Abstract,Aluminium,24.0,10.0,1231.0,1979,46,Yes,Vibrant,Private Collection,3.07,3.36
Modern_Frank_1048,Frank Roberts,0.38,Modern,Aluminium,26.0,18.0,2581.0,1853,172,No,Elegant,Gallery Exhibition,5.22,5.95
Baroque_Kathryn_1049,Kathryn Waldron,0.62,Baroque,Bronze,23.0,10.0,12603.0,1857,168,No,Vibrant,Auctioned in London,67.55,83.55
Abstract_Christine_1050,Christine Hill,0.01,Abstract,Aluminium,29.0,11.0,1968.0,2017,8,Yes,Rustic,Gallery Exhibition,5.46,6.43
Classical_Dana_1051,Dana Roth,,Classical,,23.0,10.0,13122.0,1932,93,No,Minimal,Auctioned in New York,33.21,52.88
Minimalist_Michele_1052,Michele Gildea,0.52,Minimalist,Wood,17.0,7.0,163.0,1977,48,Yes,Minimal,Gallery Exhibition,4.73,4.83
Renaissance_Robert_1053,Robert Hilson,,Renaissance,Wood,33.0,17.0,471.0,1974,51,Yes,Polished,Private Collection,4.65,5.48
Abstract_Marilyn_1054,Marilyn Kwon,0.19,Abstract,,26.0,14.0,,1856,169,No,Vibrant,Private Collection,3.28,4.35
Minimalist_Rebecca_1055,Rebecca Denton,0.78,Minimalist,Brass,26.0,,26651.0,1996,29,Yes,Vibrant,Auctioned in New York,131.78,155.39
Modern_Frank_1056,Frank Rich,0.18,Modern,Brass,25.0,13.0,19103.0,1855,170,No,Vibrant,Private Collection,57.68,62.43
Renaissance_Matthew_1057,Matthew Oneill,0.7,Renaissance,Bronze,7.0,5.0,523.0,1946,79,No,Vibrant,Gallery Exhibition,3.07,4.43
Baroque_Zachary_1058,Zachary Woods,,Baroque,Wood,18.0,6.0,188.0,1902,123,No,Expressive,Gallery Exhibition,3.76,5.19
Minimalist_Kevin_1059,Kevin Roberts,0.51,Minimalist,Brass,26.0,8.0,13341.0,2013,12,Yes,Minimal,Museum Deaccession,54.03,50.27
Baroque_Edward_1060,Edward Vargas,0.53,Baroque,Bronze,20.0,8.0,5924.0,1856,169,No,Rustic,Acquired from Artist,8.6,10.5
Contemporary_Maggie_1061,Maggie Rusch,0.26,Contemporary,Brass,,12.0,35844.0,1888,137,No,Vibrant,Museum Deaccession,77.6,103.83
Modern_Helen_1062,Helen Lakey,0.65,Modern,Clay,,13.0,2670.0,2006,19,Yes,Rustic,Inherited Estate,12.18,18.7
Baroque_John_1063,John Thai,0.88,Baroque,Marble,12.0,8.0,26413.0,1876,149,No,Vibrant,Gallery Exhibition,24.59,28.44
Classical_Doug_1064,Doug Harris,0.64,Classical,Wood,26.0,12.0,758.0,1997,28,Yes,Vibrant,Inherited Estate,3.22,3.06
Modern_Debra_1065,Debra Lee,0.28,Modern,Aluminium,12.0,7.0,281.0,1879,146,No,Minimal,Auctioned in London,3.85,5.03
Renaissance_Scott_1066,Scott Tharrington,,Renaissance,Wood,38.0,19.0,1493.0,1925,100,No,Minimal,Gallery Exhibition,6.49,10.73
Minimalist_Michael_1067,Michael Williams,0.63,Minimalist,Clay,29.0,12.0,5441.0,1950,75,No,Elegant,Acquired from Artist,20.38,28.81
Renaissance_Corina_1068,Corina Perry,0.75,Renaissance,Brass,30.0,11.0,,1973,52,Yes,Minimal,Inherited Estate,210.96,210.19
Minimalist_Emily_1069,Emily Fettig,0.77,Minimalist,Wood,7.0,4.0,55.0,1855,170,No,Expressive,Auctioned in New York,3.56,4.56
Abstract_Cynthia_1070,Cynthia Jacobs,0.39,Abstract,Stone,29.0,10.0,721443.0,1987,38,Yes,Rustic,Auctioned in London,2273.61,2163.07
Classical_Dorothy_1071,Dorothy Risenhoover,0.39,Classical,Marble,17.0,6.0,39601.0,1882,143,No,Elegant,Private Collection,56.73,89.89
Abstract_Millard_1072,Millard Fuhrman,0.17,Abstract,Brass,24.0,6.0,6600.0,1995,30,Yes,Polished,Acquired from Artist,4.84,6.16
Abstract_Cecil_1073,Cecil Coates,,Abstract,Brass,17.0,10.0,6269.0,1891,134,No,Polished,Auctioned in New York,4.23,6.52
Contemporary_Brett_1074,Brett Ahmed,0.16,Contemporary,Wood,28.0,13.0,520.0,1968,57,Yes,Elegant,Inherited Estate,4.11,4.3
Renaissance_Shawn_1075,Shawn Stroth,0.63,Renaissance,Marble,31.0,16.0,1297749.0,1856,169,No,Minimal,Inherited Estate,3376.11,4695.06
Renaissance_Pam_1076,Pam Roeske,0.75,Renaissance,Brass,27.0,16.0,20222.0,2019,6,Yes,Minimal,Auctioned in London,160.44,183.76
Contemporary_Terry_1077,Terry Belew,0.61,Contemporary,Stone,14.0,6.0,53184.0,1855,170,No,Expressive,Gallery Exhibition,63.86,88.35
Modern_Jose_1078,Jose Brown,0.13,Modern,Aluminium,22.0,8.0,327.0,1927,98,No,Elegant,Private Collection,2.75,3.02
Classical_Robert_1079,Robert Colton,0.5,Classical,Stone,16.0,6.0,72140.0,1877,148,No,Elegant,Inherited Estate,75.46,93.76
Abstract_Jean_1080,Jean Longoria,0.98,Abstract,Brass,36.0,27.0,195972.0,1976,49,Yes,Expressive,Gallery Exhibition,297.49,439.6
Baroque_Danielle_1081,Danielle Dicken,0.02,Baroque,Bronze,7.0,5.0,507.0,1987,38,Yes,Polished,Auctioned in New York,5.99,5.7
Classical_John_1082,John Patel,0.04,Classical,Bronze,6.0,5.0,332.0,1898,127,No,Elegant,Inherited Estate,5.25,5.76
Contemporary_Virginia_1083,Virginia Benbow,0.59,Contemporary,Marble,24.0,11.0,376200.0,1879,146,No,Minimal,Private Collection,409.88,533.78
Baroque_Danielle_1084,Danielle Barnard,0.82,Baroque,Marble,39.0,15.0,1112447.0,1924,101,No,Intricate,Auctioned in London,3975.94,5408.58
Classical_Katherine_1085,Katherine Beck,0.93,Classical,Clay,,16.0,9868.0,1991,34,Yes,Intricate,Museum Deaccession,52.33,64.1
Abstract_Jack_1086,Jack Shaffner,0.97,Abstract,Marble,19.0,11.0,195891.0,1868,157,No,Minimal,Auctioned in London,1147.2,1270.63
Modern_Emily_1087,Emily Hayden,0.49,Modern,Aluminium,33.0,24.0,7142.0,1879,146,No,Vibrant,Acquired from Artist,43.05,53.86
Modern_Danny_1088,Danny Trotter,0.36,Modern,Marble,37.0,23.0,6282937.0,1852,173,No,Elegant,Museum Deaccession,26981.13,29142.51
Contemporary_Gene_1089,Gene Ramos,0.29,Contemporary,Clay,41.0,14.0,11500.0,1989,36,Yes,Elegant,Acquired from Artist,23.56,22.85
Renaissance_Gregory_1090,Gregory Ellis,0.95,Renaissance,Brass,23.0,9.0,15798.0,1861,164,No,Minimal,Auctioned in London,56.76,64.7
Baroque_Crystal_1091,Crystal Marshall,,Baroque,Bronze,34.0,9.0,20740.0,1957,68,Yes,Expressive,Auctioned in New York,54.61,52.38
Baroque_Kara_1092,Kara Makowski,,Baroque,Stone,17.0,7.0,37714.0,2014,11,Yes,Minimal,Inherited Estate,350.29,510.23
Baroque_Timothy_1093,Timothy Dortch,0.32,Baroque,Wood,35.0,12.0,528.0,1900,125,No,Polished,Auctioned in New York,4.68,6.15
Baroque_Chloe_1094,Chloe Flick,0.05,Baroque,Wood,5.0,3.0,25.0,1862,163,No,Rustic,Inherited Estate,2.62,4.26
Modern_Shane_1095,Shane Shaw,0.32,Modern,Brass,5.0,5.0,287.0,1964,61,Yes,Expressive,Auctioned in London,2.92,3.62
Baroque_Matilda_1096,Matilda Lowry,0.3,Baroque,Brass,48.0,14.0,79966.0,1918,107,No,Rustic,Museum Deaccession,45.96,51.39
Baroque_Mark_1097,Mark Stover,0.62,Baroque,Stone,22.0,15.0,1835465.0,2003,22,Yes,Minimal,Auctioned in New York,14210.96,15171.32
Modern_Brent_1098,Brent Laban,0.87,Modern,Stone,19.0,8.0,242570.0,1979,46,Yes,Minimal,Inherited Estate,964.86,935.05
Classical_Brian_1099,Brian Serna,0.67,Classical,Brass,27.0,11.0,30736.0,2011,14,Yes,Expressive,Inherited Estate,29.88,36.97
Classical_Jeanne_1100,Jeanne Knight,0.12,Classical,,11.0,6.0,,1903,122,No,Expressive,Gallery Exhibition,6.97,7.46
Classical_Dennis_1101,Dennis Petrovich,0.47,Classical,Brass,26.0,8.0,16443.0,1962,63,Yes,Rustic,Museum Deaccession,35.62,56.75
Contemporary_Alan_1102,Alan Suen,0.36,Contemporary,Brass,27.0,7.0,3706.0,1940,85,No,Vibrant,Acquired from Artist,9.33,14.95
Modern_Paige_1103,Paige Bond,0.56,Modern,Brass,24.0,11.0,18100.0,1940,85,No,Intricate,Acquired from Artist,15.16,19.67
Contemporary_Barbara_1104,Barbara Ely,0.69,Contemporary,Bronze,34.0,14.0,35630.0,1992,33,Yes,Intricate,Gallery Exhibition,98.93,135.77
Classical_Tamara_1105,Tamara Terrio,0.33,Classical,Bronze,17.0,8.0,3473.0,1859,166,No,Polished,Auctioned in London,5.27,6.1
Renaissance_Linda_1106,Linda Ramirez,,Renaissance,Brass,27.0,8.0,15609.0,1880,145,No,Polished,Inherited Estate,55.15,70.4
Contemporary_Matilda_1107,Matilda Bayerl,0.77,Contemporary,Stone,33.0,19.0,4180066.0,2013,12,Yes,Minimal,Museum Deaccession,21390.34,22331.5
Contemporary_James_1108,James Sewell,0.75,Contemporary,Clay,27.0,6.0,2155.0,1888,137,No,Intricate,Auctioned in London,2.85,3.36
Minimalist_James_1109,James Ollis,0.53,Minimalist,Aluminium,33.0,17.0,,1975,50,Yes,Minimal,Acquired from Artist,6.1,9.89
Renaissance_Clifford_1110,Clifford Armstrong,,Renaissance,,47.0,22.0,10712360.0,1953,72,Yes,Intricate,Gallery Exhibition,17623.61,22338.36
Modern_Craig_1111,Craig Markus,0.28,Modern,Clay,45.0,,,1983,42,Yes,Expressive,Inherited Estate,5.26,5.19
Renaissance_Pamela_1112,Pamela Gannon,,Renaissance,Aluminium,13.0,6.0,366.0,1926,99,No,Rustic,Gallery Exhibition,6.32,6.78
Abstract_Joseph_1113,Joseph Barkett,0.84,Abstract,Clay,26.0,9.0,3059.0,1915,110,No,Polished,Private Collection,11.91,15.68
Minimalist_Lester_1114,Lester Allsbrook,0.92,Minimalist,Clay,36.0,12.0,4260.0,1853,172,No,Intricate,Inherited Estate,8.81,12.76
Contemporary_Inez_1115,Inez Curry,0.25,Contemporary,Bronze,46.0,25.0,197267.0,2016,9,Yes,Polished,Museum Deaccession,471.28,666.57
Minimalist_Catherine_1116,Catherine Moore,0.23,Minimalist,Brass,23.0,13.0,36456.0,2000,25,Yes,Rustic,Auctioned in London,15.49,20.03
Classical_Gerry_1117,Gerry Mann,0.93,Classical,Bronze,35.0,14.0,35902.0,1975,50,Yes,Rustic,Gallery Exhibition,39.29,46.2
Contemporary_George_1118,George Campbell,0.43,Contemporary,Clay,34.0,17.0,5804.0,1907,118,No,Rustic,Auctioned in New York,33.93,34.33
Baroque_Jo_1119,Jo Valencia,0.44,Baroque,,21.0,6.0,,1943,82,No,Polished,Inherited Estate,3.89,3.62
Abstract_John_1120,John Cooke,0.97,Abstract,Marble,35.0,22.0,1999905.0,1937,88,No,Expressive,Auctioned in New York,3687.96,5748.93
Renaissance_Jennifer_1121,Jennifer Bingham,0.28,Renaissance,Stone,16.0,7.0,103431.0,1936,89,No,Polished,Acquired from Artist,268.57,250.08
Classical_Ken_1122,Ken Messana,0.58,Classical,Wood,4.0,,19.0,1912,113,No,Elegant,Inherited Estate,5.21,6.48
Abstract_David_1123,David Jolly,0.54,Abstract,Brass,23.0,11.0,27168.0,1977,48,Yes,Vibrant,Gallery Exhibition,48.92,80.12
Renaissance_Lori_1124,Lori Richmond,0.48,Renaissance,,6.0,4.0,1004.0,1876,149,No,Intricate,Gallery Exhibition,5.71,6.61
Classical_Matthew_1125,Matthew Klitz,0.27,Classical,Aluminium,6.0,5.0,80.0,1974,51,Yes,Rustic,Inherited Estate,3.94,5.43
Minimalist_Margaret_1126,Margaret Cannon,0.54,Minimalist,Wood,18.0,7.0,123.0,1965,60,Yes,Polished,Acquired from Artist,5.52,6.9
Minimalist_Ramona_1127,Ramona Tatum,0.45,Minimalist,Aluminium,28.0,10.0,1218.0,1863,162,No,Polished,Acquired from Artist,4.86,6.16
Contemporary_Robert_1128,Robert Lewis,0.01,Contemporary,Stone,,6.0,43881.0,1959,66,Yes,Expressive,Private Collection,59.86,60.03
Classical_Jessica_1129,Jessica Dobbins,0.6,Classical,Clay,18.0,8.0,1247.0,1918,107,No,Vibrant,Acquired from Artist,4.39,6.59
Minimalist_Chiquita_1130,Chiquita Ferguson,0.57,Minimalist,Clay,13.0,,987.0,1932,93,No,Expressive,Museum Deaccession,4.6,5.41
Renaissance_Dean_1131,Dean Smith,0.97,Renaissance,Aluminium,25.0,6.0,549.0,1941,84,No,Vibrant,Acquired from Artist,5.21,6.32
Baroque_Leon_1132,Leon Smith,0.6,Baroque,Aluminium,14.0,8.0,291.0,1951,74,Yes,Intricate,Inherited Estate,4.24,4.21
Minimalist_Jonathan_1133,Jonathan Colombo,0.8,Minimalist,Clay,23.0,9.0,2061.0,1910,115,No,Polished,Acquired from Artist,7.56,9.16
Abstract_Ethel_1134,Ethel Holcomb,0.2,Abstract,Aluminium,11.0,6.0,237.0,1908,117,No,Rustic,Gallery Exhibition,3.74,3.7
Contemporary_Lisa_1135,Lisa Long,,Contemporary,Stone,30.0,19.0,6752022.0,1911,114,No,Elegant,Gallery Exhibition,6039.78,9714.66
Minimalist_Kim_1136,Kim Gentile,0.92,Minimalist,Clay,42.0,10.0,4217.0,1850,175,No,Expressive,Acquired from Artist,3.99,4.23
Classical_Daniel_1137,Daniel Johnson,0.38,Classical,Brass,20.0,16.0,19222.0,1872,153,No,Polished,Inherited Estate,26.15,28.78
Modern_Florence_1138,Florence Crespin,0.91,Modern,,,,,1897,128,No,Polished,Private Collection,3.43,4.19
Baroque_Rafael_1139,Rafael Babonis,0.38,Baroque,Brass,7.0,4.0,170.0,1982,43,Yes,Expressive,Gallery Exhibition,5.55,5.26
Contemporary_Clarence_1140,Clarence Latson,0.59,Contemporary,Marble,16.0,7.0,56827.0,1989,36,Yes,Rustic,Acquired from Artist,106.07,99.02
Modern_Wallace_1141,Wallace Hague,0.59,Modern,Stone,47.0,21.0,14083967.0,1976,49,Yes,Vibrant,Auctioned in London,59602.65,84326.76
Contemporary_Edward_1142,Edward Broege,0.44,Contemporary,Wood,19.0,7.0,236.0,1961,64,Yes,Minimal,Acquired from Artist,4.75,6.9
Modern_Jason_1143,Jason Gary,,Modern,,22.0,6.0,7407.0,1989,36,Yes,Intricate,Auctioned in New York,13.81,21.97
Classical_Mathew_1144,Mathew Silvey,0.82,Classical,Marble,44.0,20.0,5965789.0,1908,117,No,Expressive,Gallery Exhibition,5595.83,5909.09
Classical_Dewayne_1145,Dewayne Ricks,0.09,Classical,Brass,5.0,,81.0,1990,35,Yes,Vibrant,Auctioned in New York,2.75,3.13
Minimalist_Elsa_1146,Elsa Braxton,0.6,Minimalist,Stone,14.0,6.0,48185.0,1931,94,No,Minimal,Gallery Exhibition,136.71,199.54
Minimalist_Alejandro_1147,Alejandro Stafford,0.26,Minimalist,Stone,35.0,17.0,5080983.0,1918,107,No,Rustic,Auctioned in London,8521.24,10562.53
Baroque_Thomas_1148,Thomas Moss,0.88,Baroque,Wood,32.0,11.0,532.0,1930,95,No,Rustic,Inherited Estate,4.3,5.44
Modern_Lorraine_1149,Lorraine Smith,0.79,Modern,Brass,4.0,3.0,113.0,1994,31,Yes,Elegant,Museum Deaccession,7.29,6.9
Modern_June_1150,June Hernandez,0.11,Modern,Bronze,50.0,13.0,55850.0,1910,115,No,Intricate,Museum Deaccession,55.06,80.19
Contemporary_Keith_1151,Keith Pacheco,0.66,Contemporary,Bronze,24.0,11.0,11676.0,1997,28,Yes,Minimal,Inherited Estate,20.16,21.78
Classical_Kristie_1152,Kristie Myers,0.28,Classical,,47.0,20.0,,1879,146,No,Elegant,Auctioned in London,12.32,17.4
Minimalist_Christopher_1153,Christopher Pooler,,Minimalist,Bronze,55.0,22.0,175420.0,1957,68,Yes,Expressive,Gallery Exhibition,550.19,514.49
Classical_Marci_1154,Marci Flemming,0.25,Classical,Bronze,,17.0,21029.0,1887,138,No,Vibrant,Auctioned in New York,15.46,22.71
Classical_Evie_1155,Evie Lisbey,0.31,Classical,Marble,37.0,13.0,1556047.0,2002,23,Yes,Polished,Auctioned in London,3984.8,3824.25
Contemporary_Milton_1156,Milton Dunn,0.96,Contemporary,Stone,15.0,7.0,83378.0,1990,35,Yes,Expressive,Acquired from Artist,424.71,604.07
Abstract_Wesley_1157,Wesley Lucas,0.47,Abstract,Brass,16.0,7.0,5035.0,1955,70,Yes,Vibrant,Acquired from Artist,10.71,12.92
Abstract_Tanisha_1158,Tanisha Ivie,0.3,Abstract,Aluminium,27.0,12.0,1029.0,1970,55,Yes,Rustic,Inherited Estate,4.29,4.92
Minimalist_Lillian_1159,Lillian Jefferies,0.54,Minimalist,Brass,39.0,16.0,104029.0,1928,97,No,Rustic,Museum Deaccession,546.52,673.52
Classical_Bethany_1160,Bethany Stevens,0.75,Classical,Stone,3.0,2.0,95.0,1874,151,No,Expressive,Auctioned in London,7.02,6.65
Contemporary_Arnold_1161,Arnold Burton,0.69,Contemporary,Wood,10.0,4.0,35.0,1946,79,No,Minimal,Inherited Estate,4.64,6.64
Minimalist_Jose_1162,Jose Crawford,,Minimalist,Bronze,18.0,,3973.0,1954,71,Yes,Minimal,Auctioned in London,3.2,4.59
Abstract_Nicholas_1163,Nicholas Hinton,0.71,Abstract,Aluminium,22.0,,831.0,1870,155,No,Rustic,Inherited Estate,2.04,3.12
Modern_George_1164,George Hutcheson,0.11,Modern,Wood,5.0,4.0,27.0,1872,153,No,Expressive,Auctioned in London,2.36,3.88
Minimalist_Rebecca_1165,Rebecca Miller,0.98,Minimalist,Aluminium,29.0,10.0,1353.0,2008,17,Yes,Minimal,Inherited Estate,4.35,6.36
Classical_Maria_1166,Maria Zack,0.28,Classical,,10.0,5.0,7220.0,1962,63,Yes,Elegant,Acquired from Artist,15.69,14.34
Renaissance_Freddy_1167,Freddy Komsthoeft,0.06,Renaissance,Clay,17.0,8.0,972.0,2020,5,Yes,Rustic,Acquired from Artist,3.59,5.34
Minimalist_Toby_1168,Toby Shipman,,Minimalist,,29.0,9.0,,1961,64,Yes,Intricate,Inherited Estate,53.37,60.92
Minimalist_Beverly_1169,Beverly Miller,0.53,Minimalist,Wood,21.0,13.0,432.0,1907,118,No,Minimal,Auctioned in London,3.91,4.16
Contemporary_Brenda_1170,Brenda Flaim,0.95,Contemporary,Clay,16.0,7.0,409.0,2007,18,Yes,Intricate,Museum Deaccession,2.29,3.59
Classical_Nancy_1171,Nancy Lopez,0.06,Classical,Brass,33.0,20.0,79196.0,1890,135,No,Vibrant,Auctioned in New York,41.13,37.46
Abstract_Christy_1172,Christy Jones,0.76,Abstract,Marble,37.0,13.0,1298703.0,1985,40,Yes,Expressive,Auctioned in New York,4758.21,4742.35
Modern_Kenneth_1173,Kenneth Pigg,0.33,Modern,Brass,30.0,13.0,44019.0,2011,14,Yes,Elegant,Private Collection,42.4,42.28
Baroque_Richard_1174,Richard Woods,0.17,Baroque,Wood,22.0,6.0,242.0,1868,157,No,Polished,Inherited Estate,5.12,6.77
Minimalist_Elizabeth_1175,Elizabeth Bourne,0.47,Minimalist,Wood,26.0,7.0,400.0,1879,146,No,Vibrant,Auctioned in London,6.84,6.47
Abstract_Loreta_1176,Loreta White,0.6,Abstract,Stone,21.0,6.0,98362.0,1974,51,Yes,Vibrant,Auctioned in New York,140.18,196.57
Minimalist_John_1177,John Brown,0.75,Minimalist,Marble,7.0,4.0,1985.0,1972,53,Yes,Rustic,Inherited Estate,12.45,12.59
Minimalist_Sheila_1178,Sheila Keating,0.47,Minimalist,Aluminium,17.0,9.0,740.0,1956,69,Yes,Intricate,Inherited Estate,5.21,5.38
Baroque_Owen_1179,Owen Mulrooney,0.05,Baroque,Marble,35.0,12.0,1090924.0,1925,100,No,Polished,Auctioned in New York,960.5,1507.04
Abstract_Marion_1180,Marion Stokes,0.82,Abstract,Marble,10.0,5.0,9568.0,1914,111,No,Minimal,Auctioned in New York,8.77,8.02
Baroque_Albert_1181,Albert Eakins,0.2,Baroque,Wood,23.0,12.0,387.0,1908,117,No,Elegant,Inherited Estate,6.49,5.94
Contemporary_Sean_1182,Sean Mckinney,0.23,Contemporary,Bronze,11.0,7.0,1305.0,1851,174,No,Expressive,Auctioned in New York,3.33,4.39
Renaissance_Jimmy_1183,Jimmy Davis,0.01,Renaissance,Bronze,20.0,6.0,3925.0,1893,132,No,Expressive,Auctioned in London,4.85,4.62
Baroque_Terry_1184,Terry Sewell,0.07,Baroque,Clay,28.0,6.0,1810.0,1997,28,Yes,Polished,Inherited Estate,2.94,3.42
Classical_Mary_1185,Mary Gore,0.14,Classical,Marble,9.0,4.0,2921.0,1947,78,No,Elegant,Acquired from Artist,5.9,9.33
Abstract_Rita_1186,Rita Bakken,0.16,Abstract,Bronze,20.0,7.0,6634.0,2005,20,Yes,Vibrant,Private Collection,14.63,22.94
Abstract_Juan_1187,Juan Schwalbe,,Abstract,,21.0,,3268.0,1991,34,Yes,Vibrant,Inherited Estate,6.63,8.43
Contemporary_Kenneth_1188,Kenneth Olivier,,Contemporary,Wood,26.0,8.0,326.0,1914,111,No,Expressive,Auctioned in London,4.15,3.85
Modern_Autumn_1189,Autumn Minvielle,0.03,Modern,Marble,29.0,8.0,304174.0,1968,57,Yes,Rustic,Inherited Estate,518.34,501.96
Abstract_Lawrence_1190,Lawrence Ament,0.87,Abstract,Stone,3.0,2.0,118.0,1895,130,No,Intricate,Inherited Estate,5.4,6.45
Classical_Emily_1191,Emily Bohman,0.6,Classical,Clay,12.0,6.0,578.0,1977,48,Yes,Intricate,Museum Deaccession,2.68,3.76
Contemporary_Wendy_1192,Wendy Adens,0.31,Contemporary,Wood,14.0,8.0,232.0,1963,62,Yes,Polished,Acquired from Artist,4.21,4.89
Modern_Stephen_1193,Stephen Thompson,0.21,Modern,Bronze,13.0,8.0,2493.0,1899,126,No,Elegant,Acquired from Artist,2.66,4.41
Renaissance_Douglas_1194,Douglas Mcguire,0.04,Renaissance,Marble,11.0,8.0,,1995,30,Yes,Vibrant,Auctioned in New York,4.97,6.24
Abstract_Cassandra_1195,Cassandra Croom,0.96,Abstract,Stone,27.0,7.0,,2018,7,Yes,Expressive,Acquired from Artist,1108.2,1524.16
Abstract_Robert_1196,Robert Rufenacht,0.35,Abstract,Brass,,,384502.0,2018,7,Yes,Intricate,Museum Deaccession,1883.77,1930.14
Modern_Jennifer_1197,Jennifer Skidmore,0.08,Modern,Wood,5.0,,,1906,119,No,Minimal,Auctioned in New York,4.64,5.43
Renaissance_Jean_1198,Jean Conley,0.21,Renaissance,Stone,12.0,6.0,57899.0,1901,124,No,Elegant,Auctioned in New York,61.49,91.71
Modern_Eileen_1199,Eileen King,0.41,Modern,Aluminium,9.0,4.0,141.0,1982,43,Yes,Expressive,Inherited Estate,3.09,4.45
Modern_Sang_1200,Sang Downey,0.29,Modern,Aluminium,19.0,10.0,514.0,1970,55,Yes,Intricate,Gallery Exhibition,3.61,5.96
Renaissance_Gordon_1201,Gordon Iser,0.8,Renaissance,Bronze,14.0,8.0,2042.0,1859,166,No,Intricate,Gallery Exhibition,11.29,14.41
Contemporary_Evelyn_1202,Evelyn Kenan,0.39,Contemporary,Aluminium,10.0,5.0,217.0,1992,33,Yes,Intricate,Auctioned in London,2.79,4.14
Classical_Julia_1203,Julia Payne,0.35,Classical,Clay,4.0,4.0,54.0,1880,145,No,Elegant,Gallery Exhibition,3.79,3.63
Renaissance_Martina_1204,Martina Cole,0.69,Renaissance,Bronze,7.0,5.0,469.0,1881,144,No,Expressive,Acquired from Artist,5.74,6.65
Classical_Jacob_1205,Jacob Buckley,0.63,Classical,Aluminium,,,173.0,1996,29,Yes,Elegant,Private Collection,4.85,4.96
Minimalist_Billy_1206,Billy Phillips,0.65,Minimalist,Clay,35.0,16.0,6462.0,1955,70,Yes,Minimal,Private Collection,35.98,39.7
Baroque_Jacqueline_1207,Jacqueline Marti,0.81,Baroque,Bronze,26.0,6.0,8014.0,1909,116,No,Minimal,Auctioned in London,10.77,14.96
Abstract_Steve_1208,Steve Mayo,0.24,Abstract,,42.0,,142365.0,2017,8,Yes,Minimal,Acquired from Artist,88.56,87.0
Abstract_Mark_1209,Mark Jones,0.87,Abstract,,10.0,4.0,814.0,1961,64,Yes,Rustic,Museum Deaccession,1.84,3.04
Abstract_Austin_1210,Austin Gibbs,,Abstract,Brass,23.0,12.0,22783.0,1899,126,No,Polished,Museum Deaccession,19.88,18.42
Modern_April_1211,April Vagliardo,0.5,Modern,Clay,45.0,9.0,3773.0,1986,39,Yes,Rustic,Gallery Exhibition,9.17,13.48
Modern_Ray_1212,Ray Suh,0.52,Modern,Brass,22.0,13.0,24368.0,1861,164,No,Elegant,Acquired from Artist,28.98,35.8
Abstract_Jessica_1213,Jessica Lieberman,0.72,Abstract,Wood,12.0,8.0,148.0,1942,83,No,Vibrant,Private Collection,4.37,5.19
Contemporary_Kathryn_1214,Kathryn Giel,0.75,Contemporary,Bronze,,13.0,10515.0,2001,24,Yes,Minimal,Gallery Exhibition,53.57,52.42
Contemporary_Heather_1215,Heather Ramirez,0.47,Contemporary,Brass,,7.0,8979.0,1955,70,Yes,Polished,Gallery Exhibition,9.03,12.6
Modern_Carolyn_1216,Carolyn Geib,,Modern,Bronze,42.0,15.0,,1910,115,No,Polished,Museum Deaccession,147.79,144.15
Contemporary_Derrick_1217,Derrick Browning,,Contemporary,,10.0,5.0,474.0,1859,166,No,Rustic,Acquired from Artist,3.9,5.92
Contemporary_David_1218,David Fritz,0.82,Contemporary,Stone,30.0,,279249.0,1904,121,No,Expressive,Inherited Estate,1884.97,2440.98
Baroque_Pauline_1219,Pauline Bechtel,0.8,Baroque,Marble,7.0,4.0,990.0,2016,9,Yes,Elegant,Auctioned in London,3.54,3.81
Baroque_Robert_1220,Robert Parsons,0.22,Baroque,Marble,22.0,8.0,137531.0,1937,88,No,Vibrant,Gallery Exhibition,300.23,412.82
Classical_John_1221,John Howard,0.2,Classical,Bronze,19.0,8.0,5202.0,1869,156,No,Intricate,Auctioned in New York,10.56,11.91
Abstract_Karen_1222,Karen Daughtridge,0.5,Abstract,Clay,25.0,8.0,,1956,69,Yes,Rustic,Auctioned in New York,3.34,3.1
Minimalist_Iris_1223,Iris Evans,0.69,Minimalist,Marble,31.0,12.0,637276.0,1883,142,No,Intricate,Museum Deaccession,1135.12,1356.72
Classical_Lawrence_1224,Lawrence Mckenna,0.48,Classical,Brass,7.0,5.0,626.0,1885,140,No,Elegant,Auctioned in New York,6.17,6.45
Contemporary_William_1225,William Murrell,0.1,Contemporary,Stone,30.0,15.0,2546721.0,2006,19,Yes,Vibrant,Gallery Exhibition,1008.18,984.71
Baroque_Thomas_1226,Thomas Gilchrest,0.3,Baroque,,11.0,7.0,415.0,1955,70,Yes,Rustic,Private Collection,2.78,3.01
Contemporary_Kurt_1227,Kurt Poe,0.5,Contemporary,Marble,25.0,9.0,250627.0,1871,154,No,Vibrant,Museum Deaccession,511.93,739.57
Classical_Ann_1228,Ann Rubio,0.33,Classical,Clay,35.0,19.0,12898.0,1970,55,Yes,Rustic,Inherited Estate,11.73,11.83
Abstract_Antonio_1229,Antonio Rowley,0.47,Abstract,Bronze,25.0,,,1955,70,Yes,Vibrant,Museum Deaccession,66.31,61.9
Minimalist_Joshua_1230,Joshua Carter,,Minimalist,Bronze,40.0,17.0,55175.0,1908,117,No,Minimal,Private Collection,167.93,205.38
Modern_Velia_1231,Velia Perez,0.55,Modern,Aluminium,17.0,11.0,638.0,1955,70,Yes,Minimal,Auctioned in London,4.54,4.96
Contemporary_Paula_1232,Paula Mcclain,0.07,Contemporary,Aluminium,28.0,12.0,,1936,89,No,Elegant,Gallery Exhibition,5.88,5.45
Renaissance_Samantha_1233,Samantha Knox,0.0,Renaissance,Clay,16.0,7.0,1306.0,1906,119,No,Polished,Auctioned in New York,5.07,4.85
Minimalist_Joe_1234,Joe Bull,,Minimalist,Clay,4.0,3.0,,1888,137,No,Elegant,Gallery Exhibition,4.02,4.7
Baroque_David_1235,David Roman,0.92,Baroque,Wood,3.0,2.0,11.0,1963,62,Yes,Polished,Acquired from Artist,2.6,3.29
Modern_Amy_1236,Amy Gatlin,0.84,Modern,Wood,8.0,,48.0,1953,72,Yes,Rustic,Museum Deaccession,5.13,4.81
Abstract_Jack_1237,Jack Fellows,0.18,Abstract,Wood,64.0,19.0,1177.0,2012,13,Yes,Intricate,Auctioned in London,3.71,6.09
Modern_Deborah_1238,Deborah Woods,0.72,Modern,Clay,23.0,10.0,,1853,172,No,Elegant,Acquired from Artist,4.11,5.52
Abstract_Jim_1239,Jim Ballard,0.47,Abstract,Aluminium,51.0,19.0,7264.0,1878,147,No,Elegant,Gallery Exhibition,8.05,7.62
Modern_Michelle_1240,Michelle Layton,0.96,Modern,Stone,18.0,14.0,1016406.0,1933,92,No,Polished,Museum Deaccession,10449.03,11128.79
Classical_James_1241,James Stephens,0.52,Classical,Aluminium,38.0,11.0,2272.0,1850,175,No,Minimal,Gallery Exhibition,6.85,7.14
Classical_Tamika_1242,Tamika Mitchell,0.49,Classical,Brass,,6.0,4035.0,1965,60,Yes,Intricate,Auctioned in New York,3.94,6.09
Abstract_James_1243,James Dodge,,Abstract,Marble,35.0,6.0,181579.0,1999,26,Yes,Minimal,Private Collection,383.93,633.22
Renaissance_Michel_1244,Michel Kjar,,Renaissance,Clay,34.0,,11900.0,1891,134,No,Minimal,Acquired from Artist,20.93,25.77
Minimalist_Sharon_1245,Sharon Carroll,0.3,Minimalist,Clay,52.0,,17368.0,2004,21,Yes,Rustic,Museum Deaccession,23.1,27.37
Modern_George_1246,George Greer,0.91,Modern,Brass,14.0,6.0,3496.0,1995,30,Yes,Intricate,Auctioned in London,15.93,20.71
Minimalist_Sharon_1247,Sharon Simmons,0.8,Minimalist,,20.0,8.0,115500.0,1907,118,No,Polished,Private Collection,176.45,221.17
Classical_Henry_1248,Henry Gardner,0.27,Classical,Marble,31.0,13.0,1266851.0,1988,37,Yes,Minimal,Gallery Exhibition,2193.1,2737.74
Minimalist_Peter_1249,Peter Field,,Minimalist,Marble,17.0,14.0,,1967,58,Yes,Rustic,Auctioned in London,1334.02,1290.04
Abstract_Albert_1250,Albert Easterling,0.36,Abstract,Aluminium,29.0,12.0,1249.0,1983,42,Yes,Vibrant,Gallery Exhibition,6.26,6.98
Contemporary_Kathleen_1251,Kathleen Perry,0.89,Contemporary,Stone,27.0,,2255801.0,1950,75,No,Elegant,Museum Deaccession,10051.73,11025.79
Contemporary_Ronald_1252,Ronald Sotelo,0.61,Contemporary,Marble,18.0,7.0,89138.0,1880,145,No,Rustic,Auctioned in London,239.76,319.17
Contemporary_Andrew_1253,Andrew Natividad,0.48,Contemporary,Brass,6.0,4.0,326.0,1861,164,No,Expressive,Private Collection,3.17,4.71
Classical_Joanne_1254,Joanne Hansen,,Classical,,26.0,11.0,539.0,1913,112,No,Rustic,Auctioned in London,2.03,3.19
Renaissance_James_1255,James Mercedes,0.73,Renaissance,Bronze,10.0,4.0,,1919,106,No,Rustic,Acquired from Artist,6.33,6.76
Minimalist_Donald_1256,Donald Tolliver,0.15,Minimalist,Wood,8.0,4.0,58.0,1931,94,No,Elegant,Inherited Estate,3.69,4.9
Baroque_Edgar_1257,Edgar Moore,0.92,Baroque,Aluminium,17.0,8.0,431.0,1934,91,No,Elegant,Auctioned in London,3.38,3.2
Baroque_Emma_1258,Emma Hughes,0.76,Baroque,Marble,32.0,16.0,728601.0,1993,32,Yes,Polished,Auctioned in New York,2421.94,2363.91
Classical_Rudolf_1259,Rudolf Miniard,0.4,Classical,Marble,21.0,10.0,256408.0,1988,37,Yes,Vibrant,Acquired from Artist,247.55,335.81
Contemporary_Jannet_1260,Jannet Rubie,0.1,Contemporary,Brass,37.0,25.0,145950.0,1886,139,No,Polished,Auctioned in New York,58.43,65.88
Contemporary_Shirley_1261,Shirley Poole,0.26,Contemporary,Brass,37.0,6.0,22017.0,1877,148,No,Rustic,Private Collection,59.01,57.13
Modern_Jamie_1262,Jamie Christain,0.42,Modern,,9.0,4.0,3867.0,1919,106,No,Expressive,Gallery Exhibition,8.02,9.47
Contemporary_Donna_1263,Donna Mack,0.05,Contemporary,Brass,9.0,4.0,1105.0,1972,53,Yes,Expressive,Gallery Exhibition,5.05,5.62
Modern_Julia_1264,Julia Coleman,0.57,Modern,Marble,15.0,7.0,26777.0,1938,87,No,Intricate,Private Collection,115.09,114.11
Modern_Clarence_1265,Clarence Chu,0.48,Modern,Clay,21.0,11.0,3153.0,1932,93,No,Elegant,Private Collection,11.08,14.3
Modern_Roberto_1266,Roberto Sumner,,Modern,Clay,46.0,,,1942,83,No,Elegant,Gallery Exhibition,12.1,16.37
Contemporary_Rosalba_1267,Rosalba Gutman,0.2,Contemporary,Clay,17.0,13.0,1795.0,1959,66,Yes,Intricate,Gallery Exhibition,6.54,6.22
Minimalist_Robert_1268,Robert Hernadez,0.06,Minimalist,Clay,14.0,6.0,606.0,1875,150,No,Minimal,Acquired from Artist,3.95,6.04
Modern_Kathy_1269,Kathy Templin,0.12,Modern,Aluminium,43.0,23.0,5507.0,1945,80,No,Elegant,Gallery Exhibition,7.37,8.24
Minimalist_Scott_1270,Scott Londo,0.28,Minimalist,Bronze,9.0,4.0,382.0,1894,131,No,Elegant,Museum Deaccession,3.58,5.38
Classical_Judith_1271,Judith Fletcher,0.53,Classical,Marble,22.0,6.0,63498.0,1917,108,No,Minimal,Inherited Estate,98.56,112.91
Abstract_Beverly_1272,Beverly Mitchell,0.36,Abstract,Brass,42.0,18.0,115926.0,1938,87,No,Rustic,Auctioned in London,277.66,451.59
Contemporary_John_1273,John Costa,0.62,Contemporary,Marble,28.0,17.0,1582139.0,1947,78,No,Expressive,Auctioned in London,11058.1,12697.57
Classical_Edna_1274,Edna House,0.27,Classical,Bronze,30.0,10.0,14897.0,1949,76,No,Intricate,Gallery Exhibition,28.54,34.68
Baroque_Cecilia_1275,Cecilia Hill,0.24,Baroque,Marble,49.0,28.0,9724016.0,1888,137,No,Minimal,Gallery Exhibition,23380.1,23507.05
Renaissance_Kimberly_1276,Kimberly Flower,,Renaissance,Wood,33.0,,997.0,1881,144,No,Rustic,Inherited Estate,2.74,3.68
Modern_Enrique_1277,Enrique Andre,0.6,Modern,Bronze,23.0,14.0,19812.0,2018,7,Yes,Elegant,Acquired from Artist,107.09,112.5
Contemporary_Katherine_1278,Katherine Leisenring,0.88,Contemporary,Wood,18.0,9.0,266.0,1872,153,No,Rustic,Inherited Estate,2.72,3.0
Classical_Donna_1279,Donna Schellhase,0.76,Classical,Stone,15.0,8.0,114831.0,1925,100,No,Intricate,Inherited Estate,169.69,236.08
Modern_Debra_1280,Debra Truxillo,0.83,Modern,Aluminium,,10.0,1205.0,1980,45,Yes,Vibrant,Auctioned in London,11.85,11.53
Abstract_Queen_1281,Queen Scanlan,0.61,Abstract,Bronze,25.0,8.0,,1866,159,No,Elegant,Auctioned in London,35.77,50.77
Contemporary_Earnestine_1282,Earnestine Varner,0.21,Contemporary,Marble,12.0,,28982.0,1948,77,No,Minimal,Museum Deaccession,43.8,58.11
Contemporary_Wilbur_1283,Wilbur Lamping,0.08,Contemporary,Stone,37.0,22.0,13122717.0,1945,80,No,Intricate,Acquired from Artist,14668.64,14181.68
Baroque_David_1284,David Rice,0.82,Baroque,Stone,6.0,5.0,7062.0,1865,160,No,Vibrant,Auctioned in New York,51.68,54.87
Classical_David_1285,David Morgan,0.2,Classical,Stone,26.0,17.0,3092040.0,1903,122,No,Vibrant,Gallery Exhibition,2515.6,3512.6
Minimalist_Lindsay_1286,Lindsay Williams,0.4,Minimalist,Clay,25.0,8.0,2821.0,1993,32,Yes,Minimal,Private Collection,8.43,8.3
Baroque_Troy_1287,Troy Wallace,,Baroque,Aluminium,51.0,23.0,11346.0,1891,134,No,Minimal,Private Collection,24.75,26.44
Minimalist_Jessie_1288,Jessie Glenn,0.77,Minimalist,Marble,36.0,18.0,2744362.0,1979,46,Yes,Expressive,Auctioned in London,8446.62,10510.31
Classical_Todd_1289,Todd Stevens,0.36,Classical,Bronze,31.0,9.0,5640.0,1993,32,Yes,Intricate,Gallery Exhibition,11.4,11.52
Renaissance_Catherine_1290,Catherine Rausch,0.05,Renaissance,,4.0,,804.0,1879,146,No,Rustic,Acquired from Artist,6.64,6.36
Contemporary_Margaret_1291,Margaret Payton,0.39,Contemporary,Wood,50.0,8.0,609.0,1998,27,Yes,Polished,Inherited Estate,4.64,5.94
Modern_Ruth_1292,Ruth Munoz,0.55,Modern,Bronze,24.0,12.0,18901.0,1937,88,No,Minimal,Museum Deaccession,63.69,64.57
Minimalist_Muriel_1293,Muriel Guzman,0.17,Minimalist,Aluminium,25.0,,,1914,111,No,Expressive,Acquired from Artist,3.83,6.16
Minimalist_Kathleen_1294,Kathleen Cotter,1.0,Minimalist,Bronze,17.0,13.0,7024.0,2008,17,Yes,Intricate,Inherited Estate,55.93,78.37
Baroque_Mark_1295,Mark Stagnaro,0.56,Baroque,Marble,15.0,8.0,77353.0,1982,43,Yes,Polished,Private Collection,248.3,373.55
Contemporary_Joseph_1296,Joseph Bennett,0.95,Contemporary,Clay,31.0,15.0,7131.0,1902,123,No,Rustic,Acquired from Artist,18.76,30.84
Minimalist_Rebekah_1297,Rebekah Wright,0.15,Minimalist,Wood,35.0,24.0,828.0,1853,172,No,Polished,Private Collection,5.39,5.82
Contemporary_Carmen_1298,Carmen Gauthier,0.11,Contemporary,Bronze,30.0,17.0,,1949,76,No,Elegant,Inherited Estate,6.81,9.55
Modern_Araceli_1299,Araceli Lyvers,0.14,Modern,Aluminium,22.0,8.0,820.0,1850,175,No,Minimal,Gallery Exhibition,7.51,6.92
Contemporary_John_1300,John Cartier,0.36,Contemporary,Brass,38.0,6.0,20006.0,1894,131,No,Minimal,Auctioned in New York,17.51,17.52
Renaissance_James_1301,James Lugones,0.28,Renaissance,Bronze,33.0,17.0,29044.0,2012,13,Yes,Minimal,Acquired from Artist,149.78,158.68
Renaissance_Cecil_1302,Cecil Gelles,0.29,Renaissance,Bronze,29.0,18.0,27571.0,2014,11,Yes,Elegant,Museum Deaccession,67.61,64.47
Modern_Lisa_1303,Lisa Jacobs,0.8,Modern,Aluminium,21.0,10.0,,1979,46,Yes,Intricate,Acquired from Artist,5.64,5.89
Minimalist_Mae_1304,Mae King,,Minimalist,Wood,14.0,6.0,208.0,1893,132,No,Polished,Private Collection,2.85,3.83
Classical_James_1305,James Cooper,0.53,Classical,Aluminium,37.0,14.0,2835.0,1887,138,No,Minimal,Gallery Exhibition,5.95,5.72
Minimalist_Ursula_1306,Ursula Burger,0.9,Minimalist,Brass,40.0,18.0,36011.0,1934,91,No,Minimal,Gallery Exhibition,66.74,98.82
Renaissance_Cesar_1307,Cesar Williams,0.61,Renaissance,Brass,28.0,9.0,17627.0,1888,137,No,Polished,Gallery Exhibition,92.1,100.41
Abstract_Priscilla_1308,Priscilla Whitaker,0.97,Abstract,Bronze,3.0,3.0,63.0,1864,161,No,Vibrant,Private Collection,4.99,6.95
Classical_Wanda_1309,Wanda Hinkle,0.13,Classical,,19.0,,7630.0,1935,90,No,Elegant,Inherited Estate,25.12,23.81
Abstract_Dawn_1310,Dawn Banks,0.96,Abstract,Brass,6.0,,333.0,1964,61,Yes,Intricate,Gallery Exhibition,2.26,3.6
Baroque_David_1311,David Jenkins,0.25,Baroque,Bronze,18.0,,,1871,154,No,Elegant,Inherited Estate,16.51,15.34
Baroque_Melody_1312,Melody Smith,0.31,Baroque,Wood,32.0,16.0,713.0,1935,90,No,Elegant,Auctioned in London,4.98,5.52
Baroque_Ronald_1313,Ronald Hofmann,0.62,Baroque,Wood,23.0,15.0,798.0,1870,155,No,Minimal,Auctioned in New York,4.45,5.9
Renaissance_Helen_1314,Helen Estrada,0.47,Renaissance,Stone,42.0,33.0,29282087.0,1856,169,No,Vibrant,Gallery Exhibition,77867.06,105746.47
Renaissance_Kathleen_1315,Kathleen Phomphithak,0.89,Renaissance,Bronze,28.0,13.0,31311.0,1875,150,No,Minimal,Auctioned in New York,127.02,131.98
Modern_Dorothy_1316,Dorothy Calton,,Modern,Aluminium,,6.0,576.0,1892,133,No,Intricate,Acquired from Artist,2.42,3.48
Classical_Amalia_1317,Amalia Diaz,0.67,Classical,Aluminium,10.0,5.0,168.0,1954,71,Yes,Minimal,Acquired from Artist,4.42,5.1
Contemporary_Toby_1318,Toby Green,0.45,Contemporary,Stone,15.0,6.0,67157.0,1982,43,Yes,Elegant,Museum Deaccession,252.59,255.99
Abstract_Cynthia_1319,Cynthia Stein,0.12,Abstract,Stone,15.0,7.0,90965.0,1948,77,No,Polished,Museum Deaccession,117.11,167.23
Classical_Elizabeth_1320,Elizabeth Anderson,0.37,Classical,Wood,34.0,7.0,251.0,1945,80,No,Expressive,Private Collection,5.83,6.14
Baroque_Maxine_1321,Maxine Andrews,0.22,Baroque,Stone,20.0,7.0,120716.0,1976,49,Yes,Vibrant,Auctioned in London,97.79,94.12
Renaissance_Martha_1322,Martha Mejia,0.76,Renaissance,,23.0,9.0,360.0,1936,89,No,Vibrant,Museum Deaccession,1.94,3.16
Renaissance_Melva_1323,Melva Daniels,0.41,Renaissance,Brass,31.0,10.0,22370.0,1865,160,No,Elegant,Acquired from Artist,86.81,131.47
Baroque_Yon_1324,Yon Harmon,0.34,Baroque,,3.0,3.0,11.0,1850,175,No,Rustic,Inherited Estate,2.83,3.3
Modern_Marc_1325,Marc Johnson,0.36,Modern,,37.0,23.0,143932.0,1925,100,No,Polished,Museum Deaccession,77.0,122.93
Contemporary_Mary_1326,Mary Mooney,,Contemporary,Bronze,44.0,28.0,158886.0,1933,92,No,Vibrant,Inherited Estate,565.77,553.0
Renaissance_George_1327,George Harris,0.15,Renaissance,Marble,6.0,5.0,2414.0,1951,74,Yes,Elegant,Museum Deaccession,5.13,5.5
Contemporary_Brenda_1328,Brenda Bailey,0.38,Contemporary,Bronze,39.0,13.0,14380.0,2001,24,Yes,Rustic,Private Collection,35.93,40.92
Abstract_Grace_1329,Grace Gazzo,0.71,Abstract,Bronze,34.0,9.0,23718.0,1982,43,Yes,Intricate,Auctioned in London,71.73,71.54
Baroque_Thelma_1330,Thelma Moore,0.65,Baroque,Clay,18.0,6.0,1303.0,1945,80,No,Vibrant,Gallery Exhibition,9.07,8.59
Minimalist_Anne_1331,Anne Rojas,0.64,Minimalist,Aluminium,29.0,13.0,2994.0,1957,68,Yes,Rustic,Private Collection,3.37,5.25
Contemporary_Patricia_1332,Patricia Wade,0.12,Contemporary,Brass,20.0,7.0,9139.0,1922,103,No,Rustic,Acquired from Artist,14.3,14.17
Contemporary_Harold_1333,Harold Lim,0.1,Contemporary,,17.0,7.0,93846.0,1881,144,No,Minimal,Gallery Exhibition,199.16,262.69
Modern_Arnold_1334,Arnold Massey,0.1,Modern,,37.0,13.0,16342.0,1934,91,No,Expressive,Gallery Exhibition,28.2,29.15
Renaissance_Robert_1335,Robert Bruni,0.47,Renaissance,Aluminium,16.0,6.0,219.0,1993,32,Yes,Polished,Auctioned in London,3.11,4.36
Abstract_Sylvia_1336,Sylvia Cookman,,Abstract,,18.0,6.0,170.0,1884,141,No,Expressive,Museum Deaccession,3.24,4.56
Renaissance_Anthony_1337,Anthony Hayes,0.76,Renaissance,Clay,25.0,14.0,4551.0,2002,23,Yes,Intricate,Museum Deaccession,49.43,48.64
Renaissance_Marie_1338,Marie Nguyen,0.04,Renaissance,Marble,18.0,9.0,,1897,128,No,Elegant,Museum Deaccession,169.81,206.51
Minimalist_Kevin_1339,Kevin Howard,0.46,Minimalist,Bronze,21.0,,,1858,167,No,Expressive,Inherited Estate,9.97,9.62
Classical_Iva_1340,Iva Blevins,0.15,Classical,Wood,25.0,17.0,715.0,1881,144,No,Intricate,Private Collection,2.89,4.07
Modern_Martha_1341,Martha Schneider,0.83,Modern,,16.0,7.0,36532.0,1996,29,Yes,Expressive,Inherited Estate,54.87,65.56
Contemporary_Neva_1342,Neva Mayberry,0.27,Contemporary,Marble,7.0,5.0,4182.0,1965,60,Yes,Expressive,Museum Deaccession,9.3,12.7
Contemporary_James_1343,James Gillham,0.48,Contemporary,Stone,,5.0,7247.0,1964,61,Yes,Elegant,Auctioned in London,30.05,34.11
Classical_Arthur_1344,Arthur Medlin,0.25,Classical,Wood,10.0,4.0,58.0,2007,18,Yes,Intricate,Auctioned in London,2.16,3.46
Classical_Bette_1345,Bette Overstreet,0.15,Classical,,17.0,,509780.0,1870,155,No,Elegant,Acquired from Artist,676.46,649.95
Abstract_Erich_1346,Erich Crippen,0.49,Abstract,Aluminium,23.0,12.0,1196.0,2018,7,Yes,Intricate,Auctioned in New York,2.75,4.07
Classical_Joe_1347,Joe Mcgarvey,0.63,Classical,,9.0,4.0,708.0,1945,80,No,Intricate,Acquired from Artist,3.49,3.43
Contemporary_Erin_1348,Erin Monty,0.81,Contemporary,Stone,19.0,14.0,265831.0,1994,31,Yes,Vibrant,Gallery Exhibition,1260.21,1167.59
Renaissance_Thomas_1349,Thomas Santiago,0.2,Renaissance,Aluminium,29.0,7.0,537.0,1890,135,No,Minimal,Auctioned in New York,3.82,5.47
Modern_Jackie_1350,Jackie Cole,0.81,Modern,Stone,19.0,8.0,117499.0,1900,125,No,Vibrant,Auctioned in London,709.6,913.8
Minimalist_James_1351,James Conboy,0.93,Minimalist,Marble,19.0,8.0,102566.0,1917,108,No,Elegant,Auctioned in London,494.2,452.14
Abstract_John_1352,John Cobbins,0.11,Abstract,,,6.0,1032.0,1860,165,No,Minimal,Gallery Exhibition,2.87,3.34
Modern_Milton_1353,Milton Randle,0.63,Modern,Clay,22.0,6.0,1624.0,1889,136,No,Intricate,Acquired from Artist,6.03,6.09
Baroque_Donald_1354,Donald Najera,,Baroque,Aluminium,22.0,11.0,1131.0,1860,165,No,Minimal,Auctioned in London,2.95,3.15
Minimalist_Estella_1355,Estella Fiorini,0.49,Minimalist,Bronze,12.0,8.0,3314.0,1995,30,Yes,Vibrant,Acquired from Artist,3.9,6.15
Baroque_Rebecca_1356,Rebecca Peachey,0.61,Baroque,Aluminium,21.0,15.0,,1948,77,No,Vibrant,Inherited Estate,6.97,8.43
Contemporary_Bertha_1357,Bertha Porter,0.96,Contemporary,Bronze,14.0,6.0,993.0,1893,132,No,Expressive,Auctioned in New York,10.29,10.89
Classical_Herminia_1358,Herminia Holmes,0.38,Classical,Aluminium,43.0,14.0,1718.0,2008,17,Yes,Rustic,Acquired from Artist,4.42,5.06
Minimalist_Jeffery_1359,Jeffery Ring,0.05,Minimalist,Aluminium,41.0,17.0,3071.0,1904,121,No,Expressive,Gallery Exhibition,6.59,6.1
Minimalist_Ruby_1360,Ruby Bloom,0.64,Minimalist,Bronze,33.0,17.0,38838.0,1896,129,No,Minimal,Private Collection,91.36,115.38
Abstract_Lyndsey_1361,Lyndsey Bowen,0.16,Abstract,Marble,,4.0,,1996,29,Yes,Vibrant,Auctioned in New York,6.01,6.83
Baroque_Jana_1362,Jana Terry,0.64,Baroque,Stone,15.0,7.0,46622.0,2019,6,Yes,Minimal,Private Collection,176.63,261.92
Modern_Obdulia_1363,Obdulia Delgado,0.06,Modern,Marble,10.0,,9102.0,1899,126,No,Vibrant,Auctioned in London,7.92,9.89
Renaissance_Jordan_1364,Jordan Barnhart,0.15,Renaissance,Aluminium,41.0,9.0,1374.0,2003,22,Yes,Intricate,Inherited Estate,5.43,5.2
Renaissance_Gerald_1365,Gerald White,0.37,Renaissance,Aluminium,27.0,6.0,602.0,1987,38,Yes,Vibrant,Inherited Estate,4.08,5.18
Renaissance_Ruth_1366,Ruth Goodridge,0.18,Renaissance,Aluminium,15.0,6.0,361.0,1874,151,No,Elegant,Gallery Exhibition,4.07,6.14
Classical_Joann_1367,Joann Griffin,0.74,Classical,Stone,7.0,5.0,5827.0,1868,157,No,Expressive,Auctioned in New York,14.77,14.94
Minimalist_Nancy_1368,Nancy Bergeron,0.88,Minimalist,Stone,6.0,4.0,2541.0,1864,161,No,Intricate,Acquired from Artist,8.89,12.78
Abstract_Santa_1369,Santa Jones,0.17,Abstract,Clay,24.0,8.0,1765.0,1911,114,No,Minimal,Auctioned in New York,2.75,3.86
Renaissance_Gary_1370,Gary Hensley,0.82,Renaissance,Clay,9.0,4.0,166.0,2017,8,Yes,Elegant,Inherited Estate,3.8,3.88
Minimalist_Karen_1371,Karen Nichols,0.12,Minimalist,Stone,19.0,7.0,207649.0,2014,11,Yes,Polished,Acquired from Artist,182.53,219.89
Classical_Rodney_1372,Rodney Ferro,0.17,Classical,Clay,5.0,3.0,45.0,1933,92,No,Expressive,Inherited Estate,4.01,6.5
Contemporary_Brigida_1373,Brigida Miller,0.72,Contemporary,Marble,27.0,12.0,577202.0,1940,85,No,Minimal,Auctioned in London,2516.01,2721.22
Modern_John_1374,John Davis,,Modern,,5.0,4.0,10.0,1982,43,Yes,Elegant,Auctioned in London,4.29,6.8
Classical_Joseph_1375,Joseph Bledsaw,0.93,Classical,,20.0,11.0,8087.0,1990,35,Yes,Intricate,Museum Deaccession,27.37,38.65
Renaissance_Marlene_1376,Marlene Howard,0.44,Renaissance,Stone,3.0,3.0,284.0,1861,164,No,Intricate,Gallery Exhibition,3.88,5.68
Modern_James_1377,James Clack,0.06,Modern,,19.0,8.0,2613.0,1949,76,No,Rustic,Museum Deaccession,4.34,6.11
Classical_Beatrice_1378,Beatrice Ballinger,0.61,Classical,Aluminium,11.0,6.0,143.0,2013,12,Yes,Elegant,Private Collection,4.6,6.27
Modern_Eldon_1379,Eldon Harding,0.3,Modern,Clay,6.0,4.0,141.0,1938,87,No,Minimal,Gallery Exhibition,4.69,5.27
Baroque_Carroll_1380,Carroll Darby,0.28,Baroque,Aluminium,8.0,4.0,94.0,1977,48,Yes,Intricate,Private Collection,6.74,6.61
Baroque_Ivan_1381,Ivan Nebergall,0.08,Baroque,,28.0,12.0,1097388.0,1995,30,Yes,Rustic,Gallery Exhibition,3522.06,3639.17
Renaissance_Rickey_1382,Rickey Jones,0.76,Renaissance,Wood,15.0,8.0,257.0,2016,9,Yes,Rustic,Inherited Estate,3.84,4.08
Baroque_Ethel_1383,Ethel Meyer,,Baroque,Aluminium,23.0,12.0,,1909,116,No,Intricate,Gallery Exhibition,4.07,6.05
Baroque_Adrian_1384,Adrian Burchard,0.83,Baroque,Aluminium,24.0,7.0,549.0,1867,158,No,Intricate,Museum Deaccession,4.42,4.08
Minimalist_Stacy_1385,Stacy Douglas,0.52,Minimalist,Bronze,16.0,6.0,2226.0,1930,95,No,Expressive,Gallery Exhibition,6.88,7.08
Renaissance_Larry_1386,Larry Curran,0.47,Renaissance,Wood,19.0,8.0,269.0,1894,131,No,Expressive,Private Collection,4.63,4.95
Classical_Donald_1387,Donald Morrow,0.59,Classical,Aluminium,26.0,9.0,1120.0,1854,171,No,Polished,Gallery Exhibition,6.17,6.85
Renaissance_Kendra_1388,Kendra Battista,,Renaissance,Aluminium,25.0,15.0,1926.0,1961,64,Yes,Rustic,Auctioned in London,2.21,3.65
Minimalist_Katie_1389,Katie Standifer,,Minimalist,Brass,20.0,8.0,9949.0,1879,146,No,Minimal,Auctioned in New York,36.56,43.72
Modern_Michael_1390,Michael Hookano,0.4,Modern,Wood,20.0,12.0,511.0,1861,164,No,Elegant,Museum Deaccession,2.88,3.22
Renaissance_Anna_1391,Anna Atkeson,0.16,Renaissance,Clay,33.0,20.0,5589.0,1957,68,Yes,Polished,Auctioned in New York,5.81,7.28
Baroque_Claudia_1392,Claudia Gauthier,0.91,Baroque,,38.0,22.0,98032.0,1872,153,No,Minimal,Inherited Estate,454.73,539.92
Modern_Xavier_1393,Xavier Miller,0.28,Modern,Bronze,17.0,8.0,4475.0,1917,108,No,Elegant,Inherited Estate,14.35,22.02
Contemporary_Paula_1394,Paula Bookman,0.02,Contemporary,Marble,19.0,7.0,93792.0,1885,140,No,Expressive,Auctioned in New York,35.26,38.02
Abstract_Brian_1395,Brian Brinker,0.82,Abstract,Brass,,17.0,,1983,42,Yes,Elegant,Auctioned in New York,276.67,345.2
Abstract_Dianna_1396,Dianna Ownby,0.2,Abstract,Aluminium,22.0,9.0,,2014,11,Yes,Minimal,Acquired from Artist,3.19,4.3
Abstract_Debra_1397,Debra Phillips,0.69,Abstract,Clay,18.0,7.0,1405.0,1959,66,Yes,Elegant,Gallery Exhibition,9.52,9.8
Classical_Steve_1398,Steve Mcgriff,0.8,Classical,Aluminium,,5.0,112.0,1890,135,No,Rustic,Gallery Exhibition,4.53,4.92
Modern_Jeffrey_1399,Jeffrey Blank,0.51,Modern,Brass,43.0,13.0,,1944,81,No,Elegant,Auctioned in New York,153.83,210.69
Classical_Lottie_1400,Lottie Powell,,Classical,,45.0,7.0,278003.0,1905,120,No,Elegant,Acquired from Artist,116.96,166.74
Modern_Robert_1401,Robert Broadwater,0.87,Modern,Marble,22.0,16.0,,1986,39,Yes,Rustic,Inherited Estate,766.3,1042.06
Classical_David_1402,David Rodriguez,0.21,Classical,Wood,7.0,5.0,17.0,2017,8,Yes,Elegant,Inherited Estate,2.6,3.75
Contemporary_Vanessa_1403,Vanessa Pitts,0.54,Contemporary,Stone,22.0,6.0,84692.0,1921,104,No,Rustic,Museum Deaccession,81.57,128.16
Contemporary_Ellen_1404,Ellen Ketter,0.23,Contemporary,Wood,,13.0,855.0,1866,159,No,Elegant,Acquired from Artist,4.83,6.42
Baroque_Paul_1405,Paul Yohn,,Baroque,,3.0,2.0,13.0,2005,20,Yes,Vibrant,Private Collection,2.57,3.9
Minimalist_Marvin_1406,Marvin Sawyer,0.33,Minimalist,,11.0,7.0,323.0,1924,101,No,Expressive,Gallery Exhibition,2.65,4.01
Contemporary_Ronald_1407,Ronald Reinhardt,0.08,Contemporary,Brass,8.0,5.0,873.0,1958,67,Yes,Minimal,Acquired from Artist,2.88,4.41
Modern_Ann_1408,Ann Kelly,0.38,Modern,Marble,20.0,6.0,45873.0,1899,126,No,Vibrant,Auctioned in London,45.37,42.52
Classical_Eva_1409,Eva Horne,,Classical,Stone,41.0,12.0,2904327.0,1922,103,No,Expressive,Auctioned in New York,7912.52,7352.05
Baroque_Gene_1410,Gene Wooten,0.58,Baroque,Aluminium,8.0,5.0,195.0,1859,166,No,Elegant,Gallery Exhibition,6.4,6.13
Classical_Maria_1411,Maria Boswell,0.67,Classical,,64.0,22.0,196552.0,1929,96,No,Vibrant,Inherited Estate,602.14,717.54
Renaissance_Zita_1412,Zita Matchett,,Renaissance,Brass,7.0,4.0,442.0,1957,68,Yes,Elegant,Auctioned in London,4.86,6.34
Modern_Jeff_1413,Jeff Poindexter,0.92,Modern,Brass,11.0,8.0,4044.0,1904,121,No,Elegant,Museum Deaccession,16.72,21.78
Contemporary_Albert_1414,Albert Waddell,0.64,Contemporary,,19.0,6.0,,1867,158,No,Elegant,Inherited Estate,13.25,21.44
Baroque_James_1415,James Alonzo,0.74,Baroque,Wood,37.0,12.0,222.0,1937,88,No,Minimal,Private Collection,2.73,3.72
Baroque_Anne_1416,Anne Dunkley,0.22,Baroque,Bronze,35.0,14.0,21259.0,1889,136,No,Polished,Auctioned in New York,24.99,26.38
Minimalist_Donald_1417,Donald Adair,0.23,Minimalist,Aluminium,12.0,7.0,228.0,1973,52,Yes,Polished,Inherited Estate,4.26,6.36
Baroque_Lucille_1418,Lucille Hopkins,0.44,Baroque,Bronze,35.0,13.0,18824.0,1905,120,No,Intricate,Acquired from Artist,78.01,79.01
Abstract_Rachelle_1419,Rachelle Edison,0.78,Abstract,Stone,3.0,2.0,,1886,139,No,Vibrant,Auctioned in London,4.42,5.61
Contemporary_Judith_1420,Judith Wallace,0.59,Contemporary,Clay,36.0,,,1913,112,No,Intricate,Private Collection,5.73,5.37
Minimalist_Alta_1421,Alta Unga,0.26,Minimalist,Wood,14.0,7.0,201.0,2007,18,Yes,Expressive,Private Collection,4.33,5.32
Abstract_Mary_1422,Mary Tucker,0.76,Abstract,Aluminium,7.0,4.0,88.0,1892,133,No,Expressive,Museum Deaccession,3.98,5.54
Abstract_Samuel_1423,Samuel Yanez,0.04,Abstract,Stone,15.0,6.0,52906.0,1963,62,Yes,Intricate,Private Collection,155.87,142.88
Contemporary_Nancy_1424,Nancy Marrara,0.51,Contemporary,Stone,6.0,5.0,4600.0,1978,47,Yes,Intricate,Auctioned in London,6.68,6.3
Contemporary_Bruce_1425,Bruce Donaldson,0.87,Contemporary,Wood,29.0,10.0,496.0,1855,170,No,Elegant,Museum Deaccession,6.86,6.61
Renaissance_Gertrude_1426,Gertrude Pendley,0.23,Renaissance,Stone,4.0,4.0,1628.0,1972,53,Yes,Vibrant,Acquired from Artist,6.05,6.95
Minimalist_Catherine_1427,Catherine Martin,0.49,Minimalist,Brass,54.0,26.0,441718.0,1870,155,No,Rustic,Auctioned in New York,425.89,579.61
Modern_Leslie_1428,Leslie Sargent,0.66,Modern,Brass,11.0,7.0,2779.0,1889,136,No,Polished,Private Collection,17.23,19.82
Minimalist_Carol_1429,Carol Bassham,0.31,Minimalist,Stone,20.0,6.0,178480.0,1971,54,Yes,Elegant,Museum Deaccession,112.36,125.33
Classical_Bridget_1430,Bridget Lovern,,Classical,Marble,30.0,10.0,612057.0,1970,55,Yes,Polished,Gallery Exhibition,1146.37,1146.43
Contemporary_Patricia_1431,Patricia Brock,0.52,Contemporary,Stone,30.0,25.0,6065475.0,1989,36,Yes,Polished,Auctioned in London,19019.64,28255.14
Abstract_Benjamin_1432,Benjamin Hayes,0.26,Abstract,Clay,7.0,5.0,,1901,124,No,Expressive,Inherited Estate,2.73,3.0
Minimalist_Stacy_1433,Stacy Wall,,Minimalist,Stone,31.0,10.0,774398.0,1929,96,No,Minimal,Auctioned in New York,1220.65,1686.16
Modern_Gary_1434,Gary Blanton,0.53,Modern,Brass,7.0,5.0,666.0,1913,112,No,Polished,Inherited Estate,5.39,6.49
Renaissance_Joshua_1435,Joshua Kifer,0.71,Renaissance,Clay,3.0,2.0,12.0,1976,49,Yes,Rustic,Gallery Exhibition,5.1,5.1
Minimalist_Rossie_1436,Rossie Sivels,0.76,Minimalist,Wood,20.0,10.0,389.0,1986,39,Yes,Vibrant,Gallery Exhibition,2.72,3.02
Abstract_Matthew_1437,Matthew Opheim,0.13,Abstract,Wood,17.0,7.0,210.0,1980,45,Yes,Polished,Auctioned in London,5.73,6.41
Classical_Michael_1438,Michael Dean,0.45,Classical,Wood,14.0,7.0,143.0,2010,15,Yes,Elegant,Acquired from Artist,3.83,4.1
Baroque_Rodney_1439,Rodney Duffield,0.38,Baroque,Bronze,7.0,4.0,348.0,1971,54,Yes,Rustic,Auctioned in New York,3.75,3.8
Contemporary_Billy_1440,Billy Tannenbaum,0.56,Contemporary,,15.0,,466.0,1884,141,No,Vibrant,Inherited Estate,5.02,4.96
Classical_Debbie_1441,Debbie Wilhoite,0.32,Classical,Stone,35.0,7.0,535573.0,1858,167,No,Minimal,Auctioned in New York,3028.29,2927.17
Renaissance_Sherry_1442,Sherry Thornton,0.23,Renaissance,Brass,24.0,9.0,19312.0,1893,132,No,Expressive,Acquired from Artist,57.61,79.98
Minimalist_Anthony_1443,Anthony Henderson,0.78,Minimalist,Wood,50.0,19.0,1878.0,1938,87,No,Expressive,Private Collection,9.08,14.46
Baroque_Bruno_1444,Bruno Herod,0.24,Baroque,Wood,18.0,6.0,119.0,1904,121,No,Intricate,Museum Deaccession,3.37,5.59
Modern_Ellen_1445,Ellen Kent,0.42,Modern,Stone,23.0,20.0,3073571.0,1854,171,No,Expressive,Inherited Estate,15662.89,15226.48
Abstract_James_1446,James Ullrich,0.03,Abstract,Bronze,18.0,8.0,4351.0,1912,113,No,Polished,Inherited Estate,4.96,5.98
Renaissance_Alexandra_1447,Alexandra Arnold,0.41,Renaissance,Aluminium,44.0,15.0,3764.0,1922,103,No,Rustic,Inherited Estate,10.81,15.18
Baroque_Carrie_1448,Carrie Lopez,,Baroque,Clay,21.0,10.0,,1948,77,No,Intricate,Acquired from Artist,12.99,13.27
Contemporary_Judy_1449,Judy Comnick,0.24,Contemporary,Wood,38.0,26.0,1333.0,1992,33,Yes,Minimal,Auctioned in New York,6.73,6.21
Modern_Mary_1450,Mary Teano,0.68,Modern,Bronze,20.0,12.0,10751.0,1853,172,No,Expressive,Auctioned in New York,52.83,72.01
Classical_Tangela_1451,Tangela Alderman,0.37,Classical,Wood,7.0,5.0,64.0,1966,59,Yes,Intricate,Museum Deaccession,3.93,5.96
Abstract_Raymond_1452,Raymond Moore,0.6,Abstract,Marble,7.0,5.0,5012.0,1949,76,No,Polished,Private Collection,27.04,29.2
Modern_Esperanza_1453,Esperanza Alzate,0.32,Modern,Aluminium,12.0,7.0,342.0,1940,85,No,Minimal,Museum Deaccession,2.41,3.97
Abstract_Amy_1454,Amy Jones,0.04,Abstract,Stone,26.0,6.0,115296.0,1859,166,No,Intricate,Museum Deaccession,136.36,226.85
Modern_Christopher_1455,Christopher Cartwright,0.13,Modern,Brass,16.0,7.0,3723.0,1885,140,No,Polished,Museum Deaccession,8.72,11.97
Classical_Rachel_1456,Rachel Rodriquez,0.92,Classical,Marble,49.0,23.0,8239094.0,1988,37,Yes,Minimal,Inherited Estate,37064.37,57319.17
Abstract_Betty_1457,Betty Maldonado,0.38,Abstract,,8.0,5.0,799.0,1984,41,Yes,Expressive,Auctioned in New York,6.06,6.62
Baroque_Fred_1458,Fred Lala,0.05,Baroque,Wood,21.0,8.0,269.0,1882,143,No,Vibrant,Private Collection,5.17,5.76
Baroque_Timothy_1459,Timothy Heyne,0.19,Baroque,Clay,17.0,6.0,529.0,2009,16,Yes,Intricate,Museum Deaccession,3.3,4.86
Abstract_Nancy_1460,Nancy Hensley,0.19,Abstract,Clay,57.0,14.0,13473.0,1931,94,No,Minimal,Inherited Estate,23.09,35.17
Baroque_Taisha_1461,Taisha Borden,0.62,Baroque,Brass,25.0,13.0,36781.0,1913,112,No,Polished,Inherited Estate,158.63,152.57
Modern_Dustin_1462,Dustin Stroud,0.17,Modern,Stone,38.0,9.0,1169736.0,1863,162,No,Rustic,Gallery Exhibition,4150.09,3798.29
Minimalist_Deon_1463,Deon Smith,0.92,Minimalist,Clay,15.0,6.0,507.0,1992,33,Yes,Expressive,Inherited Estate,4.85,4.85
Renaissance_Lindsey_1464,Lindsey Mulvihill,0.18,Renaissance,Bronze,27.0,7.0,7711.0,1933,92,No,Polished,Inherited Estate,19.78,19.61
Modern_James_1465,James Gutierrez,,Modern,,13.0,8.0,4689.0,1958,67,Yes,Minimal,Acquired from Artist,6.12,5.76
Classical_Julia_1466,Julia Walston,0.66,Classical,Brass,25.0,12.0,40648.0,1857,168,No,Expressive,Private Collection,113.99,150.31
Baroque_Tracy_1467,Tracy Hubbard,0.87,Baroque,Brass,12.0,7.0,,1854,171,No,Intricate,Museum Deaccession,4.23,4.59
Abstract_Stephanie_1468,Stephanie Nappi,0.43,Abstract,Wood,17.0,8.0,340.0,2015,10,Yes,Vibrant,Private Collection,3.2,5.28
Minimalist_Harry_1469,Harry Harrison,0.38,Minimalist,Brass,16.0,8.0,3792.0,1967,58,Yes,Vibrant,Auctioned in London,13.6,20.42
Contemporary_Ernesto_1470,Ernesto Holcomb,0.23,Contemporary,Bronze,18.0,6.0,2657.0,1918,107,No,Vibrant,Acquired from Artist,3.72,4.46
Renaissance_Linda_1471,Linda Price,0.56,Renaissance,Stone,6.0,5.0,,1941,84,No,Minimal,Acquired from Artist,3.38,5.16
Abstract_Meghan_1472,Meghan Bailey,,Abstract,Bronze,8.0,5.0,350.0,1999,26,Yes,Elegant,Acquired from Artist,3.2,3.34
Contemporary_Lynda_1473,Lynda Martin,0.7,Contemporary,,39.0,19.0,1378.0,1949,76,No,Vibrant,Private Collection,3.4,5.43
Baroque_Stacy_1474,Stacy King,0.49,Baroque,Wood,8.0,4.0,67.0,1881,144,No,Polished,Private Collection,7.03,6.44
Classical_Connie_1475,Connie Mckinney,0.72,Classical,Marble,24.0,11.0,210797.0,1868,157,No,Minimal,Museum Deaccession,697.6,1157.62
Contemporary_Denise_1476,Denise Spears,0.48,Contemporary,Clay,24.0,,2436.0,1948,77,No,Minimal,Auctioned in London,4.04,5.74
Abstract_Olga_1477,Olga Zender,0.64,Abstract,Aluminium,26.0,11.0,830.0,1933,92,No,Intricate,Acquired from Artist,4.01,3.78
Classical_Sam_1478,Sam Young,0.17,Classical,Marble,27.0,16.0,775329.0,1989,36,Yes,Intricate,Private Collection,1597.74,1500.49
Minimalist_Jessica_1479,Jessica Irwin,0.4,Minimalist,,11.0,7.0,534.0,1964,61,Yes,Expressive,Private Collection,5.46,5.35
Renaissance_Tessa_1480,Tessa Scott,,Renaissance,Wood,,6.0,,1872,153,No,Polished,Inherited Estate,4.6,6.38
Renaissance_Michelle_1481,Michelle Herbert,0.31,Renaissance,,31.0,10.0,4770.0,1876,149,No,Polished,Acquired from Artist,11.71,11.78
Minimalist_Rosa_1482,Rosa Wood,0.63,Minimalist,Marble,5.0,5.0,1864.0,2012,13,Yes,Minimal,Inherited Estate,13.0,16.69
Classical_Sharon_1483,Sharon Folts,0.21,Classical,Clay,19.0,6.0,1190.0,1859,166,No,Vibrant,Inherited Estate,5.58,5.94
Baroque_Bertha_1484,Bertha Fox,0.34,Baroque,Clay,8.0,,163.0,1876,149,No,Vibrant,Inherited Estate,3.89,4.12
Contemporary_Kevin_1485,Kevin Zacarias,0.46,Contemporary,Clay,30.0,7.0,3411.0,1866,159,No,Intricate,Museum Deaccession,2.19,3.04
Baroque_Daniel_1486,Daniel Stribley,0.64,Baroque,Brass,11.0,7.0,2786.0,1900,125,No,Expressive,Acquired from Artist,6.92,6.42
Baroque_Julio_1487,Julio Kaufmann,0.48,Baroque,Marble,14.0,8.0,16115.0,1894,131,No,Vibrant,Private Collection,50.24,49.52
Contemporary_Alfred_1488,Alfred Isch,0.36,Contemporary,Marble,32.0,19.0,2515578.0,1902,123,No,Elegant,Auctioned in London,13748.08,16096.58
Classical_Joel_1489,Joel Hopkins,0.05,Classical,Clay,36.0,16.0,11476.0,2003,22,Yes,Expressive,Auctioned in London,6.48,7.2
Contemporary_Pierre_1490,Pierre Corda,0.75,Contemporary,Marble,7.0,5.0,2845.0,2009,16,Yes,Minimal,Auctioned in London,9.59,13.96
Abstract_Marion_1491,Marion Serrano,,Abstract,Wood,9.0,4.0,64.0,1886,139,No,Vibrant,Museum Deaccession,3.17,3.4
Classical_Federico_1492,Federico May,0.11,Classical,Clay,18.0,,1175.0,2011,14,Yes,Intricate,Private Collection,2.2,3.65
Abstract_John_1493,John Fenn,0.18,Abstract,Aluminium,22.0,6.0,476.0,1870,155,No,Expressive,Auctioned in New York,5.08,5.45
Renaissance_Genevieve_1494,Genevieve Linthicum,0.72,Renaissance,Bronze,14.0,6.0,2550.0,1917,108,No,Rustic,Auctioned in New York,6.88,6.67
Classical_Rose_1495,Rose Pantoja,0.28,Classical,Stone,21.0,9.0,210898.0,1898,127,No,Elegant,Auctioned in New York,343.04,467.8
Contemporary_Damaris_1496,Damaris Ammons,0.78,Contemporary,Stone,34.0,21.0,7285369.0,1998,27,Yes,Minimal,Gallery Exhibition,12052.66,16541.09
Minimalist_Marquis_1497,Marquis Boswell,0.72,Minimalist,Brass,28.0,12.0,25684.0,2013,12,Yes,Vibrant,Acquired from Artist,72.2,114.28
Minimalist_Christopher_1498,Christopher Long,0.8,Minimalist,Clay,56.0,22.0,7791.0,1887,138,No,Elegant,Museum Deaccession,28.16,30.99
Modern_Brittany_1499,Brittany Eggert,0.41,Modern,Marble,3.0,2.0,76.0,1864,161,No,Minimal,Auctioned in New York,5.52,6.67
Contemporary_Roland_1500,Roland Goffinet,0.23,Contemporary,,22.0,,9789.0,1990,35,Yes,Expressive,Private Collection,26.02,39.79
Minimalist_Jennifer_1501,Jennifer Stroman,0.32,Minimalist,Marble,25.0,10.0,334109.0,2009,16,Yes,Polished,Museum Deaccession,1003.98,1287.62
Abstract_Linda_1502,Linda Lane,0.36,Abstract,Aluminium,11.0,8.0,207.0,1881,144,No,Elegant,Private Collection,3.12,4.43
Abstract_Debrah_1503,Debrah Gillespie,0.05,Abstract,Stone,20.0,6.0,81599.0,1850,175,No,Polished,Museum Deaccession,27.93,45.12
Baroque_Florence_1504,Florence Beck,0.41,Baroque,Brass,,11.0,68086.0,1928,97,No,Minimal,Auctioned in New York,208.17,212.58
Classical_Lisa_1505,Lisa Paulson,0.47,Classical,Stone,33.0,8.0,432410.0,1942,83,No,Minimal,Museum Deaccession,491.39,720.91
Classical_Charles_1506,Charles Miller,0.39,Classical,Bronze,3.0,2.0,26.0,1995,30,Yes,Intricate,Auctioned in New York,4.93,5.94
Renaissance_Deandre_1507,Deandre Lester,0.31,Renaissance,,14.0,,72004.0,1979,46,Yes,Minimal,Auctioned in New York,210.42,198.5
Baroque_Brian_1508,Brian Travis,0.05,Baroque,Bronze,39.0,13.0,32953.0,1858,167,No,Minimal,Museum Deaccession,65.95,91.54
Renaissance_Jeremy_1509,Jeremy Dafonte,0.41,Renaissance,Bronze,27.0,8.0,13585.0,1866,159,No,Intricate,Acquired from Artist,32.11,42.5
Abstract_Valery_1510,Valery Conrad,0.69,Abstract,Stone,21.0,7.0,181531.0,1973,52,Yes,Rustic,Inherited Estate,829.72,982.37
Contemporary_Flora_1511,Flora Ament,0.21,Contemporary,Brass,44.0,10.0,43197.0,1894,131,No,Minimal,Auctioned in London,64.48,78.65
Abstract_Santos_1512,Santos Williams,0.23,Abstract,Brass,6.0,4.0,320.0,1871,154,No,Expressive,Inherited Estate,6.06,6.67
Minimalist_Cary_1513,Cary Chapman,0.39,Minimalist,Wood,10.0,4.0,60.0,2006,19,Yes,Expressive,Inherited Estate,4.97,6.76
Renaissance_Ruth_1514,Ruth Mcpherson,0.07,Renaissance,Brass,20.0,10.0,13465.0,1868,157,No,Minimal,Auctioned in New York,8.48,8.95
Contemporary_Carmen_1515,Carmen Perry,0.02,Contemporary,Marble,31.0,11.0,409345.0,2011,14,Yes,Polished,Private Collection,204.04,238.02
Contemporary_Billy_1516,Billy Grimes,0.92,Contemporary,Clay,49.0,19.0,14460.0,1875,150,No,Minimal,Museum Deaccession,44.74,59.23
Classical_Eric_1517,Eric Christion,,Classical,Wood,18.0,6.0,,1898,127,No,Minimal,Museum Deaccession,5.0,6.41
Contemporary_Neil_1518,Neil Moore,0.31,Contemporary,Marble,15.0,7.0,45507.0,1905,120,No,Polished,Acquired from Artist,171.14,260.64
Classical_Mark_1519,Mark Jennings,,Classical,Aluminium,41.0,21.0,7511.0,2009,16,Yes,Expressive,Inherited Estate,8.29,9.78
Renaissance_Riley_1520,Riley Gore,0.93,Renaissance,Wood,27.0,11.0,474.0,2014,11,Yes,Expressive,Auctioned in London,3.31,3.53
Renaissance_Michael_1521,Michael Kellem,,Renaissance,,35.0,6.0,2334.0,1860,165,No,Polished,Auctioned in London,6.69,8.29
Contemporary_Geri_1522,Geri Terrell,0.22,Contemporary,Clay,42.0,16.0,11156.0,1889,136,No,Intricate,Acquired from Artist,30.09,28.39
Modern_Consuelo_1523,Consuelo Serna,0.75,Modern,Bronze,16.0,6.0,2363.0,1908,117,No,Rustic,Inherited Estate,12.61,13.67
Abstract_Federico_1524,Federico Clark,0.33,Abstract,Clay,34.0,21.0,15828.0,1876,149,No,Minimal,Auctioned in London,24.52,24.46
Abstract_Yolanda_1525,Yolanda Colletti,0.86,Abstract,Bronze,16.0,6.0,1918.0,1864,161,No,Vibrant,Auctioned in London,17.75,17.83
Modern_Latoria_1526,Latoria Woods,0.7,Modern,Clay,16.0,7.0,1046.0,1946,79,No,Expressive,Auctioned in London,6.29,6.65
Contemporary_Diane_1527,Diane Baeza,0.79,Contemporary,Stone,10.0,4.0,2989.0,1948,77,No,Intricate,Gallery Exhibition,4.52,5.84
Minimalist_Julia_1528,Julia Hafferkamp,0.64,Minimalist,Brass,29.0,22.0,94774.0,1986,39,Yes,Intricate,Museum Deaccession,498.04,517.01
Renaissance_Anne_1529,Anne Evans,0.86,Renaissance,,15.0,6.0,1753.0,1864,161,No,Elegant,Acquired from Artist,4.95,5.02
Abstract_Raymond_1530,Raymond Coyle,0.48,Abstract,,13.0,,,1958,67,Yes,Expressive,Acquired from Artist,59.27,57.99
Modern_Irene_1531,Irene Lucas,0.46,Modern,Bronze,21.0,11.0,6500.0,1970,55,Yes,Expressive,Auctioned in New York,9.83,11.4
Abstract_Nancy_1532,Nancy Tsuda,0.46,Abstract,Marble,9.0,5.0,9248.0,1964,61,Yes,Expressive,Acquired from Artist,28.79,30.41
Minimalist_David_1533,David Patterson,,Minimalist,Brass,28.0,15.0,58159.0,1944,81,No,Elegant,Museum Deaccession,298.46,287.72
Baroque_Judy_1534,Judy Hoerner,0.28,Baroque,Bronze,33.0,14.0,25947.0,1881,144,No,Intricate,Auctioned in New York,131.45,130.19
Contemporary_Timothy_1535,Timothy Sapp,0.65,Contemporary,Bronze,11.0,8.0,2864.0,2017,8,Yes,Vibrant,Inherited Estate,3.3,3.31
Classical_Mary_1536,Mary Barrett,0.41,Classical,Aluminium,19.0,7.0,389.0,1967,58,Yes,Elegant,Museum Deaccession,4.24,4.32
Modern_Colin_1537,Colin Hopkins,0.91,Modern,Marble,6.0,4.0,2718.0,2005,20,Yes,Vibrant,Auctioned in New York,21.97,30.13
Renaissance_Kevin_1538,Kevin Kemp,0.59,Renaissance,Brass,39.0,24.0,114056.0,1870,155,No,Rustic,Gallery Exhibition,404.64,406.46
Abstract_Michael_1539,Michael Sharp,0.35,Abstract,Wood,12.0,8.0,111.0,1870,155,No,Elegant,Auctioned in London,3.36,5.26
Classical_Mark_1540,Mark Zajac,0.69,Classical,Stone,19.0,,59541.0,1919,106,No,Rustic,Private Collection,383.54,485.66
Renaissance_Richard_1541,Richard Wright,,Renaissance,,12.0,,84.0,1969,56,Yes,Intricate,Private Collection,6.84,6.31
Contemporary_Kellie_1542,Kellie Smith,0.6,Contemporary,Aluminium,21.0,,1140.0,1888,137,No,Intricate,Private Collection,3.4,3.88
Minimalist_Hilda_1543,Hilda Urick,0.23,Minimalist,Wood,19.0,8.0,308.0,1887,138,No,Intricate,Acquired from Artist,4.72,5.28
Minimalist_Jay_1544,Jay Lucas,0.07,Minimalist,Bronze,12.0,6.0,,2001,24,Yes,Polished,Inherited Estate,4.85,5.07
Baroque_Chad_1545,Chad Dunmire,0.49,Baroque,Wood,35.0,13.0,587.0,1939,86,No,Intricate,Museum Deaccession,3.93,5.57
Modern_Dennis_1546,Dennis Ruiz,0.58,Modern,Wood,6.0,5.0,51.0,1984,41,Yes,Minimal,Inherited Estate,3.37,3.16
Minimalist_Ilene_1547,Ilene Dopler,0.92,Minimalist,Marble,22.0,10.0,337175.0,1933,92,No,Minimal,Auctioned in New York,1750.14,2797.21
Classical_James_1548,James Richardson,0.13,Classical,Brass,25.0,14.0,11898.0,1941,84,No,Rustic,Auctioned in London,4.16,6.55
Baroque_Pete_1549,Pete Humphreys,0.79,Baroque,Brass,5.0,4.0,237.0,1959,66,Yes,Elegant,Auctioned in New York,3.66,5.22
Renaissance_Benton_1550,Benton Mauro,0.41,Renaissance,Brass,6.0,5.0,450.0,1855,170,No,Expressive,Auctioned in London,3.65,3.59
Abstract_David_1551,David Doane,0.61,Abstract,Stone,22.0,8.0,374425.0,1958,67,Yes,Elegant,Private Collection,2135.3,2167.1
Baroque_Heather_1552,Heather Gurley,0.54,Baroque,Stone,29.0,20.0,,2003,22,Yes,Polished,Private Collection,23098.69,25046.64
Minimalist_Raymond_1553,Raymond Frank,0.09,Minimalist,Brass,13.0,,,1970,55,Yes,Rustic,Auctioned in London,5.27,5.07
Renaissance_Patricia_1554,Patricia Fields,,Renaissance,Clay,17.0,8.0,,1982,43,Yes,Minimal,Auctioned in New York,5.11,6.03
Minimalist_Paul_1555,Paul Jose,0.84,Minimalist,Stone,27.0,8.0,558309.0,1976,49,Yes,Rustic,Auctioned in London,751.47,912.53
Modern_Pearl_1556,Pearl Riley,0.33,Modern,Brass,4.0,3.0,,1912,113,No,Intricate,Inherited Estate,2.73,4.29
Modern_Robert_1557,Robert Kelly,0.9,Modern,Marble,45.0,21.0,5131637.0,1910,115,No,Elegant,Gallery Exhibition,9776.99,12789.24
Abstract_Debra_1558,Debra Miller,0.33,Abstract,Clay,29.0,8.0,2264.0,1923,102,No,Vibrant,Auctioned in New York,3.52,4.28
Abstract_Victor_1559,Victor Sherrell,,Abstract,Bronze,19.0,15.0,10603.0,1869,156,No,Polished,Private Collection,22.11,24.76
Contemporary_Ernesto_1560,Ernesto Sweet,0.24,Contemporary,Bronze,23.0,14.0,7548.0,1938,87,No,Intricate,Acquired from Artist,19.24,21.82
Baroque_Robert_1561,Robert Cole,0.52,Baroque,Stone,24.0,6.0,199913.0,1973,52,Yes,Minimal,Auctioned in London,641.32,778.91
Modern_Amanda_1562,Amanda Serrano,0.35,Modern,,40.0,26.0,27779.0,1896,129,No,Rustic,Auctioned in London,72.75,83.42
Modern_Jeremy_1563,Jeremy Bacon,0.55,Modern,Brass,7.0,5.0,280.0,1958,67,Yes,Elegant,Acquired from Artist,2.67,3.22
Minimalist_Joshua_1564,Joshua Wolf,0.03,Minimalist,Aluminium,40.0,25.0,7454.0,1862,163,No,Polished,Auctioned in New York,13.99,18.78
Baroque_Brian_1565,Brian Anderson,,Baroque,,7.0,5.0,627.0,1889,136,No,Minimal,Auctioned in New York,4.18,4.0
Baroque_Jodi_1566,Jodi Fuller,0.63,Baroque,Marble,46.0,26.0,6107028.0,1937,88,No,Vibrant,Auctioned in New York,15355.38,24123.24
Classical_Nora_1567,Nora Parks,0.54,Classical,Marble,24.0,11.0,483660.0,1899,126,No,Minimal,Private Collection,1162.82,1070.34
Contemporary_Joan_1568,Joan Smith,0.22,Contemporary,Wood,8.0,5.0,51.0,1988,37,Yes,Polished,Auctioned in London,6.04,5.66
Classical_Margaret_1569,Margaret Crane,0.41,Classical,Wood,10.0,5.0,93.0,1962,63,Yes,Intricate,Private Collection,3.71,4.31
Modern_Mary_1570,Mary Ludwick,0.62,Modern,Marble,31.0,11.0,405792.0,1927,98,No,Intricate,Auctioned in New York,1149.12,1197.93
Abstract_Charles_1571,Charles Ruley,0.22,Abstract,Marble,38.0,8.0,657776.0,2008,17,Yes,Minimal,Museum Deaccession,854.34,993.26
Classical_Gerard_1572,Gerard Mcleod,0.82,Classical,Bronze,,16.0,86578.0,2007,18,Yes,Minimal,Private Collection,281.11,261.02
Modern_Elizabeth_1573,Elizabeth Ross,,Modern,Stone,17.0,6.0,55632.0,1900,125,No,Minimal,Auctioned in London,215.55,234.87
Baroque_Keith_1574,Keith Rudolph,0.2,Baroque,,19.0,7.0,1632.0,1919,106,No,Vibrant,Private Collection,3.07,4.39
Abstract_Henry_1575,Henry Murillo,0.89,Abstract,Brass,31.0,17.0,61523.0,1899,126,No,Minimal,Inherited Estate,238.12,396.42
Abstract_Lisa_1576,Lisa Calleja,0.55,Abstract,Clay,5.0,5.0,192.0,1948,77,No,Vibrant,Museum Deaccession,4.23,6.27
Minimalist_Diane_1577,Diane Gray,0.71,Minimalist,Brass,7.0,5.0,646.0,1900,125,No,Rustic,Auctioned in London,3.5,4.57
Abstract_Timothy_1578,Timothy Valenza,0.6,Abstract,Stone,25.0,12.0,1284485.0,1980,45,Yes,Vibrant,Acquired from Artist,5927.19,7232.36
Baroque_Tonia_1579,Tonia Sidwell,0.58,Baroque,Wood,6.0,4.0,42.0,1989,36,Yes,Vibrant,Auctioned in London,5.48,6.66
Contemporary_Clarence_1580,Clarence Hill,0.35,Contemporary,Wood,27.0,15.0,342.0,1907,118,No,Intricate,Private Collection,5.35,5.43
Renaissance_Sol_1581,Sol Sloan,0.55,Renaissance,Stone,9.0,4.0,8782.0,1873,152,No,Rustic,Acquired from Artist,7.13,6.9
Contemporary_Katherine_1582,Katherine Desimone,0.94,Contemporary,Clay,15.0,8.0,982.0,1985,40,Yes,Elegant,Auctioned in London,4.46,5.15
Contemporary_Jean_1583,Jean Wade,,Contemporary,Bronze,4.0,4.0,151.0,1989,36,Yes,Minimal,Museum Deaccession,7.17,6.71
Abstract_Walter_1584,Walter Patterson,0.17,Abstract,Bronze,28.0,16.0,32588.0,1853,172,No,Intricate,Auctioned in New York,70.93,77.43
Modern_Leland_1585,Leland Sellars,0.61,Modern,Stone,8.0,5.0,9736.0,1958,67,Yes,Intricate,Inherited Estate,7.1,10.69
Abstract_Olga_1586,Olga Gaudet,0.71,Abstract,Stone,52.0,15.0,8227855.0,1921,104,No,Rustic,Gallery Exhibition,43097.75,61427.23
Minimalist_Kimberly_1587,Kimberly Chavez,0.6,Minimalist,Marble,56.0,34.0,26793635.0,1899,126,No,Vibrant,Auctioned in London,43598.12,47062.62
Abstract_Terry_1588,Terry Lopez,0.66,Abstract,Stone,42.0,29.0,44587296.0,1915,110,No,Intricate,Auctioned in London,94345.26,114355.43
Contemporary_Dewayne_1589,Dewayne Torres,0.63,Contemporary,Wood,37.0,,854.0,1864,161,No,Minimal,Auctioned in London,3.64,4.27
Classical_Carolyn_1590,Carolyn Winebarger,0.54,Classical,Clay,11.0,7.0,252.0,1995,30,Yes,Rustic,Inherited Estate,5.49,5.69
Renaissance_George_1591,George Humphrey,0.76,Renaissance,,18.0,10.0,2770.0,1980,45,Yes,Rustic,Acquired from Artist,21.44,23.68
Modern_George_1592,George Williams,,Modern,Wood,8.0,5.0,81.0,1902,123,No,Expressive,Auctioned in New York,5.01,5.2
Renaissance_Susan_1593,Susan Potter,0.56,Renaissance,Brass,9.0,5.0,1615.0,2005,20,Yes,Intricate,Museum Deaccession,4.33,5.32
Classical_Joseph_1594,Joseph Ennis,0.55,Classical,Wood,15.0,7.0,110.0,1860,165,No,Expressive,Museum Deaccession,5.21,4.75
Contemporary_Roy_1595,Roy Catt,0.89,Contemporary,Marble,17.0,,65593.0,2009,16,Yes,Intricate,Inherited Estate,68.12,69.76
Contemporary_Lisa_1596,Lisa Hamilton,0.17,Contemporary,Bronze,43.0,9.0,12382.0,1907,118,No,Minimal,Museum Deaccession,15.38,17.73
Classical_Darryl_1597,Darryl Wilkens,0.27,Classical,Bronze,9.0,5.0,220.0,1873,152,No,Elegant,Inherited Estate,3.17,3.06
Contemporary_James_1598,James Kendrick,0.09,Contemporary,Aluminium,49.0,31.0,,1902,123,No,Vibrant,Museum Deaccession,5.11,5.12
Abstract_Larry_1599,Larry Turner,0.5,Abstract,Wood,25.0,10.0,,1911,114,No,Expressive,Auctioned in New York,3.03,3.14
Modern_Esther_1600,Esther Dewberry,0.54,Modern,Bronze,28.0,14.0,29873.0,2011,14,Yes,Intricate,Museum Deaccession,12.95,17.14
Minimalist_Theresa_1601,Theresa David,,Minimalist,,18.0,8.0,,2006,19,Yes,Elegant,Inherited Estate,129.4,202.12
Abstract_Harold_1602,Harold Young,0.9,Abstract,Wood,8.0,4.0,44.0,2014,11,Yes,Elegant,Gallery Exhibition,6.51,6.22
Baroque_Patricia_1603,Patricia Baxter,0.3,Baroque,Marble,31.0,17.0,,1920,105,No,Vibrant,Museum Deaccession,4313.29,5032.72
Minimalist_Dorothy_1604,Dorothy Ruiz,0.11,Minimalist,Aluminium,7.0,5.0,112.0,1892,133,No,Rustic,Acquired from Artist,6.3,6.95
Baroque_Marjorie_1605,Marjorie Mattison,0.69,Baroque,Clay,11.0,8.0,827.0,1927,98,No,Minimal,Museum Deaccession,4.4,6.22
Baroque_Mark_1606,Mark Packard,0.1,Baroque,Stone,26.0,13.0,,1979,46,Yes,Expressive,Museum Deaccession,233.54,241.24
Classical_Vincent_1607,Vincent Berkley,0.22,Classical,Marble,20.0,9.0,182870.0,1895,130,No,Expressive,Auctioned in New York,249.87,407.14
Abstract_Andre_1608,Andre Bryson,0.67,Abstract,Brass,17.0,9.0,8069.0,1916,109,No,Expressive,Gallery Exhibition,27.72,38.13
Abstract_Vanessa_1609,Vanessa Dixon,0.84,Abstract,Marble,18.0,6.0,49418.0,1908,117,No,Rustic,Private Collection,296.21,384.12
Baroque_Lynn_1610,Lynn Stremming,0.7,Baroque,Wood,23.0,12.0,469.0,2020,5,Yes,Rustic,Auctioned in London,5.32,5.69
Contemporary_Jimmie_1611,Jimmie Winter,0.92,Contemporary,Wood,12.0,8.0,86.0,2019,6,Yes,Elegant,Auctioned in New York,5.35,5.44
Renaissance_Loretta_1612,Loretta Jones,0.08,Renaissance,Aluminium,8.0,,59.0,1921,104,No,Minimal,Inherited Estate,4.22,4.23
Renaissance_Maurice_1613,Maurice Mccrea,0.42,Renaissance,Aluminium,13.0,7.0,319.0,1862,163,No,Rustic,Gallery Exhibition,3.44,3.9
Modern_Shirley_1614,Shirley Nguyen,0.57,Modern,Aluminium,20.0,8.0,472.0,2004,21,Yes,Rustic,Inherited Estate,3.92,3.92
Renaissance_Gary_1615,Gary Curran,0.33,Renaissance,Wood,11.0,7.0,88.0,1932,93,No,Elegant,Acquired from Artist,3.51,4.0
Renaissance_Gary_1616,Gary Boone,0.15,Renaissance,Aluminium,5.0,4.0,69.0,2019,6,Yes,Polished,Inherited Estate,4.36,4.1
Baroque_Chrystal_1617,Chrystal Lincoln,0.28,Baroque,Wood,9.0,5.0,48.0,1879,146,No,Elegant,Auctioned in London,5.14,5.05
Baroque_Valeri_1618,Valeri Slaughter,0.29,Baroque,Clay,6.0,5.0,197.0,1970,55,Yes,Intricate,Museum Deaccession,2.89,3.53
Abstract_Terry_1619,Terry Taylor,0.29,Abstract,Brass,,6.0,,1957,68,Yes,Minimal,Auctioned in London,3.51,3.26
Contemporary_Eric_1620,Eric Cornwell,0.34,Contemporary,,7.0,5.0,99.0,1880,145,No,Polished,Acquired from Artist,5.39,5.04
Classical_Howard_1621,Howard Barjas,0.39,Classical,,5.0,,2006.0,1999,26,Yes,Minimal,Private Collection,5.88,6.06
Classical_James_1622,James Ford,0.63,Classical,Aluminium,12.0,6.0,272.0,1883,142,No,Elegant,Museum Deaccession,5.66,6.05
Minimalist_Zachary_1623,Zachary Paquette,0.16,Minimalist,Marble,29.0,8.0,228818.0,1950,75,No,Minimal,Private Collection,424.63,694.44
Classical_Laura_1624,Laura Taylor,0.14,Classical,Clay,29.0,14.0,5602.0,1882,143,No,Intricate,Auctioned in London,15.12,14.95
Baroque_Dale_1625,Dale Calais,0.07,Baroque,Bronze,17.0,8.0,5220.0,1857,168,No,Intricate,Museum Deaccession,4.02,6.46
Classical_Regina_1626,Regina Goodman,0.76,Classical,Marble,20.0,12.0,310154.0,1944,81,No,Elegant,Gallery Exhibition,289.54,284.11
Modern_Susan_1627,Susan Thorne,0.3,Modern,Bronze,36.0,20.0,50259.0,1900,125,No,Rustic,Gallery Exhibition,74.56,68.51
Abstract_Wendy_1628,Wendy Pratt,0.56,Abstract,Bronze,4.0,3.0,78.0,2005,20,Yes,Rustic,Inherited Estate,5.59,6.4
Baroque_Glen_1629,Glen Horton,0.23,Baroque,Bronze,21.0,12.0,,1904,121,No,Elegant,Private Collection,16.04,21.19
Baroque_Barbara_1630,Barbara Erickson,0.75,Baroque,Aluminium,27.0,12.0,923.0,2018,7,Yes,Expressive,Gallery Exhibition,9.5,9.48
Classical_Billy_1631,Billy Mayer,,Classical,Clay,28.0,14.0,4267.0,1920,105,No,Intricate,Auctioned in New York,4.33,6.7
Baroque_Rafael_1632,Rafael Henry,0.45,Baroque,Wood,33.0,24.0,1373.0,1987,38,Yes,Expressive,Auctioned in New York,6.83,6.82
Contemporary_Linda_1633,Linda Gregory,0.08,Contemporary,Aluminium,38.0,16.0,2123.0,1887,138,No,Expressive,Auctioned in London,5.02,5.96
Renaissance_Thomas_1634,Thomas Brown,0.2,Renaissance,Aluminium,12.0,7.0,406.0,1942,83,No,Rustic,Acquired from Artist,4.27,6.38
Modern_Ruth_1635,Ruth Farnes,0.75,Modern,,29.0,8.0,366.0,1959,66,Yes,Intricate,Inherited Estate,3.83,5.86
Modern_Debra_1636,Debra Parker,0.16,Modern,Clay,24.0,14.0,4123.0,1904,121,No,Minimal,Acquired from Artist,10.06,12.13
Contemporary_John_1637,John Salvage,0.01,Contemporary,Clay,20.0,12.0,2192.0,1891,134,No,Intricate,Inherited Estate,7.22,6.97
Renaissance_Alton_1638,Alton Blomquist,0.17,Renaissance,,22.0,13.0,1298546.0,1915,110,No,Rustic,Gallery Exhibition,2628.72,2672.81
Baroque_Luis_1639,Luis Erwin,,Baroque,Clay,,11.0,2821.0,1980,45,Yes,Polished,Auctioned in New York,9.36,10.47
Minimalist_Mina_1640,Mina Ballard,0.31,Minimalist,,15.0,8.0,189.0,1943,82,No,Rustic,Inherited Estate,3.27,4.51
Renaissance_Kenneth_1641,Kenneth Berube,0.2,Renaissance,Stone,27.0,13.0,1084068.0,1860,165,No,Intricate,Museum Deaccession,4210.53,4545.04
Minimalist_Juan_1642,Juan Robertson,,Minimalist,Marble,37.0,10.0,515049.0,1991,34,Yes,Expressive,Gallery Exhibition,1263.32,2001.4
Classical_Etha_1643,Etha Monaghan,,Classical,,51.0,24.0,146762.0,1885,140,No,Intricate,Museum Deaccession,318.86,468.68
Renaissance_Laura_1644,Laura Jarvis,0.18,Renaissance,Bronze,39.0,20.0,44914.0,2006,19,Yes,Vibrant,Auctioned in New York,67.48,84.26
Modern_John_1645,John Burdett,0.7,Modern,Brass,33.0,10.0,27633.0,2020,5,Yes,Minimal,Museum Deaccession,105.09,97.91
Baroque_Eugene_1646,Eugene Woodard,0.22,Baroque,,17.0,11.0,6681.0,1908,117,No,Minimal,Gallery Exhibition,21.15,20.58
Minimalist_Carolyn_1647,Carolyn Arellano,0.35,Minimalist,Aluminium,26.0,11.0,1802.0,2020,5,Yes,Rustic,Inherited Estate,6.08,8.4
Renaissance_Anna_1648,Anna Walton,0.81,Renaissance,Bronze,11.0,8.0,1885.0,2013,12,Yes,Rustic,Inherited Estate,3.84,5.91
Contemporary_April_1649,April Fox,0.7,Contemporary,Brass,14.0,6.0,3168.0,2011,14,Yes,Vibrant,Gallery Exhibition,11.0,15.0
Minimalist_Lawrence_1650,Lawrence Chech,0.31,Minimalist,Stone,,,70492.0,2015,10,Yes,Minimal,Gallery Exhibition,195.79,189.19
Minimalist_Lynette_1651,Lynette Martinez,0.46,Minimalist,Marble,18.0,8.0,101218.0,1975,50,Yes,Polished,Inherited Estate,176.15,223.17
Renaissance_Humberto_1652,Humberto Hall,0.18,Renaissance,Marble,6.0,4.0,,1868,157,No,Expressive,Acquired from Artist,6.8,6.65
Renaissance_Ethel_1653,Ethel Dodd,0.63,Renaissance,Aluminium,33.0,7.0,596.0,1916,109,No,Intricate,Acquired from Artist,3.83,5.84
Classical_Craig_1654,Craig Dumlao,0.76,Classical,Clay,12.0,7.0,569.0,2006,19,Yes,Elegant,Auctioned in New York,5.95,5.62
Abstract_Rene_1655,Rene Holloway,0.56,Abstract,Stone,29.0,12.0,921887.0,1871,154,No,Expressive,Private Collection,1433.57,2216.32
Modern_John_1656,John Lovelace,,Modern,,27.0,8.0,10095.0,1879,146,No,Vibrant,Inherited Estate,36.47,43.05
Baroque_Maria_1657,Maria Day,0.07,Baroque,Bronze,15.0,7.0,3746.0,1967,58,Yes,Rustic,Private Collection,5.79,6.52
Contemporary_Henry_1658,Henry Smith,,Contemporary,Marble,20.0,12.0,182528.0,1973,52,Yes,Elegant,Museum Deaccession,549.74,505.52
Classical_Brad_1659,Brad Carey,0.39,Classical,Wood,13.0,8.0,,1865,160,No,Rustic,Museum Deaccession,5.47,6.04
Classical_Kelli_1660,Kelli Powell,0.69,Classical,Aluminium,27.0,,1768.0,1893,132,No,Expressive,Acquired from Artist,4.29,5.12
Classical_Deborah_1661,Deborah Roccio,0.56,Classical,Wood,42.0,19.0,1505.0,2012,13,Yes,Elegant,Private Collection,6.34,6.37
Abstract_Karla_1662,Karla Robinson,0.23,Abstract,Stone,18.0,8.0,88937.0,1866,159,No,Intricate,Auctioned in London,70.24,67.76
Classical_Steven_1663,Steven Sisto,0.25,Classical,Bronze,11.0,7.0,1197.0,1892,133,No,Intricate,Inherited Estate,2.81,3.66
Minimalist_Dean_1664,Dean Davis,0.41,Minimalist,Wood,47.0,,2030.0,1904,121,No,Polished,Acquired from Artist,3.72,5.31
Contemporary_David_1665,David Goldman,0.05,Contemporary,Marble,30.0,7.0,255757.0,1937,88,No,Elegant,Inherited Estate,497.75,758.46
Modern_Christal_1666,Christal Belcher,0.22,Modern,Aluminium,8.0,4.0,91.0,2008,17,Yes,Rustic,Inherited Estate,2.32,3.18
Abstract_Amy_1667,Amy Powless,0.5,Abstract,,11.0,7.0,51594.0,1937,88,No,Minimal,Inherited Estate,35.31,53.85
Contemporary_Stephen_1668,Stephen Barnette,0.21,Contemporary,Wood,13.0,6.0,,1872,153,No,Elegant,Acquired from Artist,6.09,6.19
Modern_Barry_1669,Barry Newman,,Modern,Stone,28.0,14.0,1027336.0,1940,85,No,Intricate,Auctioned in New York,1110.46,1719.55
Modern_Shannon_1670,Shannon Morgan,0.29,Modern,Brass,19.0,8.0,,2020,5,Yes,Minimal,Private Collection,19.75,19.13
Classical_Jessie_1671,Jessie Grow,0.16,Classical,Aluminium,41.0,16.0,2823.0,1869,156,No,Intricate,Auctioned in London,3.38,5.05
Baroque_Kristal_1672,Kristal Ingle,,Baroque,,9.0,5.0,161.0,1864,161,No,Expressive,Private Collection,4.91,5.35
Baroque_Darius_1673,Darius Pastel,0.53,Baroque,Brass,,6.0,6144.0,1902,123,No,Elegant,Private Collection,26.7,24.76
Modern_Brian_1674,Brian Walter,0.01,Modern,Bronze,13.0,6.0,1913.0,1916,109,No,Vibrant,Auctioned in New York,5.54,5.9
Baroque_William_1675,William Sullivan,0.68,Baroque,Stone,34.0,25.0,7472933.0,1936,89,No,Rustic,Gallery Exhibition,28744.15,37696.04
Abstract_Cecily_1676,Cecily Hayden,0.85,Abstract,Bronze,36.0,,19543.0,1970,55,Yes,Expressive,Auctioned in New York,24.07,31.32
Contemporary_Justin_1677,Justin Clemens,0.19,Contemporary,Brass,24.0,12.0,21122.0,1893,132,No,Vibrant,Gallery Exhibition,59.54,97.98
Minimalist_Dennis_1678,Dennis Taylor,0.34,Minimalist,Stone,,20.0,,1981,44,Yes,Elegant,Acquired from Artist,2121.81,2555.78
Baroque_Patricia_1679,Patricia Johnson,0.08,Baroque,Bronze,19.0,16.0,8192.0,1893,132,No,Minimal,Gallery Exhibition,15.69,23.84
Classical_Teresa_1680,Teresa Fuentes,0.68,Classical,Bronze,23.0,21.0,36002.0,1885,140,No,Elegant,Museum Deaccession,57.64,72.87
Abstract_Velma_1681,Velma Simpson,0.64,Abstract,Clay,26.0,6.0,1430.0,1868,157,No,Expressive,Auctioned in New York,9.54,8.69
Renaissance_Mary_1682,Mary Porter,0.47,Renaissance,Aluminium,15.0,8.0,239.0,1876,149,No,Minimal,Auctioned in New York,3.75,4.85
Contemporary_Sarita_1683,Sarita Martinez,0.12,Contemporary,Bronze,7.0,5.0,,1985,40,Yes,Polished,Private Collection,4.45,6.39
Renaissance_Gayle_1684,Gayle Mendoza,0.68,Renaissance,Bronze,,,16283.0,1944,81,No,Expressive,Auctioned in London,92.49,94.84
Modern_Caitlyn_1685,Caitlyn Rossbach,0.01,Modern,Wood,23.0,11.0,575.0,1977,48,Yes,Polished,Auctioned in London,2.81,3.39
Contemporary_Freda_1686,Freda Geffre,0.24,Contemporary,Brass,4.0,4.0,234.0,1864,161,No,Intricate,Auctioned in London,3.44,4.49
Classical_Danny_1687,Danny Remick,0.3,Classical,Stone,,10.0,288400.0,1913,112,No,Expressive,Gallery Exhibition,864.69,1242.04
Baroque_Allen_1688,Allen Crowson,0.96,Baroque,Marble,12.0,7.0,30870.0,1900,125,No,Rustic,Inherited Estate,199.01,308.33
Abstract_Emma_1689,Emma Morehead,0.26,Abstract,Aluminium,20.0,10.0,958.0,1968,57,Yes,Expressive,Acquired from Artist,3.63,3.75
Abstract_Teresa_1690,Teresa Martell,0.29,Abstract,Aluminium,26.0,12.0,629.0,1890,135,No,Expressive,Private Collection,5.61,5.59
Baroque_Philip_1691,Philip Holcomb,0.57,Baroque,Wood,4.0,4.0,13.0,1897,128,No,Intricate,Auctioned in London,4.78,6.58
Baroque_Susan_1692,Susan Altic,0.61,Baroque,Aluminium,17.0,10.0,995.0,1874,151,No,Intricate,Auctioned in New York,5.59,5.9
Classical_Jane_1693,Jane White,0.75,Classical,Clay,30.0,12.0,3155.0,1976,49,Yes,Minimal,Museum Deaccession,6.8,7.75
Renaissance_Diane_1694,Diane Gilbert,0.2,Renaissance,,3.0,2.0,,1879,146,No,Vibrant,Inherited Estate,3.7,4.69
Contemporary_Lisa_1695,Lisa Peoples,0.65,Contemporary,Stone,40.0,26.0,18169592.0,1931,94,No,Intricate,Auctioned in New York,166517.94,162583.13
Abstract_Emma_1696,Emma Hicks,0.31,Abstract,Bronze,,4.0,237.0,1956,69,Yes,Elegant,Inherited Estate,3.22,3.52
Baroque_John_1697,John Lynch,0.46,Baroque,Aluminium,13.0,6.0,300.0,1975,50,Yes,Vibrant,Auctioned in London,4.14,5.21
Abstract_Julie_1698,Julie Ochs,,Abstract,Clay,22.0,8.0,1843.0,1902,123,No,Polished,Acquired from Artist,3.15,3.56
Baroque_Aline_1699,Aline Hilliard,0.12,Baroque,Bronze,32.0,,28817.0,1895,130,No,Rustic,Auctioned in New York,74.39,71.9
Minimalist_Alice_1700,Alice Smith,0.64,Minimalist,Bronze,10.0,4.0,,1992,33,Yes,Rustic,Inherited Estate,5.03,5.32
Renaissance_Shane_1701,Shane Schmitt,0.43,Renaissance,,29.0,13.0,1455.0,1893,132,No,Intricate,Gallery Exhibition,6.1,6.89
Minimalist_Daniel_1702,Daniel Flynn,0.36,Minimalist,Wood,21.0,10.0,,1908,117,No,Rustic,Acquired from Artist,5.51,5.87
Contemporary_Bridget_1703,Bridget Johnson,0.49,Contemporary,Bronze,29.0,8.0,7991.0,1910,115,No,Elegant,Inherited Estate,16.51,18.89
Baroque_Richard_1704,Richard Jones,0.37,Baroque,Wood,20.0,16.0,680.0,1968,57,Yes,Minimal,Museum Deaccession,5.34,6.06
Classical_Don_1705,Don Campbell,0.33,Classical,Brass,18.0,,7082.0,1974,51,Yes,Polished,Inherited Estate,21.42,21.01
Contemporary_John_1706,John Whittington,0.03,Contemporary,Clay,19.0,6.0,916.0,1904,121,No,Elegant,Acquired from Artist,1.87,3.02
Minimalist_Jerry_1707,Jerry Tillery,0.26,Minimalist,Stone,13.0,8.0,71725.0,1920,105,No,Vibrant,Auctioned in London,116.27,158.91
Renaissance_Roger_1708,Roger Hammer,0.24,Renaissance,Clay,10.0,,295.0,1855,170,No,Elegant,Inherited Estate,3.98,5.86
Renaissance_John_1709,John Lieu,0.21,Renaissance,Wood,10.0,5.0,54.0,1883,142,No,Polished,Gallery Exhibition,3.57,5.32
Minimalist_Lisa_1710,Lisa Roberts,0.11,Minimalist,Brass,15.0,7.0,5263.0,1915,110,No,Intricate,Auctioned in New York,4.9,5.07
Abstract_Debra_1711,Debra Nokes,0.64,Abstract,Aluminium,6.0,5.0,148.0,1946,79,No,Vibrant,Auctioned in London,2.91,4.29
Classical_Matthew_1712,Matthew Morrill,0.11,Classical,Stone,18.0,6.0,79769.0,1975,50,Yes,Minimal,Inherited Estate,99.41,91.87
Baroque_Mark_1713,Mark Parris,0.89,Baroque,Brass,36.0,25.0,102707.0,1896,129,No,Minimal,Inherited Estate,111.4,105.91
Abstract_Charles_1714,Charles Garner,0.91,Abstract,Clay,11.0,8.0,1054.0,1875,150,No,Vibrant,Inherited Estate,6.49,7.82
Contemporary_Wanda_1715,Wanda Warren,0.58,Contemporary,Marble,29.0,20.0,1210684.0,1857,168,No,Polished,Auctioned in New York,6673.89,9703.37
Contemporary_Alfred_1716,Alfred Mills,0.66,Contemporary,Wood,30.0,13.0,433.0,1850,175,No,Intricate,Inherited Estate,2.09,3.29
Minimalist_Ruth_1717,Ruth Esquerra,0.31,Minimalist,Marble,42.0,17.0,3628805.0,1923,102,No,Elegant,Museum Deaccession,10111.98,9308.65
Renaissance_David_1718,David Brown,,Renaissance,Bronze,4.0,4.0,,1921,104,No,Expressive,Auctioned in London,7.39,6.75
Contemporary_Rose_1719,Rose Harris,0.47,Contemporary,Aluminium,20.0,7.0,649.0,2020,5,Yes,Expressive,Auctioned in London,4.21,6.69
Classical_Thomas_1720,Thomas Cox,0.37,Classical,Brass,5.0,3.0,204.0,1885,140,No,Minimal,Inherited Estate,2.82,3.84
Baroque_Duane_1721,Duane Dutton,0.27,Baroque,Bronze,33.0,17.0,12511.0,1916,109,No,Rustic,Auctioned in London,11.43,11.65
Modern_Margaret_1722,Margaret Brumley,0.43,Modern,Clay,12.0,6.0,420.0,1860,165,No,Polished,Private Collection,3.51,5.54
Contemporary_Marcus_1723,Marcus Burrell,0.15,Contemporary,Aluminium,22.0,7.0,687.0,1884,141,No,Polished,Museum Deaccession,5.05,5.38
Minimalist_Maryann_1724,Maryann Nix,0.54,Minimalist,Marble,7.0,5.0,,1908,117,No,Intricate,Gallery Exhibition,7.68,7.4
Modern_Eric_1725,Eric Caruso,0.01,Modern,Marble,24.0,,506206.0,2003,22,Yes,Elegant,Acquired from Artist,330.08,330.3
Renaissance_Trina_1726,Trina Burke,0.42,Renaissance,Marble,29.0,17.0,1612572.0,1955,70,Yes,Intricate,Auctioned in London,2268.16,3635.58
Baroque_Erwin_1727,Erwin Spears,0.71,Baroque,Brass,38.0,12.0,73978.0,1878,147,No,Elegant,Acquired from Artist,514.8,627.32
Minimalist_Irene_1728,Irene Riggs,0.38,Minimalist,Stone,12.0,6.0,45723.0,1972,53,Yes,Intricate,Inherited Estate,169.76,160.25
Minimalist_Maria_1729,Maria Tingle,0.28,Minimalist,Brass,,,67268.0,1984,41,Yes,Rustic,Museum Deaccession,289.83,376.7
Renaissance_Patricia_1730,Patricia Rodibaugh,0.98,Renaissance,Clay,18.0,9.0,2201.0,1893,132,No,Polished,Museum Deaccession,3.48,5.26
Abstract_Juan_1731,Juan Thomas,0.45,Abstract,Aluminium,26.0,9.0,1129.0,1993,32,Yes,Vibrant,Museum Deaccession,2.88,3.33
Modern_Gaylene_1732,Gaylene Ruddell,0.89,Modern,Clay,20.0,6.0,1136.0,1859,166,No,Intricate,Inherited Estate,4.37,5.19
Contemporary_Nina_1733,Nina Essex,0.39,Contemporary,Clay,36.0,10.0,1596.0,1909,116,No,Vibrant,Private Collection,3.69,3.72
Minimalist_Terrence_1734,Terrence Heller,0.89,Minimalist,Marble,29.0,9.0,373961.0,1908,117,No,Elegant,Inherited Estate,1268.59,1282.84
Minimalist_Alexandra_1735,Alexandra Woolsey,0.29,Minimalist,Marble,10.0,4.0,6711.0,1869,156,No,Intricate,Auctioned in London,17.96,29.8
Abstract_Phillip_1736,Phillip Hartis,0.29,Abstract,Aluminium,46.0,14.0,1173.0,1920,105,No,Minimal,Private Collection,4.45,4.07
Contemporary_John_1737,John Hobbins,0.27,Contemporary,Clay,29.0,6.0,2193.0,2014,11,Yes,Minimal,Inherited Estate,4.81,7.01
Minimalist_Tara_1738,Tara Slostad,0.21,Minimalist,Brass,27.0,13.0,41192.0,1863,162,No,Expressive,Private Collection,73.25,74.91
Classical_Kenneth_1739,Kenneth Shuman,0.42,Classical,Wood,10.0,4.0,79.0,2020,5,Yes,Minimal,Inherited Estate,2.83,3.64
Baroque_Susan_1740,Susan Dancy,0.37,Baroque,Brass,10.0,4.0,657.0,1935,90,No,Polished,Inherited Estate,7.53,6.86
Classical_Patricia_1741,Patricia Garvin,0.8,Classical,Marble,22.0,6.0,76992.0,1858,167,No,Elegant,Gallery Exhibition,505.47,613.8
Contemporary_Suzanne_1742,Suzanne Love,0.03,Contemporary,,35.0,20.0,,1973,52,Yes,Rustic,Gallery Exhibition,12.2,13.46
Abstract_Catherine_1743,Catherine Smith,0.25,Abstract,Aluminium,16.0,6.0,532.0,1915,110,No,Vibrant,Auctioned in New York,4.81,4.57
Classical_Carmen_1744,Carmen Batista,0.34,Classical,Clay,37.0,10.0,2924.0,1992,33,Yes,Rustic,Gallery Exhibition,4.52,6.8
Baroque_Rhonda_1745,Rhonda Gagnon,0.83,Baroque,,13.0,8.0,1160.0,1965,60,Yes,Vibrant,Museum Deaccession,5.12,6.34
Minimalist_Walter_1746,Walter Rose,0.36,Minimalist,Bronze,3.0,2.0,32.0,1964,61,Yes,Polished,Inherited Estate,4.88,6.13
Renaissance_Saul_1747,Saul Harris,0.0,Renaissance,Aluminium,38.0,9.0,2169.0,1957,68,Yes,Minimal,Gallery Exhibition,3.89,5.31
Contemporary_James_1748,James Cannon,0.16,Contemporary,Marble,4.0,3.0,370.0,2006,19,Yes,Rustic,Private Collection,2.16,3.02
Classical_Aimee_1749,Aimee Kimes,0.64,Classical,Stone,16.0,6.0,22767.0,1901,124,No,Elegant,Acquired from Artist,44.81,47.3
Classical_Richard_1750,Richard Webb,0.88,Classical,,26.0,10.0,237.0,1939,86,No,Minimal,Museum Deaccession,4.0,6.13
Modern_Lawrence_1751,Lawrence Thomas,0.94,Modern,Aluminium,23.0,9.0,904.0,1869,156,No,Vibrant,Acquired from Artist,4.6,5.07
Abstract_Anne_1752,Anne Kelton,0.12,Abstract,Marble,31.0,12.0,682450.0,1882,143,No,Rustic,Auctioned in New York,551.38,621.03
Classical_William_1753,William Keach,0.64,Classical,Clay,20.0,12.0,1485.0,1905,120,No,Elegant,Inherited Estate,9.95,10.15
Abstract_Jeffrey_1754,Jeffrey Connors,0.7,Abstract,Stone,10.0,4.0,10608.0,1984,41,Yes,Polished,Auctioned in London,48.3,66.19
Contemporary_Rita_1755,Rita Sarro,0.39,Contemporary,Aluminium,11.0,8.0,320.0,1852,173,No,Intricate,Inherited Estate,7.13,6.65
Modern_Kathy_1756,Kathy Turner,0.24,Modern,,43.0,8.0,456964.0,1939,86,No,Expressive,Inherited Estate,645.93,804.58
Baroque_Albert_1757,Albert Veazey,0.84,Baroque,Aluminium,25.0,10.0,1071.0,1939,86,No,Elegant,Acquired from Artist,9.72,11.48
Modern_Rose_1758,Rose Richardson,,Modern,Marble,36.0,,4849709.0,1991,34,Yes,Minimal,Private Collection,6844.7,9212.61
Abstract_Craig_1759,Craig Brown,0.1,Abstract,,11.0,7.0,291.0,1985,40,Yes,Polished,Gallery Exhibition,4.65,6.7
Renaissance_Paul_1760,Paul Edward,0.28,Renaissance,Clay,4.0,4.0,40.0,1863,162,No,Minimal,Gallery Exhibition,3.55,5.27
Baroque_William_1761,William Krick,0.37,Baroque,Bronze,29.0,15.0,23679.0,1941,84,No,Vibrant,Auctioned in London,9.17,9.34
Renaissance_Jorge_1762,Jorge Newkirk,0.89,Renaissance,Wood,36.0,14.0,948.0,1951,74,Yes,Vibrant,Acquired from Artist,3.97,4.75
Modern_Louise_1763,Louise Boucher,0.09,Modern,Stone,6.0,5.0,7399.0,1944,81,No,Expressive,Inherited Estate,3.69,5.35
Minimalist_John_1764,John Muncie,0.76,Minimalist,,21.0,7.0,4604.0,2007,18,Yes,Intricate,Auctioned in London,6.24,8.66
Abstract_Edward_1765,Edward Cox,0.88,Abstract,Brass,12.0,7.0,3664.0,1943,82,No,Rustic,Auctioned in New York,18.58,21.51
Classical_Robert_1766,Robert Wall,0.09,Classical,Wood,10.0,4.0,59.0,1972,53,Yes,Minimal,Inherited Estate,4.69,5.3
Abstract_Jeanmarie_1767,Jeanmarie Clark,,Abstract,Stone,10.0,5.0,22100.0,1914,111,No,Elegant,Private Collection,45.47,75.16
Minimalist_Barbara_1768,Barbara Thomas,0.36,Minimalist,Clay,54.0,14.0,19089.0,1932,93,No,Minimal,Private Collection,31.91,34.11
Renaissance_Robert_1769,Robert Williams,0.8,Renaissance,Marble,14.0,7.0,33889.0,1855,170,No,Minimal,Museum Deaccession,95.2,118.27
Classical_Kathleen_1770,Kathleen Roberts,0.25,Classical,Aluminium,12.0,8.0,414.0,1882,143,No,Intricate,Gallery Exhibition,4.19,4.04
Modern_Steve_1771,Steve Wright,0.55,Modern,Marble,9.0,5.0,9022.0,1883,142,No,Minimal,Acquired from Artist,28.42,29.47
Contemporary_Christiane_1772,Christiane Deberry,0.36,Contemporary,,32.0,13.0,4405.0,1874,151,No,Minimal,Auctioned in London,14.23,19.89
Minimalist_Arthur_1773,Arthur Quinn,0.33,Minimalist,Marble,13.0,,21147.0,2014,11,Yes,Polished,Auctioned in London,71.62,65.71
Abstract_Sarah_1774,Sarah Mckie,0.57,Abstract,Brass,25.0,16.0,44696.0,2008,17,Yes,Vibrant,Auctioned in New York,30.48,49.48
Baroque_Florence_1775,Florence Keller,0.63,Baroque,Aluminium,48.0,16.0,,2008,17,Yes,Polished,Acquired from Artist,11.48,15.51
Abstract_Nellie_1776,Nellie Sutton,0.99,Abstract,Brass,4.0,3.0,49.0,1880,145,No,Rustic,Inherited Estate,4.59,5.95
Renaissance_Randy_1777,Randy Simon,0.05,Renaissance,Marble,47.0,,4153015.0,1928,97,No,Rustic,Auctioned in London,3711.88,3569.27
Contemporary_Alex_1778,Alex Miller,0.53,Contemporary,Wood,16.0,7.0,203.0,1982,43,Yes,Minimal,Inherited Estate,2.76,4.37
Classical_Kelly_1779,Kelly Cody,,Classical,Stone,20.0,,214259.0,1865,160,No,Elegant,Inherited Estate,337.07,390.36
Classical_Carla_1780,Carla Kelm,0.53,Classical,,12.0,6.0,321.0,1911,114,No,Vibrant,Gallery Exhibition,6.32,6.91
Renaissance_Bobby_1781,Bobby Morales,0.69,Renaissance,Clay,7.0,5.0,219.0,1968,57,Yes,Expressive,Museum Deaccession,6.02,6.24
Renaissance_Dorothy_1782,Dorothy Lucey,0.46,Renaissance,Clay,12.0,6.0,529.0,1974,51,Yes,Expressive,Museum Deaccession,5.65,6.25
Minimalist_Carmen_1783,Carmen Mcnabb,0.34,Minimalist,Bronze,15.0,7.0,,1929,96,No,Vibrant,Inherited Estate,13.2,14.97
Abstract_Carmen_1784,Carmen Webb,0.01,Abstract,Marble,,3.0,505.0,1911,114,No,Expressive,Auctioned in London,4.48,4.28
Modern_Melissa_1785,Melissa Emerson,0.19,Modern,Wood,16.0,6.0,,1894,131,No,Intricate,Inherited Estate,3.1,3.26
Contemporary_Emma_1786,Emma Rogers,0.4,Contemporary,Clay,26.0,17.0,5941.0,1881,144,No,Intricate,Acquired from Artist,3.74,4.03
Minimalist_Amy_1787,Amy Trejo,0.54,Minimalist,Brass,40.0,17.0,87060.0,1888,137,No,Elegant,Inherited Estate,314.61,368.3
Minimalist_Joseph_1788,Joseph Keith,0.56,Minimalist,Clay,,7.0,673.0,1890,135,No,Vibrant,Auctioned in New York,4.2,4.27
Minimalist_Janice_1789,Janice Petter,0.17,Minimalist,Clay,13.0,7.0,285.0,2012,13,Yes,Intricate,Museum Deaccession,7.0,6.96
Contemporary_Shawn_1790,Shawn Kessler,0.0,Contemporary,Stone,20.0,11.0,435856.0,1956,69,Yes,Minimal,Private Collection,956.27,881.93
Minimalist_Eloise_1791,Eloise Burris,0.61,Minimalist,Brass,8.0,5.0,677.0,1894,131,No,Expressive,Private Collection,4.68,5.18
Classical_Sarah_1792,Sarah Flaherty,0.58,Classical,Clay,29.0,8.0,3048.0,1922,103,No,Polished,Private Collection,9.4,10.55
Abstract_Flora_1793,Flora Pace,0.16,Abstract,Stone,,16.0,938854.0,1856,169,No,Polished,Auctioned in London,3438.34,3816.71
Contemporary_Mary_1794,Mary Gerow,0.73,Contemporary,Clay,10.0,4.0,106.0,1988,37,Yes,Rustic,Auctioned in London,3.77,4.71
Classical_Lynne_1795,Lynne Allen,0.39,Classical,Wood,38.0,22.0,1004.0,1983,42,Yes,Expressive,Museum Deaccession,5.38,5.57
Renaissance_Deborah_1796,Deborah Rich,0.45,Renaissance,Marble,15.0,6.0,44766.0,1938,87,No,Elegant,Auctioned in New York,96.23,157.19
Classical_Jeremy_1797,Jeremy Griffin,,Classical,Brass,26.0,,13330.0,1954,71,Yes,Rustic,Acquired from Artist,40.74,48.22
Abstract_Luciano_1798,Luciano Gard,,Abstract,Wood,21.0,8.0,177.0,1896,129,No,Rustic,Auctioned in New York,2.55,4.05
Renaissance_Wayne_1799,Wayne Kinlaw,0.9,Renaissance,Marble,33.0,,1234634.0,1991,34,Yes,Intricate,Museum Deaccession,6015.76,8088.05
Modern_Rosemary_1800,Rosemary Whitt,,Modern,Marble,35.0,10.0,411694.0,1923,102,No,Polished,Inherited Estate,902.44,1288.15
Minimalist_Connie_1801,Connie Davis,0.36,Minimalist,Stone,32.0,11.0,1972298.0,2019,6,Yes,Rustic,Inherited Estate,3008.3,4331.51
Abstract_Sara_1802,Sara Gillman,0.84,Abstract,Aluminium,21.0,7.0,505.0,1974,51,Yes,Vibrant,Museum Deaccession,4.87,4.96
Classical_Herman_1803,Herman Taylor,0.75,Classical,Aluminium,11.0,7.0,319.0,1961,64,Yes,Expressive,Inherited Estate,2.67,3.1
Baroque_Kevin_1804,Kevin Matley,0.48,Baroque,,,12.0,872.0,2010,15,Yes,Polished,Auctioned in New York,2.84,3.09
Renaissance_Charles_1805,Charles Saldana,0.5,Renaissance,Bronze,26.0,7.0,6831.0,2013,12,Yes,Expressive,Museum Deaccession,11.93,11.16
Abstract_Charles_1806,Charles Howarter,0.38,Abstract,Aluminium,17.0,6.0,278.0,1958,67,Yes,Polished,Inherited Estate,2.42,3.59
Abstract_Paul_1807,Paul Block,0.98,Abstract,Aluminium,17.0,7.0,343.0,1916,109,No,Rustic,Gallery Exhibition,6.65,6.81
Classical_Mary_1808,Mary Kirchoff,0.22,Classical,Wood,34.0,,1371.0,1950,75,No,Elegant,Museum Deaccession,3.48,4.94
Renaissance_Edward_1809,Edward Gioia,0.62,Renaissance,Stone,29.0,9.0,583676.0,1987,38,Yes,Expressive,Auctioned in London,387.35,383.13
Classical_Kimberly_1810,Kimberly Wilson,0.51,Classical,Stone,15.0,7.0,,1867,158,No,Expressive,Inherited Estate,203.32,331.42
Contemporary_Rose_1811,Rose Weeks,0.18,Contemporary,Marble,29.0,10.0,440660.0,1880,145,No,Vibrant,Acquired from Artist,1241.7,1190.13
Modern_Joan_1812,Joan Scott,,Modern,Stone,9.0,4.0,,2012,13,Yes,Minimal,Private Collection,50.48,76.13
Baroque_Thomas_1813,Thomas Miller,,Baroque,Marble,11.0,8.0,,1988,37,Yes,Rustic,Gallery Exhibition,43.87,41.56
Minimalist_Jim_1814,Jim Hamill,0.57,Minimalist,Marble,6.0,4.0,742.0,1952,73,Yes,Intricate,Museum Deaccession,6.86,6.65
Abstract_Paul_1815,Paul Machin,0.88,Abstract,,6.0,5.0,,1943,82,No,Vibrant,Gallery Exhibition,9.65,11.62
Renaissance_Amy_1816,Amy Harrison,0.23,Renaissance,Brass,,,3639.0,1899,126,No,Vibrant,Inherited Estate,13.52,13.8
Minimalist_Ernest_1817,Ernest Studt,0.14,Minimalist,,30.0,,,1906,119,No,Minimal,Museum Deaccession,2.75,4.47
Modern_Robert_1818,Robert Gomez,0.76,Modern,Bronze,31.0,19.0,39961.0,1869,156,No,Elegant,Museum Deaccession,188.13,173.74
Abstract_Mae_1819,Mae Mastoris,0.05,Abstract,Bronze,14.0,8.0,2119.0,1887,138,No,Rustic,Private Collection,6.23,6.94
Renaissance_Donny_1820,Donny Neptune,0.44,Renaissance,Wood,23.0,7.0,179.0,1901,124,No,Elegant,Private Collection,2.92,4.37
Abstract_Cynthia_1821,Cynthia Applin,0.45,Abstract,Aluminium,17.0,16.0,964.0,1975,50,Yes,Expressive,Private Collection,4.28,5.52
Modern_Barbara_1822,Barbara Adelstein,0.32,Modern,Bronze,26.0,11.0,9830.0,1876,149,No,Rustic,Private Collection,9.88,10.45
Contemporary_Ricky_1823,Ricky Emery,0.13,Contemporary,Brass,29.0,12.0,52314.0,2019,6,Yes,Intricate,Auctioned in New York,110.18,149.72
Renaissance_Wanda_1824,Wanda Nichols,0.29,Renaissance,Stone,28.0,11.0,1082957.0,1996,29,Yes,Polished,Gallery Exhibition,4110.38,4029.79
Modern_James_1825,James Salberg,0.58,Modern,Brass,30.0,7.0,12637.0,2006,19,Yes,Elegant,Auctioned in London,17.59,19.61
Abstract_Donna_1826,Donna Shoemaker,0.36,Abstract,Bronze,9.0,4.0,354.0,1866,159,No,Elegant,Gallery Exhibition,4.34,4.48
Modern_Chase_1827,Chase Farnham,0.38,Modern,,5.0,3.0,410.0,1928,97,No,Elegant,Acquired from Artist,4.76,4.78
Modern_James_1828,James Moore,0.29,Modern,Brass,25.0,7.0,10292.0,1946,79,No,Elegant,Gallery Exhibition,60.17,54.75
Modern_Glen_1829,Glen Rodriquez,0.47,Modern,Aluminium,,6.0,270.0,1930,95,No,Expressive,Museum Deaccession,4.02,6.65
Baroque_Virginia_1830,Virginia Wiseman,0.12,Baroque,Wood,21.0,12.0,372.0,1898,127,No,Vibrant,Private Collection,2.82,3.41
Classical_Chris_1831,Chris Brown,0.47,Classical,Wood,32.0,7.0,287.0,1984,41,Yes,Expressive,Auctioned in New York,4.34,4.18
Minimalist_Susan_1832,Susan Weaver,0.88,Minimalist,Clay,53.0,,35948.0,1960,65,Yes,Minimal,Auctioned in London,96.81,147.18
Baroque_Sylvia_1833,Sylvia Ruiz,0.17,Baroque,Brass,36.0,11.0,55561.0,1876,149,No,Minimal,Private Collection,195.74,226.71
Minimalist_Keith_1834,Keith Lynch,0.37,Minimalist,Stone,18.0,,555032.0,1940,85,No,Intricate,Inherited Estate,1515.62,1585.6
Classical_Brian_1835,Brian Key,0.47,Classical,Wood,32.0,9.0,458.0,1906,119,No,Intricate,Acquired from Artist,3.67,5.34
Baroque_Ricardo_1836,Ricardo Mays,0.06,Baroque,Marble,31.0,11.0,349796.0,1964,61,Yes,Rustic,Auctioned in London,682.6,1003.69
Contemporary_Lisa_1837,Lisa Ortiz,0.03,Contemporary,Marble,3.0,2.0,94.0,2009,16,Yes,Rustic,Auctioned in London,3.54,5.01
Contemporary_Anna_1838,Anna Goldwyn,0.88,Contemporary,Marble,9.0,5.0,7237.0,1949,76,No,Polished,Gallery Exhibition,37.59,35.37
Modern_Clara_1839,Clara Dyer,0.81,Modern,Clay,10.0,,225.0,1945,80,No,Rustic,Acquired from Artist,3.72,4.43
Minimalist_Donald_1840,Donald Billingsley,0.21,Minimalist,Brass,21.0,11.0,16455.0,1962,63,Yes,Intricate,Museum Deaccession,34.1,31.44
Renaissance_Donald_1841,Donald Moore,0.52,Renaissance,Brass,47.0,23.0,283304.0,1954,71,Yes,Vibrant,Auctioned in New York,712.23,891.66
Modern_Rodolfo_1842,Rodolfo Smith,0.19,Modern,Clay,11.0,8.0,450.0,1974,51,Yes,Polished,Museum Deaccession,6.98,6.93
Modern_Ruth_1843,Ruth Wise,0.68,Modern,,34.0,,11094.0,2001,24,Yes,Intricate,Museum Deaccession,18.74,29.44
Baroque_Kathleen_1844,Kathleen Holcomb,0.42,Baroque,Brass,35.0,,36150.0,1969,56,Yes,Elegant,Private Collection,21.34,20.28
Classical_Terry_1845,Terry Thornhill,0.46,Classical,Stone,17.0,10.0,153330.0,1968,57,Yes,Polished,Inherited Estate,389.83,548.33
Baroque_Alfred_1846,Alfred Hix,0.58,Baroque,Brass,37.0,15.0,115674.0,1908,117,No,Minimal,Acquired from Artist,222.09,354.45
Contemporary_Christopher_1847,Christopher Johnson,0.51,Contemporary,,35.0,16.0,80780.0,1971,54,Yes,Elegant,Auctioned in London,201.69,247.51
Contemporary_William_1848,William Morgan,,Contemporary,Stone,23.0,,2889895.0,1886,139,No,Minimal,Auctioned in New York,4537.16,6374.48
Baroque_Lisa_1849,Lisa Schepis,0.24,Baroque,,46.0,20.0,1924.0,1967,58,Yes,Intricate,Auctioned in London,4.92,6.25
Contemporary_Denise_1850,Denise Okeefe,0.49,Contemporary,,12.0,7.0,31612.0,1953,72,Yes,Expressive,Gallery Exhibition,19.93,25.72
Minimalist_Tyler_1851,Tyler Smith,0.18,Minimalist,Aluminium,17.0,10.0,768.0,1857,168,No,Polished,Private Collection,4.68,4.3
Contemporary_James_1852,James Hanson,0.41,Contemporary,,7.0,5.0,4647.0,1914,111,No,Vibrant,Auctioned in New York,13.01,13.86
Renaissance_Herman_1853,Herman Schmal,0.16,Renaissance,Bronze,29.0,12.0,20525.0,1877,148,No,Polished,Auctioned in New York,30.3,31.51
Minimalist_Judy_1854,Judy Jones,0.42,Minimalist,Aluminium,25.0,11.0,1377.0,2014,11,Yes,Intricate,Inherited Estate,5.16,5.54
Renaissance_Bruce_1855,Bruce Moss,0.29,Renaissance,Bronze,18.0,12.0,10983.0,1915,110,No,Polished,Museum Deaccession,16.26,19.57
Minimalist_Robert_1856,Robert Parker,0.19,Minimalist,Marble,17.0,9.0,58581.0,1932,93,No,Minimal,Auctioned in London,13.92,18.79
Minimalist_Denise_1857,Denise Dean,0.84,Minimalist,,5.0,4.0,,1994,31,Yes,Elegant,Acquired from Artist,3.95,4.47
Minimalist_Willie_1858,Willie Smith,0.57,Minimalist,Clay,10.0,5.0,314.0,1963,62,Yes,Polished,Gallery Exhibition,3.82,3.57
Classical_Angela_1859,Angela Payne,0.31,Classical,Wood,5.0,5.0,29.0,2017,8,Yes,Expressive,Museum Deaccession,4.04,4.11
Baroque_Patricia_1860,Patricia Smith,,Baroque,Stone,47.0,32.0,47544217.0,1975,50,Yes,Elegant,Gallery Exhibition,217360.79,230578.77
Modern_Joyce_1861,Joyce Sandifer,0.77,Modern,Bronze,6.0,5.0,409.0,1975,50,Yes,Intricate,Acquired from Artist,3.12,4.56
Minimalist_Kenneth_1862,Kenneth Anderson,0.72,Minimalist,Brass,30.0,8.0,16417.0,1998,27,Yes,Polished,Inherited Estate,86.02,85.12
Classical_David_1863,David Gordon,0.71,Classical,,6.0,4.0,,1905,120,No,Vibrant,Gallery Exhibition,5.89,5.84
Renaissance_Kathryn_1864,Kathryn Race,0.48,Renaissance,Clay,,32.0,36339.0,1937,88,No,Minimal,Museum Deaccession,11.39,17.92
Classical_Jean_1865,Jean Ferguson,0.41,Classical,Clay,31.0,15.0,6532.0,1878,147,No,Polished,Gallery Exhibition,4.94,5.56
Classical_Doug_1866,Doug Creech,0.44,Classical,Aluminium,34.0,8.0,812.0,1853,172,No,Polished,Auctioned in New York,4.05,3.87
Abstract_Sue_1867,Sue Brewer,0.69,Abstract,Wood,19.0,7.0,230.0,1883,142,No,Intricate,Auctioned in London,6.91,6.83
Modern_David_1868,David Ward,0.31,Modern,Brass,7.0,5.0,,1861,164,No,Elegant,Auctioned in New York,3.56,4.89
Renaissance_Norman_1869,Norman Scarborough,0.74,Renaissance,Wood,,14.0,902.0,1966,59,Yes,Vibrant,Auctioned in New York,5.73,6.35
Abstract_Dawn_1870,Dawn Nakasone,0.86,Abstract,Wood,20.0,12.0,397.0,1995,30,Yes,Minimal,Acquired from Artist,3.41,5.1
Classical_Shirley_1871,Shirley Farrell,0.36,Classical,Stone,23.0,9.0,495810.0,1957,68,Yes,Rustic,Auctioned in New York,286.57,434.38
Baroque_Michael_1872,Michael Fierro,,Baroque,Stone,19.0,,289823.0,1933,92,No,Rustic,Auctioned in New York,2516.79,2449.93
Minimalist_James_1873,James Moore,0.53,Minimalist,Brass,23.0,10.0,15608.0,2008,17,Yes,Polished,Gallery Exhibition,28.86,45.75
Modern_Virginia_1874,Virginia Sullivan,,Modern,Bronze,15.0,6.0,2016.0,1879,146,No,Polished,Museum Deaccession,3.62,5.15
Renaissance_Daniel_1875,Daniel Hodge,0.29,Renaissance,Bronze,3.0,2.0,13.0,1896,129,No,Vibrant,Acquired from Artist,6.29,5.99
Contemporary_Peter_1876,Peter Thompson,0.24,Contemporary,Stone,7.0,4.0,3816.0,1999,26,Yes,Intricate,Museum Deaccession,9.5,11.32
Classical_John_1877,John Jehle,0.33,Classical,Bronze,24.0,16.0,28999.0,1921,104,No,Elegant,Auctioned in New York,15.01,24.88
Renaissance_Valerie_1878,Valerie Lindeland,0.8,Renaissance,Wood,35.0,10.0,822.0,1853,172,No,Elegant,Acquired from Artist,5.19,6.84
Baroque_Teresa_1879,Teresa Chambers,,Baroque,,5.0,5.0,,1914,111,No,Polished,Museum Deaccession,4.52,6.66
Classical_Margo_1880,Margo Kemp,0.49,Classical,,7.0,5.0,186.0,1953,72,Yes,Polished,Private Collection,4.5,4.73
Renaissance_Danielle_1881,Danielle Bobeck,,Renaissance,Clay,44.0,26.0,17390.0,1984,41,Yes,Vibrant,Inherited Estate,60.63,75.27
Minimalist_Debbie_1882,Debbie Creason,0.1,Minimalist,Aluminium,16.0,7.0,409.0,1956,69,Yes,Polished,Gallery Exhibition,2.9,3.96
Baroque_Rose_1883,Rose Vrba,0.1,Baroque,Stone,,22.0,12474924.0,2001,24,Yes,Intricate,Acquired from Artist,4492.43,4810.59
Minimalist_Sara_1884,Sara Smith,0.56,Minimalist,Marble,27.0,13.0,434034.0,1977,48,Yes,Rustic,Inherited Estate,1239.25,1466.26
Abstract_Tanya_1885,Tanya Hibbard,0.01,Abstract,Bronze,12.0,7.0,1996.0,1854,171,No,Vibrant,Acquired from Artist,2.6,3.19
Baroque_Brian_1886,Brian Henderson,0.62,Baroque,,13.0,,3071.0,1868,157,No,Elegant,Acquired from Artist,2.57,3.53
Modern_Harry_1887,Harry Ahmed,0.45,Modern,Wood,24.0,11.0,442.0,1944,81,No,Expressive,Acquired from Artist,4.02,6.56
Baroque_Joseph_1888,Joseph Shetler,0.06,Baroque,,9.0,5.0,310.0,1943,82,No,Elegant,Museum Deaccession,7.02,6.74
Abstract_Lori_1889,Lori Mcadoo,0.82,Abstract,Wood,15.0,8.0,98.0,1858,167,No,Expressive,Private Collection,3.31,4.02
Baroque_Gilbert_1890,Gilbert Kumar,0.82,Baroque,Aluminium,16.0,6.0,440.0,1952,73,Yes,Rustic,Gallery Exhibition,6.03,6.93
Renaissance_John_1891,John King,0.06,Renaissance,Clay,12.0,6.0,656.0,1854,171,No,Expressive,Acquired from Artist,2.9,3.67
Classical_Rick_1892,Rick Hedges,,Classical,Marble,39.0,18.0,4143181.0,2020,5,Yes,Intricate,Private Collection,33878.63,42748.31
Classical_Lana_1893,Lana Mullen,0.6,Classical,Clay,22.0,11.0,2999.0,1926,99,No,Intricate,Inherited Estate,7.56,7.66
Baroque_Doug_1894,Doug Brown,0.62,Baroque,Aluminium,34.0,13.0,1977.0,1938,87,No,Rustic,Gallery Exhibition,14.28,13.06
Modern_Mary_1895,Mary Raminez,0.39,Modern,Wood,25.0,14.0,492.0,1903,122,No,Vibrant,Museum Deaccession,5.49,5.72
Modern_John_1896,John Duke,0.67,Modern,Brass,21.0,6.0,3781.0,2009,16,Yes,Expressive,Auctioned in London,14.52,16.14
Contemporary_Laverne_1897,Laverne Wilson,0.56,Contemporary,Stone,40.0,18.0,10740646.0,1946,79,No,Minimal,Museum Deaccession,6215.27,6544.28
Abstract_Timothy_1898,Timothy Cross,,Abstract,,42.0,21.0,2618.0,1925,100,No,Intricate,Museum Deaccession,6.1,6.82
Minimalist_Martin_1899,Martin Sharon,0.83,Minimalist,,36.0,,2330.0,1998,27,Yes,Minimal,Inherited Estate,7.13,10.74
Classical_Richard_1900,Richard Dunsford,0.28,Classical,Wood,,9.0,,1927,98,No,Polished,Acquired from Artist,2.99,3.7
Renaissance_Sue_1901,Sue Contreras,0.01,Renaissance,Brass,18.0,10.0,8441.0,2019,6,Yes,Polished,Gallery Exhibition,12.06,13.99
Contemporary_Linda_1902,Linda Smith,0.5,Contemporary,Aluminium,9.0,4.0,,1986,39,Yes,Polished,Private Collection,5.93,5.71
Minimalist_Lloyd_1903,Lloyd Lazewski,0.83,Minimalist,Marble,34.0,10.0,838953.0,1859,166,No,Intricate,Inherited Estate,1398.59,2272.88
Modern_Cecile_1904,Cecile Miller,0.37,Modern,,28.0,9.0,615929.0,1933,92,No,Minimal,Gallery Exhibition,3717.5,3796.01
Contemporary_Sally_1905,Sally Mikasa,0.8,Contemporary,,9.0,4.0,785.0,1888,137,No,Polished,Inherited Estate,3.33,3.67
Abstract_Jodi_1906,Jodi Goodwin,0.63,Abstract,Clay,29.0,8.0,2002.0,1921,104,No,Elegant,Gallery Exhibition,13.09,12.36
Classical_James_1907,James Avellaneda,0.49,Classical,Bronze,26.0,8.0,4796.0,1954,71,Yes,Expressive,Auctioned in New York,22.42,20.9
Modern_Angela_1908,Angela Beadle,0.91,Modern,Clay,34.0,11.0,2261.0,1920,105,No,Elegant,Acquired from Artist,5.06,8.31
Minimalist_Karen_1909,Karen Johnson,1.0,Minimalist,,42.0,22.0,76361.0,1955,70,Yes,Expressive,Acquired from Artist,525.06,812.34
Classical_Patricia_1910,Patricia Hardin,0.57,Classical,Aluminium,34.0,,2993.0,1979,46,Yes,Vibrant,Museum Deaccession,12.12,11.6
Classical_Michael_1911,Michael Holbrook,0.77,Classical,Bronze,16.0,6.0,1833.0,1990,35,Yes,Elegant,Private Collection,13.7,12.63
Minimalist_Carolyn_1912,Carolyn Strack,0.53,Minimalist,,9.0,4.0,4036.0,1976,49,Yes,Polished,Auctioned in New York,11.22,10.56
Abstract_Katie_1913,Katie Wiggins,0.84,Abstract,Aluminium,15.0,6.0,361.0,1889,136,No,Elegant,Inherited Estate,5.13,6.61
Abstract_Mary_1914,Mary Garza,0.07,Abstract,Stone,22.0,10.0,608417.0,1971,54,Yes,Minimal,Gallery Exhibition,1171.69,1928.03
Renaissance_Mary_1915,Mary Coleman,0.35,Renaissance,Wood,12.0,6.0,84.0,2010,15,Yes,Rustic,Inherited Estate,5.74,5.82
Renaissance_Vince_1916,Vince Harvell,0.37,Renaissance,Clay,17.0,11.0,1737.0,1928,97,No,Expressive,Inherited Estate,3.02,3.15
Renaissance_John_1917,John Anderson,,Renaissance,,29.0,7.0,303.0,1871,154,No,Minimal,Auctioned in New York,3.54,4.54
Modern_Shirley_1918,Shirley Bandy,0.55,Modern,Wood,8.0,5.0,65.0,1997,28,Yes,Minimal,Inherited Estate,5.16,6.6
Baroque_Marsha_1919,Marsha Walker,0.26,Baroque,Bronze,20.0,,3961.0,1893,132,No,Intricate,Acquired from Artist,12.21,15.49
Minimalist_Kelsey_1920,Kelsey Vallarta,0.05,Minimalist,Aluminium,,,565.0,1906,119,No,Expressive,Auctioned in New York,5.94,6.67
Classical_Joseph_1921,Joseph Hodgkins,0.55,Classical,Wood,5.0,,10.0,1860,165,No,Rustic,Museum Deaccession,2.66,3.44
Contemporary_Heather_1922,Heather Sinko,,Contemporary,Aluminium,18.0,7.0,355.0,1905,120,No,Expressive,Inherited Estate,4.86,6.54
Modern_Melissa_1923,Melissa Savitts,0.71,Modern,,28.0,,583413.0,1902,123,No,Minimal,Auctioned in London,3827.8,4950.36
Minimalist_Lucila_1924,Lucila Russell,0.13,Minimalist,Aluminium,23.0,13.0,1648.0,1995,30,Yes,Elegant,Private Collection,2.71,3.44
Renaissance_Corey_1925,Corey Ragland,0.22,Renaissance,,24.0,20.0,3300030.0,1902,123,No,Polished,Private Collection,3867.35,4014.89
Renaissance_Doug_1926,Doug Carver,0.16,Renaissance,Clay,24.0,11.0,3525.0,2019,6,Yes,Polished,Inherited Estate,5.74,8.35
Classical_Ryan_1927,Ryan Mertz,0.2,Classical,Clay,28.0,6.0,1347.0,2004,21,Yes,Minimal,Private Collection,2.8,3.24
Modern_Donn_1928,Donn Daughtrey,0.57,Modern,Clay,32.0,15.0,8542.0,1888,137,No,Minimal,Auctioned in New York,20.77,28.16
Baroque_John_1929,John Pate,0.2,Baroque,Wood,38.0,8.0,,1878,147,No,Intricate,Acquired from Artist,5.35,6.35
Modern_Grover_1930,Grover Hoover,0.92,Modern,Wood,13.0,6.0,130.0,1881,144,No,Intricate,Acquired from Artist,2.48,3.58
Renaissance_Clifford_1931,Clifford Johnson,0.01,Renaissance,Wood,9.0,5.0,54.0,2000,25,Yes,Minimal,Auctioned in London,3.18,3.75
Renaissance_Clifton_1932,Clifton Merrigan,,Renaissance,Clay,13.0,6.0,569.0,1940,85,No,Polished,Private Collection,2.17,3.37
Baroque_Victor_1933,Victor Rollins,,Baroque,Wood,5.0,3.0,17.0,1999,26,Yes,Elegant,Auctioned in London,2.75,4.02
Classical_Amy_1934,Amy Torres,0.54,Classical,Bronze,,13.0,,1999,26,Yes,Vibrant,Inherited Estate,28.65,45.95
Baroque_Gladys_1935,Gladys Cullum,0.29,Baroque,Bronze,28.0,11.0,16315.0,1948,77,No,Polished,Auctioned in London,12.77,18.13
Minimalist_Arthur_1936,Arthur Chappell,0.71,Minimalist,Wood,47.0,13.0,1030.0,1861,164,No,Rustic,Acquired from Artist,3.27,3.34
Contemporary_Mathew_1937,Mathew Spence,0.25,Contemporary,Aluminium,16.0,6.0,275.0,1954,71,Yes,Polished,Acquired from Artist,6.36,6.6
Modern_Eleanor_1938,Eleanor Brown,0.21,Modern,Wood,28.0,20.0,1026.0,2003,22,Yes,Expressive,Gallery Exhibition,5.41,4.92
Baroque_Charles_1939,Charles Henry,,Baroque,Marble,9.0,4.0,2952.0,1865,160,No,Polished,Acquired from Artist,10.07,15.32
Renaissance_Faye_1940,Faye Martinez,0.1,Renaissance,,19.0,6.0,146.0,2015,10,Yes,Vibrant,Auctioned in London,4.4,6.27
Contemporary_Barbara_1941,Barbara Kostura,0.72,Contemporary,Brass,20.0,13.0,25485.0,2013,12,Yes,Rustic,Inherited Estate,138.57,143.73
Contemporary_Patricia_1942,Patricia Blews,,Contemporary,Wood,15.0,,136.0,1973,52,Yes,Rustic,Inherited Estate,3.55,5.64
Classical_Julie_1943,Julie Bricker,0.55,Classical,Marble,35.0,8.0,207581.0,1929,96,No,Expressive,Acquired from Artist,118.86,188.01
Modern_Jenna_1944,Jenna Powers,0.39,Modern,Wood,34.0,13.0,1105.0,1992,33,Yes,Rustic,Auctioned in London,3.74,5.96
Baroque_Halley_1945,Halley Pugh,,Baroque,,18.0,11.0,1208.0,1923,102,No,Intricate,Museum Deaccession,5.3,6.06
Classical_Sarah_1946,Sarah Johnson,0.38,Classical,,,6.0,,1956,69,Yes,Minimal,Auctioned in London,20.27,19.42
Minimalist_Kelvin_1947,Kelvin Sparkman,0.63,Minimalist,Wood,20.0,12.0,417.0,1881,144,No,Rustic,Auctioned in New York,3.22,4.91
Minimalist_Diane_1948,Diane Sager,0.41,Minimalist,Wood,18.0,6.0,137.0,1865,160,No,Intricate,Auctioned in London,4.77,5.38
Abstract_Allene_1949,Allene Bell,0.55,Abstract,Brass,15.0,6.0,4556.0,1968,57,Yes,Vibrant,Museum Deaccession,4.57,6.65
Renaissance_Linda_1950,Linda Coyt,0.09,Renaissance,Aluminium,12.0,7.0,439.0,1873,152,No,Rustic,Auctioned in New York,3.53,5.61
Renaissance_Linwood_1951,Linwood Gravitt,0.85,Renaissance,Marble,30.0,8.0,210920.0,1958,67,Yes,Elegant,Auctioned in London,1327.69,1983.56
Minimalist_Betty_1952,Betty Moyer,,Minimalist,Brass,,6.0,1921.0,1862,163,No,Minimal,Auctioned in New York,4.06,4.16
Minimalist_Casey_1953,Casey Bryant,0.79,Minimalist,Wood,17.0,6.0,162.0,1971,54,Yes,Vibrant,Museum Deaccession,3.34,3.37
Contemporary_Ruby_1954,Ruby Evans,0.02,Contemporary,Clay,,24.0,28901.0,1859,166,No,Minimal,Private Collection,59.06,58.53
Minimalist_Kris_1955,Kris Craft,0.12,Minimalist,Clay,10.0,5.0,339.0,1892,133,No,Minimal,Museum Deaccession,2.74,3.51
Renaissance_Joyce_1956,Joyce Ibarra,0.22,Renaissance,Clay,6.0,4.0,100.0,1996,29,Yes,Intricate,Auctioned in New York,2.58,4.29
Contemporary_Jonathan_1957,Jonathan Dickerson,0.6,Contemporary,Marble,19.0,6.0,65232.0,1859,166,No,Minimal,Auctioned in London,114.92,115.45
Baroque_Hubert_1958,Hubert Garcia,,Baroque,Brass,41.0,18.0,37554.0,1907,118,No,Minimal,Inherited Estate,124.23,194.61
Modern_Barbara_1959,Barbara Mellott,0.44,Modern,Bronze,33.0,10.0,18473.0,1966,59,Yes,Vibrant,Inherited Estate,23.05,25.17
Classical_Dorothy_1960,Dorothy Figueroa,0.75,Classical,Marble,29.0,13.0,1068371.0,1978,47,Yes,Minimal,Inherited Estate,2332.72,3172.3
Abstract_Lorna_1961,Lorna Berry,0.54,Abstract,Marble,39.0,25.0,5872689.0,1939,86,No,Expressive,Museum Deaccession,23160.86,24475.27
Minimalist_Robert_1962,Robert Sparling,0.11,Minimalist,Bronze,5.0,4.0,173.0,1954,71,Yes,Polished,Museum Deaccession,6.32,6.38
Baroque_Robert_1963,Robert Eggert,0.55,Baroque,Aluminium,18.0,10.0,646.0,1974,51,Yes,Elegant,Auctioned in London,6.53,6.64
Minimalist_Dennis_1964,Dennis Legge,0.46,Minimalist,Brass,26.0,8.0,10899.0,1940,85,No,Intricate,Acquired from Artist,44.24,47.99
Modern_Helen_1965,Helen Davis,0.58,Modern,Marble,26.0,6.0,87529.0,1922,103,No,Intricate,Private Collection,199.99,229.97
Minimalist_Linwood_1966,Linwood Cao,0.7,Minimalist,Brass,32.0,22.0,105447.0,1952,73,Yes,Intricate,Private Collection,67.9,108.71
Modern_Patrick_1967,Patrick Holland,0.8,Modern,Bronze,30.0,7.0,12379.0,1909,116,No,Elegant,Gallery Exhibition,30.12,42.41
Baroque_Peter_1968,Peter Gonzales,0.95,Baroque,Clay,10.0,4.0,105.0,1878,147,No,Polished,Gallery Exhibition,4.18,4.48
Modern_Betty_1969,Betty Pelfrey,0.7,Modern,Bronze,21.0,8.0,7286.0,1887,138,No,Expressive,Private Collection,30.41,45.97
Classical_Kenneth_1970,Kenneth Bellmay,0.18,Classical,Brass,23.0,10.0,14363.0,1862,163,No,Rustic,Private Collection,8.84,8.16
Baroque_Caleb_1971,Caleb Washam,0.22,Baroque,Brass,17.0,16.0,,1996,29,Yes,Elegant,Auctioned in London,21.15,27.47
Contemporary_Dewayne_1972,Dewayne Then,0.24,Contemporary,Aluminium,3.0,3.0,14.0,1981,44,Yes,Rustic,Auctioned in New York,3.51,4.93
Renaissance_Nancy_1973,Nancy Wurster,,Renaissance,Bronze,14.0,6.0,2297.0,1853,172,No,Vibrant,Museum Deaccession,5.5,6.63
Abstract_Tina_1974,Tina Bunch,0.76,Abstract,Clay,10.0,,124.0,1898,127,No,Intricate,Auctioned in New York,6.53,6.86
Abstract_Jeanette_1975,Jeanette Wilton,0.32,Abstract,Brass,32.0,20.0,52189.0,1916,109,No,Minimal,Private Collection,115.92,110.41
Modern_Deanna_1976,Deanna Dobbins,0.18,Modern,,10.0,4.0,184.0,1962,63,Yes,Minimal,Gallery Exhibition,4.53,4.38
Renaissance_Thelma_1977,Thelma Peterson,0.54,Renaissance,Bronze,28.0,10.0,12288.0,1997,28,Yes,Intricate,Inherited Estate,60.07,55.37
Baroque_Alexandra_1978,Alexandra Fala,0.41,Baroque,Stone,21.0,13.0,1064738.0,1976,49,Yes,Vibrant,Acquired from Artist,2475.13,2911.42
Renaissance_Gregory_1979,Gregory Bowden,0.73,Renaissance,Aluminium,7.0,4.0,67.0,1921,104,No,Polished,Auctioned in London,3.66,3.75
Abstract_Victoria_1980,Victoria Williams,0.41,Abstract,Aluminium,6.0,4.0,,2004,21,Yes,Polished,Acquired from Artist,3.91,3.61
Contemporary_Maria_1981,Maria Grisham,,Contemporary,Wood,16.0,6.0,193.0,1866,159,No,Minimal,Acquired from Artist,4.26,5.43
Renaissance_Graciela_1982,Graciela Douglas,0.52,Renaissance,Brass,10.0,4.0,333.0,2014,11,Yes,Rustic,Inherited Estate,4.26,4.53
Classical_Candice_1983,Candice Wright,0.13,Classical,,,15.0,2059754.0,1868,157,No,Polished,Gallery Exhibition,945.16,1430.54
Modern_Ronald_1984,Ronald Brown,0.46,Modern,Brass,30.0,15.0,48152.0,1903,122,No,Minimal,Museum Deaccession,143.0,149.2
Minimalist_Alfonso_1985,Alfonso Mcginness,0.57,Minimalist,Brass,11.0,8.0,3100.0,1948,77,No,Minimal,Auctioned in New York,3.04,4.07
Abstract_Carlos_1986,Carlos Roberts,0.4,Abstract,Aluminium,3.0,2.0,11.0,1898,127,No,Polished,Auctioned in New York,4.73,6.7
Minimalist_Agnes_1987,Agnes Larkins,0.59,Minimalist,,21.0,13.0,9925.0,2003,22,Yes,Expressive,Museum Deaccession,39.37,47.67
Modern_Martin_1988,Martin Durso,0.33,Modern,Brass,21.0,6.0,6365.0,2014,11,Yes,Expressive,Museum Deaccession,6.34,6.37
Renaissance_Tony_1989,Tony Daub,,Renaissance,Aluminium,28.0,9.0,1850.0,1887,138,No,Rustic,Private Collection,10.52,10.33
Classical_Kelly_1990,Kelly Hall,,Classical,Wood,10.0,4.0,61.0,1929,96,No,Elegant,Private Collection,3.71,3.81
Modern_Ronald_1991,Ronald Neale,0.27,Modern,Bronze,10.0,,649.0,1887,138,No,Intricate,Private Collection,3.75,5.09
Classical_Betty_1992,Betty Gagne,0.68,Classical,Stone,34.0,14.0,3159017.0,1870,155,No,Minimal,Acquired from Artist,3974.56,5402.86
Classical_Kenneth_1993,Kenneth Bryant,0.93,Classical,Bronze,39.0,24.0,100937.0,1891,134,No,Minimal,Gallery Exhibition,739.57,1039.9
Baroque_Belinda_1994,Belinda Rogers,0.34,Baroque,Bronze,27.0,10.0,7435.0,1943,82,No,Expressive,Acquired from Artist,36.46,38.62
Baroque_Alejandro_1995,Alejandro Kimmes,0.52,Baroque,Bronze,13.0,7.0,1725.0,1932,93,No,Elegant,Museum Deaccession,3.81,3.98
Contemporary_Sandra_1996,Sandra Ervin,0.23,Contemporary,Clay,39.0,16.0,,1963,62,Yes,Expressive,Auctioned in London,11.52,16.28
Modern_Patrick_1997,Patrick Armstrong,0.8,Modern,,,7.0,119052.0,1887,138,No,Polished,Private Collection,356.73,361.72
Contemporary_Kelly_1998,Kelly Wise,0.64,Contemporary,,11.0,,17758.0,1947,78,No,Intricate,Private Collection,83.1,76.1
Modern_Alfred_1999,Alfred Weldon,0.67,Modern,Wood,35.0,20.0,723.0,1926,99,No,Rustic,Inherited Estate,5.65,5.2
Minimalist_Lyle_2000,Lyle Burks,0.43,Minimalist,Wood,22.0,10.0,285.0,1982,43,Yes,Intricate,Inherited Estate,4.26,6.05
Classical_James_2001,James Mello,0.18,Classical,Aluminium,38.0,23.0,4641.0,1966,59,Yes,Minimal,Auctioned in London,6.37,6.07
Classical_Peggy_2002,Peggy Moon,,Classical,Bronze,17.0,6.0,3553.0,1887,138,No,Polished,Auctioned in London,7.12,7.71
Baroque_Janet_2003,Janet Hernandez,0.27,Baroque,Clay,24.0,8.0,1074.0,1963,62,Yes,Expressive,Inherited Estate,4.42,5.03
Classical_Russell_2004,Russell Mcdowell,0.02,Classical,Bronze,6.0,5.0,210.0,1990,35,Yes,Vibrant,Museum Deaccession,3.44,4.55
Baroque_Eric_2005,Eric Hood,0.18,Baroque,Stone,21.0,12.0,857393.0,1883,142,No,Intricate,Inherited Estate,520.57,564.08
Contemporary_Joyce_2006,Joyce Utz,0.16,Contemporary,Aluminium,,11.0,973.0,1898,127,No,Vibrant,Auctioned in London,5.84,6.17
Abstract_Robert_2007,Robert Ison,0.49,Abstract,Brass,32.0,10.0,44187.0,1919,106,No,Vibrant,Auctioned in New York,75.39,104.49
Baroque_Karl_2008,Karl Goins,0.14,Baroque,Aluminium,12.0,6.0,309.0,1945,80,No,Vibrant,Private Collection,5.39,5.55
Renaissance_William_2009,William Willie,0.47,Renaissance,Marble,13.0,7.0,34249.0,1966,59,Yes,Polished,Gallery Exhibition,24.31,26.86
Baroque_Sherrill_2010,Sherrill Crosby,,Baroque,Aluminium,4.0,4.0,39.0,1987,38,Yes,Elegant,Private Collection,2.83,4.67
Baroque_Travis_2011,Travis Schmidgall,0.76,Baroque,Aluminium,33.0,11.0,1845.0,1869,156,No,Polished,Private Collection,11.69,11.2
Minimalist_Sandra_2012,Sandra Combs,0.34,Minimalist,Aluminium,11.0,7.0,291.0,2009,16,Yes,Polished,Private Collection,2.57,3.41
Modern_Paul_2013,Paul Locke,0.06,Modern,Clay,29.0,12.0,4538.0,1980,45,Yes,Minimal,Private Collection,5.94,6.62
Baroque_George_2014,George Dillard,0.2,Baroque,Brass,26.0,15.0,40745.0,1918,107,No,Vibrant,Museum Deaccession,21.73,21.47
Abstract_Joanne_2015,Joanne Barth,0.74,Abstract,Bronze,3.0,,63.0,2005,20,Yes,Expressive,Auctioned in New York,3.18,3.6
Contemporary_Jame_2016,Jame Digirolamo,0.29,Contemporary,Clay,13.0,8.0,685.0,1908,117,No,Vibrant,Private Collection,2.92,4.04
Renaissance_Tyree_2017,Tyree Kapp,0.35,Renaissance,Wood,3.0,2.0,,1887,138,No,Polished,Inherited Estate,2.95,4.41
Modern_Carolyn_2018,Carolyn Stanton,0.32,Modern,Wood,20.0,8.0,151.0,1850,175,No,Polished,Inherited Estate,3.71,6.04
Modern_Jason_2019,Jason Marion,0.82,Modern,Bronze,22.0,6.0,2344.0,1906,119,No,Minimal,Private Collection,9.01,9.27
Minimalist_Rosita_2020,Rosita Gutierrez,0.57,Minimalist,Aluminium,25.0,16.0,1948.0,1943,82,No,Minimal,Auctioned in London,5.71,6.2
Renaissance_Annette_2021,Annette Williams,0.3,Renaissance,Brass,9.0,4.0,572.0,1874,151,No,Polished,Auctioned in New York,4.91,6.29
Abstract_James_2022,James Queen,0.22,Abstract,Aluminium,5.0,4.0,25.0,1989,36,Yes,Expressive,Auctioned in London,3.98,4.71
Classical_Lawrence_2023,Lawrence Ferrufino,0.37,Classical,Wood,14.0,7.0,49.0,1985,40,Yes,Intricate,Auctioned in New York,5.32,6.66
Abstract_Anita_2024,Anita Castellanos,0.35,Abstract,Clay,30.0,9.0,2837.0,1953,72,Yes,Minimal,Gallery Exhibition,5.3,6.18
Minimalist_Stacey_2025,Stacey Koeppen,0.73,Minimalist,Wood,22.0,7.0,207.0,2014,11,Yes,Minimal,Private Collection,6.45,6.44
Baroque_Kyle_2026,Kyle Rock,0.26,Baroque,Aluminium,33.0,19.0,4112.0,1854,171,No,Polished,Acquired from Artist,7.15,7.1
Renaissance_Pamela_2027,Pamela Smith,0.63,Renaissance,Bronze,46.0,20.0,61188.0,1921,104,No,Expressive,Inherited Estate,67.94,62.8
Classical_Bobby_2028,Bobby Hornbrook,0.01,Classical,Brass,11.0,8.0,2421.0,1905,120,No,Vibrant,Inherited Estate,3.07,3.01
Minimalist_Gregory_2029,Gregory Smith,0.52,Minimalist,Clay,37.0,29.0,24046.0,2009,16,Yes,Elegant,Private Collection,74.92,70.56
Modern_Anita_2030,Anita Moyer,,Modern,Wood,32.0,15.0,,1874,151,No,Elegant,Gallery Exhibition,2.98,3.43
Contemporary_Ricky_2031,Ricky Morber,0.22,Contemporary,Stone,10.0,5.0,,1870,155,No,Vibrant,Acquired from Artist,24.3,35.25
Abstract_Rebecca_2032,Rebecca Pinnock,0.88,Abstract,,17.0,9.0,149924.0,2012,13,Yes,Polished,Inherited Estate,372.61,446.88
Minimalist_Linda_2033,Linda Dickerson,,Minimalist,Aluminium,13.0,6.0,385.0,1858,167,No,Elegant,Auctioned in New York,4.34,3.95
Classical_Kim_2034,Kim Darrah,0.09,Classical,,25.0,10.0,11887.0,1893,132,No,Rustic,Auctioned in New York,6.45,8.23
Minimalist_Jerome_2035,Jerome Nievas,0.07,Minimalist,Stone,19.0,9.0,201924.0,1860,165,No,Expressive,Acquired from Artist,320.03,459.04
Classical_Ralph_2036,Ralph Witte,,Classical,Brass,16.0,6.0,2077.0,1956,69,Yes,Polished,Museum Deaccession,5.89,9.15
Renaissance_Jacquelyn_2037,Jacquelyn Kerns,0.57,Renaissance,Stone,15.0,7.0,40417.0,1964,61,Yes,Intricate,Auctioned in New York,162.26,191.51
Renaissance_Dusty_2038,Dusty Dubois,0.75,Renaissance,Wood,14.0,7.0,136.0,1951,74,Yes,Rustic,Private Collection,4.31,4.16
Minimalist_Bruce_2039,Bruce Aurora,0.69,Minimalist,Stone,19.0,8.0,198035.0,1887,138,No,Rustic,Museum Deaccession,940.3,1237.87
Renaissance_Sean_2040,Sean Shaw,0.42,Renaissance,Stone,25.0,11.0,904412.0,1969,56,Yes,Polished,Inherited Estate,563.8,537.84
Classical_Franklin_2041,Franklin Kim,0.31,Classical,Aluminium,12.0,6.0,218.0,1982,43,Yes,Elegant,Auctioned in London,6.01,6.21
Classical_Frank_2042,Frank Acosta,0.86,Classical,Aluminium,23.0,10.0,1047.0,1900,125,No,Polished,Auctioned in New York,2.77,3.51
Modern_Greg_2043,Greg Stutler,0.68,Modern,Aluminium,,7.0,451.0,1910,115,No,Elegant,Auctioned in New York,3.6,4.37
Modern_Scott_2044,Scott Forsman,0.38,Modern,Bronze,28.0,9.0,11725.0,1857,168,No,Polished,Gallery Exhibition,26.38,35.47
Classical_Shirley_2045,Shirley Troutman,0.15,Classical,Stone,24.0,10.0,509845.0,1920,105,No,Intricate,Auctioned in New York,822.85,1108.52
Renaissance_Rita_2046,Rita Manzione,0.67,Renaissance,Marble,24.0,6.0,,1944,81,No,Intricate,Museum Deaccession,20.94,31.11
Minimalist_Donald_2047,Donald Schwartz,0.84,Minimalist,Clay,16.0,7.0,1038.0,1858,167,No,Intricate,Auctioned in London,6.13,5.83
Minimalist_Amy_2048,Amy Quinn,0.71,Minimalist,Bronze,30.0,18.0,20734.0,2000,25,Yes,Expressive,Private Collection,100.43,100.87
Modern_Paula_2049,Paula Brown,0.32,Modern,Bronze,27.0,12.0,21858.0,1929,96,No,Minimal,Inherited Estate,5.05,7.49
Minimalist_Danielle_2050,Danielle Rosseau,0.31,Minimalist,Brass,21.0,,48409.0,1920,105,No,Minimal,Private Collection,79.82,79.66
Minimalist_Tracy_2051,Tracy Anderson,0.61,Minimalist,Marble,3.0,2.0,37.0,2012,13,Yes,Intricate,Auctioned in London,5.11,6.63
Minimalist_Wade_2052,Wade Pratt,0.25,Minimalist,,8.0,5.0,297.0,1950,75,No,Intricate,Auctioned in London,2.97,4.66
Minimalist_Mary_2053,Mary Vencill,0.02,Minimalist,Bronze,,12.0,8880.0,1887,138,No,Polished,Auctioned in New York,10.03,10.02
Minimalist_Toni_2054,Toni Mcnair,0.06,Minimalist,Stone,14.0,7.0,81092.0,2003,22,Yes,Vibrant,Inherited Estate,108.05,117.88
Baroque_Kathryn_2055,Kathryn Stewart,0.11,Baroque,Marble,36.0,9.0,166789.0,1965,60,Yes,Rustic,Auctioned in London,78.89,115.21
Minimalist_Willard_2056,Willard Strickland,0.64,Minimalist,Wood,48.0,21.0,1364.0,1905,120,No,Minimal,Gallery Exhibition,4.91,6.93
Modern_Yvonne_2057,Yvonne Pulido,0.4,Modern,Brass,43.0,18.0,143981.0,2015,10,Yes,Elegant,Inherited Estate,190.61,191.55
Renaissance_Henry_2058,Henry Camilo,0.84,Renaissance,Bronze,10.0,,617.0,1966,59,Yes,Elegant,Auctioned in London,2.12,3.11
Minimalist_Jack_2059,Jack Tretheway,0.58,Minimalist,Clay,15.0,8.0,937.0,1968,57,Yes,Polished,Inherited Estate,3.55,3.59
Renaissance_Nathaniel_2060,Nathaniel Rafter,,Renaissance,Wood,16.0,,150.0,1996,29,Yes,Vibrant,Inherited Estate,6.06,6.16
Modern_Stella_2061,Stella Goad,0.5,Modern,Marble,33.0,8.0,380334.0,2003,22,Yes,Elegant,Museum Deaccession,252.15,406.43
Renaissance_Martin_2062,Martin Aiello,0.85,Renaissance,Bronze,34.0,28.0,95208.0,1977,48,Yes,Polished,Inherited Estate,616.4,701.08
Minimalist_Marcus_2063,Marcus Seymour,0.01,Minimalist,Clay,3.0,2.0,18.0,2011,14,Yes,Minimal,Private Collection,6.73,6.2
Minimalist_Debra_2064,Debra Duquette,0.27,Minimalist,Wood,4.0,3.0,15.0,1945,80,No,Elegant,Gallery Exhibition,3.95,5.92
Contemporary_Gwendolyn_2065,Gwendolyn Jeffcoat,0.39,Contemporary,Bronze,11.0,7.0,,1918,107,No,Polished,Inherited Estate,5.58,6.36
Renaissance_William_2066,William Snyder,0.81,Renaissance,Stone,3.0,3.0,,2011,14,Yes,Minimal,Inherited Estate,6.52,5.97
Renaissance_Jennifer_2067,Jennifer Kerr,0.68,Renaissance,Marble,22.0,9.0,232346.0,1866,159,No,Vibrant,Auctioned in New York,982.83,1168.79
Modern_Elsa_2068,Elsa Cervantes,0.57,Modern,Bronze,14.0,8.0,2470.0,1892,133,No,Polished,Gallery Exhibition,16.91,18.1
Renaissance_Andrew_2069,Andrew Austin,,Renaissance,Clay,,20.0,6277.0,1945,80,No,Rustic,Museum Deaccession,3.12,3.6
Baroque_Lupe_2070,Lupe Knackstedt,0.44,Baroque,Aluminium,39.0,29.0,6213.0,1929,96,No,Minimal,Auctioned in London,11.97,11.61
Baroque_Lawrence_2071,Lawrence Lunt,0.32,Baroque,Wood,9.0,,69.0,1909,116,No,Rustic,Private Collection,2.86,3.24
Baroque_Diane_2072,Diane Figueroa,0.5,Baroque,Wood,,7.0,331.0,1870,155,No,Rustic,Gallery Exhibition,3.89,6.21
Minimalist_Samuel_2073,Samuel Carlson,0.97,Minimalist,,8.0,4.0,3101.0,1887,138,No,Elegant,Acquired from Artist,4.0,6.54
Classical_Fred_2074,Fred Goodwin,0.22,Classical,Aluminium,46.0,17.0,5308.0,1968,57,Yes,Minimal,Acquired from Artist,17.79,19.44
Classical_Kirk_2075,Kirk Marciano,0.18,Classical,,9.0,4.0,3597.0,1941,84,No,Elegant,Auctioned in New York,2.48,4.05
Classical_Nicolas_2076,Nicolas Merrell,0.36,Classical,Bronze,,5.0,,2015,10,Yes,Elegant,Auctioned in New York,3.77,4.46
Abstract_Margaret_2077,Margaret Dawson,,Abstract,Clay,27.0,6.0,1843.0,1878,147,No,Expressive,Gallery Exhibition,4.4,5.42
Minimalist_Mary_2078,Mary Amore,0.65,Minimalist,Stone,14.0,6.0,16635.0,1990,35,Yes,Vibrant,Auctioned in London,27.23,28.95
Minimalist_Tony_2079,Tony Zinger,0.31,Minimalist,Clay,36.0,9.0,2244.0,1942,83,No,Intricate,Private Collection,6.48,5.96
Contemporary_Andrew_2080,Andrew Heyde,0.38,Contemporary,Stone,20.0,9.0,325309.0,1942,83,No,Polished,Inherited Estate,760.88,1018.88
Classical_Vivian_2081,Vivian Valen,0.46,Classical,Brass,22.0,6.0,5572.0,1986,39,Yes,Minimal,Auctioned in New York,21.4,24.36
Renaissance_Paul_2082,Paul Schaal,0.76,Renaissance,Aluminium,21.0,,486.0,1853,172,No,Elegant,Gallery Exhibition,2.73,3.35
Baroque_Margaret_2083,Margaret Vazquez,0.14,Baroque,Wood,32.0,8.0,291.0,1915,110,No,Elegant,Inherited Estate,4.72,6.74
Contemporary_Carol_2084,Carol Campbell,0.58,Contemporary,Stone,24.0,12.0,,1946,79,No,Expressive,Auctioned in London,3902.13,6312.52
Classical_Darla_2085,Darla Downs,0.95,Classical,Wood,3.0,,4.0,2018,7,Yes,Minimal,Auctioned in New York,3.73,4.29
Baroque_Tamara_2086,Tamara Calloway,0.47,Baroque,Stone,22.0,8.0,437722.0,1918,107,No,Polished,Auctioned in New York,535.52,535.34
Baroque_Harold_2087,Harold Brandon,0.62,Baroque,Aluminium,23.0,11.0,976.0,1935,90,No,Minimal,Acquired from Artist,2.94,3.91
Classical_Jonathan_2088,Jonathan Willett,0.14,Classical,Aluminium,4.0,3.0,17.0,1893,132,No,Intricate,Gallery Exhibition,4.52,6.04
Classical_Stephen_2089,Stephen Veliz,0.18,Classical,Bronze,30.0,7.0,9646.0,1857,168,No,Minimal,Gallery Exhibition,10.8,18.0
Contemporary_Kristine_2090,Kristine Brooks,0.1,Contemporary,Brass,24.0,8.0,14644.0,1854,171,No,Elegant,Inherited Estate,21.45,23.19
Contemporary_Kenneth_2091,Kenneth Friedman,,Contemporary,Stone,7.0,4.0,2780.0,2007,18,Yes,Intricate,Auctioned in New York,6.95,6.32
Abstract_Ashley_2092,Ashley Roberts,0.37,Abstract,Stone,18.0,7.0,46000.0,1884,141,No,Minimal,Inherited Estate,225.6,225.69
Modern_Douglas_2093,Douglas Urmeneta,0.68,Modern,Wood,16.0,6.0,,1904,121,No,Expressive,Gallery Exhibition,2.75,3.23
Abstract_Michael_2094,Michael Neff,0.74,Abstract,Marble,20.0,6.0,89996.0,1954,71,Yes,Expressive,Private Collection,691.0,787.8
Abstract_Samuel_2095,Samuel Eiland,0.75,Abstract,Stone,24.0,7.0,259187.0,1925,100,No,Rustic,Inherited Estate,382.07,396.4
Classical_Erica_2096,Erica Bohnen,0.33,Classical,Clay,35.0,22.0,15388.0,1920,105,No,Intricate,Auctioned in London,32.62,53.73
Renaissance_Timothy_2097,Timothy Castellanos,0.39,Renaissance,Bronze,25.0,13.0,,1869,156,No,Rustic,Gallery Exhibition,111.67,135.6
Baroque_Peter_2098,Peter King,0.1,Baroque,Wood,4.0,4.0,20.0,1878,147,No,Polished,Auctioned in New York,5.76,5.26
Classical_Jane_2099,Jane Briggs,0.01,Classical,Clay,38.0,14.0,7446.0,2000,25,Yes,Intricate,Museum Deaccession,4.54,5.02
Minimalist_Brenda_2100,Brenda Hudson,0.09,Minimalist,Brass,21.0,15.0,35211.0,1888,137,No,Rustic,Acquired from Artist,30.9,28.27
Modern_Jonathan_2101,Jonathan Anderson,0.75,Modern,Wood,34.0,17.0,778.0,1900,125,No,Intricate,Inherited Estate,4.28,6.73
Classical_Bonnie_2102,Bonnie Rios,0.76,Classical,Bronze,22.0,16.0,15938.0,1957,68,Yes,Vibrant,Private Collection,37.69,45.91
Classical_David_2103,David Varley,,Classical,Aluminium,14.0,6.0,,1998,27,Yes,Expressive,Private Collection,7.44,6.93
Modern_Kelvin_2104,Kelvin Ford,0.56,Modern,Wood,27.0,,514.0,2018,7,Yes,Minimal,Auctioned in New York,2.28,3.66
Classical_Christine_2105,Christine Pinheiro,0.22,Classical,Bronze,3.0,2.0,23.0,1945,80,No,Rustic,Acquired from Artist,3.26,3.32
Baroque_Colleen_2106,Colleen Tackitt,0.36,Baroque,Brass,4.0,3.0,42.0,1944,81,No,Intricate,Gallery Exhibition,2.75,4.27
Modern_Jeffrey_2107,Jeffrey Doyle,0.86,Modern,Marble,14.0,7.0,35353.0,1877,148,No,Polished,Acquired from Artist,79.66,76.06
Minimalist_John_2108,John Brown,0.86,Minimalist,Bronze,59.0,20.0,179476.0,1986,39,Yes,Minimal,Museum Deaccession,800.63,798.46
Abstract_William_2109,William Ladd,0.32,Abstract,Brass,29.0,10.0,31526.0,1991,34,Yes,Intricate,Auctioned in London,44.32,43.43
Minimalist_Robert_2110,Robert Cameron,,Minimalist,Clay,25.0,7.0,1654.0,2011,14,Yes,Elegant,Auctioned in New York,8.23,8.8
Minimalist_Larry_2111,Larry Neal,0.93,Minimalist,,13.0,6.0,,1868,157,No,Vibrant,Auctioned in New York,5.99,8.26
Minimalist_Quinton_2112,Quinton Grant,0.36,Minimalist,,23.0,10.0,499.0,2003,22,Yes,Rustic,Acquired from Artist,4.77,6.09
Baroque_Daniel_2113,Daniel Keller,0.49,Baroque,Stone,25.0,6.0,193583.0,1950,75,No,Minimal,Auctioned in London,404.88,536.91
Classical_Alice_2114,Alice Butcher,0.8,Classical,Stone,12.0,6.0,57899.0,1939,86,No,Rustic,Acquired from Artist,256.23,324.71
Modern_Ricky_2115,Ricky Gaskins,0.34,Modern,Marble,26.0,6.0,112686.0,1876,149,No,Rustic,Gallery Exhibition,393.49,394.47
Minimalist_Ashley_2116,Ashley Givens,0.59,Minimalist,Clay,9.0,4.0,186.0,1944,81,No,Elegant,Museum Deaccession,2.88,3.96
Contemporary_John_2117,John Schultz,0.7,Contemporary,Marble,32.0,14.0,777735.0,1885,140,No,Expressive,Auctioned in New York,3419.67,3914.81
Renaissance_Ronald_2118,Ronald Newlon,0.38,Renaissance,Bronze,22.0,7.0,6166.0,1877,148,No,Vibrant,Auctioned in New York,31.48,31.55
Minimalist_Jeffrey_2119,Jeffrey Warren,0.6,Minimalist,Wood,32.0,14.0,974.0,1978,47,Yes,Intricate,Gallery Exhibition,5.81,6.14
Modern_Raleigh_2120,Raleigh Ballard,0.14,Modern,Clay,3.0,2.0,5.0,1964,61,Yes,Polished,Gallery Exhibition,7.29,6.81
Contemporary_William_2121,William Mchugh,0.07,Contemporary,Clay,12.0,8.0,663.0,1962,63,Yes,Intricate,Gallery Exhibition,5.6,5.29
Baroque_Lavone_2122,Lavone Turner,0.52,Baroque,Clay,15.0,6.0,554.0,1943,82,No,Minimal,Gallery Exhibition,6.54,6.76
Classical_Robert_2123,Robert Bardo,0.29,Classical,Stone,13.0,6.0,49743.0,1986,39,Yes,Elegant,Museum Deaccession,155.7,154.02
Classical_Rachael_2124,Rachael Massey,0.67,Classical,Stone,,,478967.0,1860,165,No,Expressive,Private Collection,2162.89,3562.56
Minimalist_Michelle_2125,Michelle Hu,,Minimalist,Marble,3.0,2.0,68.0,1935,90,No,Vibrant,Private Collection,4.06,3.75
Renaissance_Mary_2126,Mary Harris,,Renaissance,Bronze,35.0,12.0,13366.0,1968,57,Yes,Elegant,Inherited Estate,24.74,30.36
Baroque_Patricia_2127,Patricia Johnson,1.0,Baroque,Aluminium,33.0,11.0,1564.0,1929,96,No,Intricate,Inherited Estate,7.58,8.52
Modern_Jamie_2128,Jamie Thompson,0.32,Modern,Aluminium,16.0,6.0,467.0,2009,16,Yes,Elegant,Museum Deaccession,4.29,5.82
Minimalist_Joleen_2129,Joleen Lee,0.83,Minimalist,Clay,,9.0,,1927,98,No,Minimal,Auctioned in London,6.59,6.85
Minimalist_Gary_2130,Gary Lopez,,Minimalist,Wood,33.0,13.0,476.0,1965,60,Yes,Intricate,Auctioned in New York,1.93,3.08
Baroque_Philip_2131,Philip Johnson,0.06,Baroque,Wood,38.0,7.0,220.0,1892,133,No,Elegant,Gallery Exhibition,3.45,3.89
Baroque_Melissa_2132,Melissa Johnson,0.51,Baroque,,22.0,8.0,247.0,1868,157,No,Vibrant,Inherited Estate,3.95,5.26
Modern_Fay_2133,Fay Melius,0.57,Modern,Aluminium,30.0,15.0,2126.0,1984,41,Yes,Vibrant,Gallery Exhibition,4.51,7.31
Classical_Anna_2134,Anna Miller,0.18,Classical,Clay,27.0,12.0,4343.0,2016,9,Yes,Minimal,Museum Deaccession,5.12,5.08
Abstract_Carol_2135,Carol Odonnell,0.68,Abstract,Aluminium,35.0,,1994.0,1866,159,No,Minimal,Inherited Estate,8.18,10.45
Minimalist_Gregory_2136,Gregory Payne,0.34,Minimalist,Bronze,3.0,2.0,,2002,23,Yes,Rustic,Museum Deaccession,6.74,6.75
Baroque_Ralph_2137,Ralph Jeffries,0.87,Baroque,Brass,11.0,6.0,1425.0,1957,68,Yes,Vibrant,Auctioned in New York,2.35,3.11
Classical_Edward_2138,Edward Thomas,0.49,Classical,Brass,36.0,12.0,46633.0,1911,114,No,Expressive,Auctioned in New York,83.19,81.26
Abstract_George_2139,George Ritschard,0.24,Abstract,Aluminium,24.0,11.0,2013.0,1872,153,No,Vibrant,Private Collection,6.16,6.13
Renaissance_Idell_2140,Idell Bruce,0.21,Renaissance,Clay,21.0,9.0,,1976,49,Yes,Intricate,Inherited Estate,4.63,5.0
Minimalist_Rene_2141,Rene Odom,0.03,Minimalist,,18.0,9.0,4083.0,2012,13,Yes,Elegant,Acquired from Artist,5.55,6.46
Modern_Martha_2142,Martha Wright,0.7,Modern,Wood,,,130.0,1893,132,No,Minimal,Auctioned in London,6.18,6.61
Baroque_Michael_2143,Michael Esquivel,0.79,Baroque,Aluminium,38.0,28.0,7048.0,1935,90,No,Polished,Gallery Exhibition,22.77,33.66
Baroque_Jessica_2144,Jessica Kesner,,Baroque,Stone,26.0,8.0,,1971,54,Yes,Polished,Inherited Estate,3165.69,5177.02
Modern_Ryan_2145,Ryan Johnson,0.44,Modern,Marble,19.0,13.0,266655.0,1862,163,No,Intricate,Auctioned in London,331.63,359.27
Renaissance_Keith_2146,Keith Peterson,0.39,Renaissance,Wood,24.0,9.0,413.0,1852,173,No,Elegant,Inherited Estate,3.53,4.97
Minimalist_Kari_2147,Kari Wismer,,Minimalist,Marble,36.0,12.0,,1874,151,No,Polished,Acquired from Artist,7934.6,7962.5
Modern_Robert_2148,Robert Haskin,,Modern,Wood,28.0,16.0,666.0,1985,40,Yes,Vibrant,Gallery Exhibition,5.77,5.49
Minimalist_Erin_2149,Erin Brumfield,0.19,Minimalist,Wood,31.0,18.0,988.0,1851,174,No,Rustic,Private Collection,3.62,3.44
Classical_Justin_2150,Justin Aguirre,0.36,Classical,Wood,39.0,20.0,1129.0,1872,153,No,Elegant,Auctioned in New York,3.23,4.78
Minimalist_Jacob_2151,Jacob Solomon,0.21,Minimalist,Bronze,31.0,7.0,5608.0,1889,136,No,Expressive,Gallery Exhibition,9.99,14.72
Abstract_Jose_2152,Jose Rhyne,0.63,Abstract,Aluminium,23.0,10.0,893.0,1923,102,No,Elegant,Auctioned in London,2.82,3.25
Minimalist_Mark_2153,Mark Tecuanhuey,0.03,Minimalist,,25.0,11.0,789868.0,1917,108,No,Vibrant,Gallery Exhibition,1915.59,1798.21
Renaissance_Myrna_2154,Myrna Triplett,0.46,Renaissance,Marble,37.0,21.0,3665414.0,1999,26,Yes,Rustic,Gallery Exhibition,19353.42,24027.25
Minimalist_Eugene_2155,Eugene Duncan,0.74,Minimalist,,15.0,,457.0,1853,172,No,Polished,Inherited Estate,2.92,4.76
Renaissance_Tyrone_2156,Tyrone Vercher,0.04,Renaissance,Clay,,12.0,1473.0,1904,121,No,Expressive,Acquired from Artist,3.43,3.76
Contemporary_Monica_2157,Monica Brown,0.81,Contemporary,Bronze,,18.0,,1852,173,No,Elegant,Gallery Exhibition,82.21,122.43
Classical_Joshua_2158,Joshua Ronn,0.96,Classical,Marble,4.0,3.0,410.0,1905,120,No,Vibrant,Private Collection,3.79,5.35
Baroque_Serena_2159,Serena Smith,,Baroque,Aluminium,32.0,13.0,2655.0,1856,169,No,Intricate,Inherited Estate,2.7,3.36
Abstract_George_2160,George Mora,0.36,Abstract,Bronze,,6.0,3980.0,1876,149,No,Elegant,Inherited Estate,8.45,7.96
Renaissance_Isabelle_2161,Isabelle Shuler,0.19,Renaissance,Stone,18.0,16.0,988995.0,1867,158,No,Expressive,Auctioned in New York,4264.13,4419.49
Contemporary_Joshua_2162,Joshua Cooney,,Contemporary,Brass,10.0,5.0,935.0,1934,91,No,Rustic,Auctioned in New York,3.71,5.4
Renaissance_Tyrone_2163,Tyrone Ritter,0.26,Renaissance,,26.0,14.0,22516.0,1908,117,No,Minimal,Inherited Estate,27.19,36.99
Classical_Rita_2164,Rita Osbourne,0.63,Classical,Aluminium,28.0,19.0,3751.0,1919,106,No,Rustic,Private Collection,8.86,11.76
Contemporary_Lucie_2165,Lucie Cunningham,0.74,Contemporary,Wood,19.0,7.0,202.0,2019,6,Yes,Elegant,Inherited Estate,3.95,5.09
Classical_Irene_2166,Irene Cathcart,0.23,Classical,Wood,,15.0,195.0,1937,88,No,Minimal,Museum Deaccession,3.28,3.73
Renaissance_Denise_2167,Denise Rhodes,0.47,Renaissance,Marble,32.0,,382523.0,1890,135,No,Intricate,Museum Deaccession,1647.07,1625.63
Contemporary_Edward_2168,Edward Balder,,Contemporary,Marble,3.0,,91.0,1975,50,Yes,Polished,Gallery Exhibition,4.81,4.64
Minimalist_Sandra_2169,Sandra Harrod,0.18,Minimalist,Aluminium,4.0,4.0,56.0,1905,120,No,Vibrant,Acquired from Artist,6.59,6.98
Renaissance_Jason_2170,Jason Gessel,0.39,Renaissance,Brass,29.0,19.0,100412.0,1877,148,No,Polished,Inherited Estate,496.34,537.5
Renaissance_Amanda_2171,Amanda Paras,0.96,Renaissance,,24.0,9.0,557707.0,1945,80,No,Minimal,Acquired from Artist,2403.72,3165.66
Minimalist_Maria_2172,Maria Farmer,0.21,Minimalist,Marble,9.0,,5473.0,1943,82,No,Minimal,Auctioned in London,6.56,8.21
Minimalist_Jeffrey_2173,Jeffrey Coard,0.53,Minimalist,Wood,11.0,,79.0,1947,78,No,Polished,Museum Deaccession,3.92,3.99
Classical_Victoria_2174,Victoria Johnson,,Classical,,21.0,8.0,,1885,140,No,Rustic,Auctioned in New York,3.11,3.19
Modern_Jae_2175,Jae Biggerstaff,,Modern,Aluminium,,15.0,1859.0,1946,79,No,Rustic,Private Collection,5.12,6.59
Baroque_Julie_2176,Julie Williams,0.03,Baroque,Clay,11.0,7.0,176.0,1978,47,Yes,Vibrant,Private Collection,3.31,3.02
Renaissance_Vanessa_2177,Vanessa Royer,0.9,Renaissance,Marble,36.0,21.0,2964731.0,1922,103,No,Rustic,Inherited Estate,13894.58,22037.18
Modern_Shirley_2178,Shirley Rodriguez,0.31,Modern,,27.0,8.0,1480.0,1919,106,No,Intricate,Private Collection,5.85,5.5
Contemporary_Dustin_2179,Dustin Kelsey,0.44,Contemporary,Clay,35.0,16.0,5016.0,1966,59,Yes,Intricate,Private Collection,32.58,30.99
Minimalist_Stephen_2180,Stephen Victorine,0.43,Minimalist,Clay,33.0,10.0,2079.0,1969,56,Yes,Rustic,Auctioned in New York,3.27,3.51
Baroque_Nancy_2181,Nancy Griffiths,0.71,Baroque,Stone,21.0,12.0,603939.0,1963,62,Yes,Polished,Inherited Estate,3204.98,3538.97
Minimalist_Enoch_2182,Enoch Coppedge,,Minimalist,Bronze,19.0,9.0,6398.0,1946,79,No,Elegant,Acquired from Artist,14.79,19.58
Modern_Ralph_2183,Ralph Coughlin,,Modern,Marble,46.0,9.0,,1984,41,Yes,Elegant,Gallery Exhibition,664.6,643.43
Renaissance_Stephen_2184,Stephen Lane,0.45,Renaissance,Aluminium,27.0,10.0,1508.0,2011,14,Yes,Elegant,Inherited Estate,4.26,6.89
Baroque_David_2185,David Vanakin,,Baroque,,5.0,3.0,33.0,1929,96,No,Vibrant,Gallery Exhibition,4.18,4.59
Baroque_Edward_2186,Edward Hadnot,0.16,Baroque,Bronze,25.0,6.0,5935.0,1998,27,Yes,Expressive,Museum Deaccession,4.28,5.69
Abstract_Charles_2187,Charles Burris,0.43,Abstract,Brass,20.0,8.0,4876.0,1945,80,No,Expressive,Inherited Estate,11.4,11.74
Abstract_Deirdre_2188,Deirdre Colon,0.32,Abstract,Wood,28.0,16.0,836.0,1954,71,Yes,Elegant,Gallery Exhibition,6.15,6.91
Abstract_Kimberly_2189,Kimberly Mutz,0.75,Abstract,Brass,25.0,10.0,9820.0,1922,103,No,Minimal,Auctioned in New York,31.29,48.11
Abstract_Nona_2190,Nona Robinson,0.75,Abstract,Aluminium,5.0,4.0,68.0,1913,112,No,Minimal,Acquired from Artist,3.66,4.01
Minimalist_Cecilia_2191,Cecilia Boyle,0.9,Minimalist,Clay,13.0,7.0,867.0,2006,19,Yes,Rustic,Museum Deaccession,4.4,5.6
Classical_Kathy_2192,Kathy Johnson,0.41,Classical,Stone,38.0,25.0,11170102.0,1915,110,No,Elegant,Museum Deaccession,63878.43,83638.55
Modern_Eric_2193,Eric Brown,0.94,Modern,Bronze,3.0,3.0,39.0,1850,175,No,Elegant,Acquired from Artist,6.6,6.13
Classical_Joseph_2194,Joseph Holmes,0.07,Classical,Clay,17.0,6.0,716.0,1951,74,Yes,Vibrant,Auctioned in New York,5.08,6.0
Minimalist_Isreal_2195,Isreal Lyle,0.28,Minimalist,,11.0,8.0,4388.0,1926,99,No,Vibrant,Auctioned in London,13.03,17.39
Classical_Jean_2196,Jean Hirsch,0.43,Classical,Aluminium,30.0,18.0,3099.0,1905,120,No,Polished,Museum Deaccession,10.53,16.22
Minimalist_Annie_2197,Annie Bosley,0.72,Minimalist,Brass,35.0,19.0,,1924,101,No,Expressive,Auctioned in London,311.33,296.55
Minimalist_Betty_2198,Betty Macqueen,0.17,Minimalist,,26.0,12.0,171678.0,2012,13,Yes,Intricate,Museum Deaccession,148.54,178.0
Modern_Rose_2199,Rose Gray,0.29,Modern,Stone,21.0,7.0,73339.0,1894,131,No,Vibrant,Auctioned in New York,196.15,247.43
Abstract_George_2200,George Earl,0.57,Abstract,Marble,13.0,8.0,33792.0,1892,133,No,Polished,Museum Deaccession,27.75,41.64
Modern_Debra_2201,Debra White,0.11,Modern,Wood,16.0,6.0,103.0,1977,48,Yes,Minimal,Gallery Exhibition,5.18,5.48
Classical_Richard_2202,Richard Pittman,,Classical,Brass,22.0,,32708.0,1907,118,No,Vibrant,Museum Deaccession,122.8,188.71
Minimalist_John_2203,John Tucker,0.74,Minimalist,Wood,35.0,14.0,1225.0,2013,12,Yes,Elegant,Acquired from Artist,7.09,6.58
Classical_Kristopher_2204,Kristopher Dyke,0.2,Classical,Bronze,29.0,15.0,24972.0,1913,112,No,Polished,Auctioned in New York,30.26,29.26
Minimalist_Lily_2205,Lily Mcdade,0.36,Minimalist,Marble,3.0,3.0,204.0,1989,36,Yes,Elegant,Gallery Exhibition,4.01,5.52
Classical_Jeanette_2206,Jeanette Stolle,,Classical,Bronze,33.0,7.0,9320.0,1963,62,Yes,Polished,Auctioned in New York,9.7,9.69
Renaissance_Beatrice_2207,Beatrice Stucker,0.99,Renaissance,Stone,32.0,14.0,2242840.0,1871,154,No,Expressive,Inherited Estate,3129.48,4227.43
Modern_Catherine_2208,Catherine Martin,0.12,Modern,Bronze,25.0,13.0,20077.0,1946,79,No,Expressive,Auctioned in London,20.9,26.27
Modern_Ann_2209,Ann Fryer,,Modern,,34.0,14.0,,2000,25,Yes,Expressive,Auctioned in New York,45.85,43.56
Modern_Ida_2210,Ida Lewis,0.89,Modern,Stone,9.0,4.0,2438.0,1982,43,Yes,Vibrant,Gallery Exhibition,2.98,3.4
Abstract_Jason_2211,Jason Monaghan,0.61,Abstract,,19.0,10.0,10219.0,1925,100,No,Rustic,Auctioned in New York,30.54,38.31
Minimalist_Alex_2212,Alex Zertuche,0.74,Minimalist,,35.0,25.0,15292.0,1982,43,Yes,Rustic,Acquired from Artist,46.61,65.27
Contemporary_Tomoko_2213,Tomoko Vignola,0.25,Contemporary,Aluminium,16.0,,633.0,1885,140,No,Intricate,Auctioned in New York,3.53,4.26
Minimalist_Myra_2214,Myra Williams,0.03,Minimalist,Aluminium,37.0,19.0,3786.0,1865,160,No,Polished,Gallery Exhibition,4.26,4.49
Classical_Rachael_2215,Rachael Grill,0.32,Classical,,44.0,16.0,13813.0,2012,13,Yes,Intricate,Gallery Exhibition,41.5,44.6
Contemporary_Robert_2216,Robert Holderman,0.52,Contemporary,Wood,14.0,8.0,280.0,1875,150,No,Intricate,Museum Deaccession,2.87,3.22
Abstract_Elizabeth_2217,Elizabeth Mclellan,0.28,Abstract,Brass,48.0,30.0,364461.0,1915,110,No,Minimal,Auctioned in New York,1087.13,1062.72
Baroque_Bridgett_2218,Bridgett Meza,0.21,Baroque,Clay,7.0,5.0,198.0,1948,77,No,Elegant,Auctioned in New York,2.49,3.77
Abstract_Dora_2219,Dora Ingrum,0.34,Abstract,Clay,32.0,11.0,4866.0,1946,79,No,Expressive,Acquired from Artist,6.54,6.44
Abstract_Steven_2220,Steven Hernandez,,Abstract,Wood,24.0,11.0,437.0,1931,94,No,Expressive,Private Collection,4.4,6.15
Modern_Daryl_2221,Daryl Bullins,0.14,Modern,Wood,32.0,17.0,750.0,1936,89,No,Rustic,Auctioned in London,3.99,5.75
Renaissance_Janice_2222,Janice Burton,0.76,Renaissance,Bronze,29.0,13.0,17479.0,2009,16,Yes,Elegant,Auctioned in New York,55.25,50.28
Classical_Sharon_2223,Sharon Davis,0.81,Classical,Bronze,17.0,7.0,4892.0,1977,48,Yes,Minimal,Private Collection,18.68,17.7
Baroque_Elvin_2224,Elvin Campbell,0.61,Baroque,Aluminium,27.0,8.0,455.0,1987,38,Yes,Rustic,Acquired from Artist,5.06,6.1
Minimalist_Frank_2225,Frank Monahan,0.57,Minimalist,Marble,40.0,11.0,885511.0,1883,142,No,Polished,Gallery Exhibition,3055.81,3631.7
Renaissance_Fred_2226,Fred Mcginn,0.74,Renaissance,Wood,33.0,9.0,489.0,1988,37,Yes,Intricate,Acquired from Artist,4.37,4.91
Renaissance_Bryant_2227,Bryant Schneck,,Renaissance,Wood,4.0,4.0,19.0,2014,11,Yes,Rustic,Auctioned in London,3.01,3.4
Contemporary_Anthony_2228,Anthony Giard,0.35,Contemporary,,24.0,,184235.0,2013,12,Yes,Elegant,Gallery Exhibition,119.77,186.88
Modern_Leticia_2229,Leticia Smith,0.74,Modern,Aluminium,42.0,9.0,1475.0,1924,101,No,Intricate,Gallery Exhibition,3.66,5.53
Baroque_Brett_2230,Brett Fejes,0.87,Baroque,Clay,28.0,11.0,5325.0,1991,34,Yes,Polished,Auctioned in New York,5.19,5.48
Renaissance_Robert_2231,Robert Hendricks,,Renaissance,Clay,22.0,6.0,,1987,38,Yes,Rustic,Museum Deaccession,4.53,6.29
Contemporary_Marcus_2232,Marcus Brogdon,0.11,Contemporary,Marble,24.0,15.0,847736.0,1933,92,No,Polished,Museum Deaccession,1239.56,2050.0
Baroque_David_2233,David Sturtevant,,Baroque,Wood,47.0,15.0,924.0,1909,116,No,Polished,Auctioned in New York,4.15,4.36
Classical_Jacob_2234,Jacob Conlisk,,Classical,Aluminium,18.0,9.0,779.0,1950,75,No,Minimal,Auctioned in New York,1.99,3.29
Contemporary_Josue_2235,Josue Reynolds,0.08,Contemporary,Wood,12.0,6.0,178.0,1991,34,Yes,Vibrant,Private Collection,6.73,6.44
Renaissance_Joseph_2236,Joseph Napier,0.29,Renaissance,Marble,22.0,10.0,85245.0,1935,90,No,Rustic,Inherited Estate,73.72,100.86
Minimalist_Doris_2237,Doris Stuble,0.17,Minimalist,Marble,9.0,4.0,2403.0,1994,31,Yes,Minimal,Private Collection,6.71,7.81
Minimalist_Consuelo_2238,Consuelo Bezio,0.96,Minimalist,Marble,13.0,6.0,21903.0,1973,52,Yes,Elegant,Inherited Estate,173.97,159.11
Abstract_Anne_2239,Anne Phipps,0.75,Abstract,Stone,7.0,4.0,2343.0,2018,7,Yes,Minimal,Private Collection,7.27,12.04
Modern_Dorothy_2240,Dorothy Ward,0.44,Modern,Wood,17.0,7.0,107.0,1992,33,Yes,Vibrant,Acquired from Artist,4.35,4.03
Minimalist_Gary_2241,Gary Argueta,0.39,Minimalist,Marble,35.0,18.0,1575046.0,1960,65,Yes,Rustic,Museum Deaccession,1537.6,1551.42
Abstract_Thomas_2242,Thomas Hoffpavir,0.61,Abstract,,14.0,,95078.0,2002,23,Yes,Intricate,Private Collection,411.85,479.78
Renaissance_John_2243,John Fitzgerald,0.47,Renaissance,Marble,38.0,15.0,,2019,6,Yes,Rustic,Auctioned in London,4770.02,6141.47
Baroque_Shaun_2244,Shaun Wiersma,0.3,Baroque,Wood,13.0,7.0,106.0,2020,5,Yes,Rustic,Acquired from Artist,4.37,4.59
Abstract_Margret_2245,Margret Rutherford,0.22,Abstract,Stone,13.0,8.0,30542.0,1943,82,No,Minimal,Auctioned in New York,38.49,40.27
Renaissance_Marlys_2246,Marlys Novak,0.71,Renaissance,Wood,23.0,13.0,480.0,1973,52,Yes,Minimal,Acquired from Artist,3.56,4.23
Abstract_Harold_2247,Harold Murphy,0.33,Abstract,,30.0,9.0,12594.0,1942,83,No,Expressive,Acquired from Artist,27.74,40.05
Minimalist_Tammy_2248,Tammy Crockett,0.5,Minimalist,Aluminium,36.0,,,1899,126,No,Intricate,Private Collection,5.52,5.07
Renaissance_Barbara_2249,Barbara Mueller,0.3,Renaissance,Marble,3.0,3.0,147.0,1914,111,No,Intricate,Gallery Exhibition,5.55,5.55
Renaissance_Timothy_2250,Timothy Amos,0.02,Renaissance,Marble,28.0,12.0,510348.0,1884,141,No,Elegant,Auctioned in London,247.55,361.62
Contemporary_Lori_2251,Lori Segura,0.51,Contemporary,Marble,7.0,4.0,1483.0,1925,100,No,Minimal,Private Collection,5.26,6.36
Renaissance_Jennifer_2252,Jennifer Lail,0.78,Renaissance,Aluminium,22.0,11.0,1001.0,1888,137,No,Polished,Inherited Estate,9.88,10.13
Classical_Stacy_2253,Stacy Ortiz,0.31,Classical,,40.0,,7695.0,1916,109,No,Minimal,Museum Deaccession,9.97,11.6
Minimalist_Matthew_2254,Matthew Turkin,0.39,Minimalist,,17.0,8.0,566.0,2011,14,Yes,Intricate,Acquired from Artist,4.84,6.07
Modern_Charles_2255,Charles Toolson,0.52,Modern,Clay,15.0,6.0,540.0,2000,25,Yes,Rustic,Inherited Estate,3.96,3.82
Baroque_Verna_2256,Verna Sparks,0.57,Baroque,Clay,3.0,3.0,27.0,1881,144,No,Elegant,Auctioned in New York,3.85,5.95
Classical_Suzanne_2257,Suzanne Pierce,0.65,Classical,Stone,23.0,14.0,,1943,82,No,Elegant,Private Collection,3648.35,5402.18
Baroque_John_2258,John Carter,0.02,Baroque,Marble,37.0,,3084226.0,1863,162,No,Vibrant,Acquired from Artist,1091.37,1128.66
Renaissance_Christopher_2259,Christopher White,0.39,Renaissance,Wood,48.0,14.0,594.0,2003,22,Yes,Vibrant,Inherited Estate,2.39,3.88
Minimalist_Joan_2260,Joan Nix,0.61,Minimalist,Marble,5.0,5.0,2287.0,1882,143,No,Elegant,Gallery Exhibition,7.52,7.21
Baroque_Michael_2261,Michael Scowden,0.32,Baroque,Bronze,36.0,12.0,10995.0,1929,96,No,Intricate,Inherited Estate,11.11,17.86
Contemporary_Mitchell_2262,Mitchell Carrothers,0.42,Contemporary,,,6.0,1132.0,1946,79,No,Polished,Acquired from Artist,4.05,3.69
Renaissance_Genevieve_2263,Genevieve Smith,0.25,Renaissance,Wood,16.0,8.0,210.0,1889,136,No,Rustic,Auctioned in New York,2.29,3.52
Renaissance_Regina_2264,Regina Coker,0.1,Renaissance,,,11.0,335.0,1981,44,Yes,Minimal,Private Collection,3.05,3.61
Classical_Forrest_2265,Forrest Dostal,,Classical,Aluminium,11.0,7.0,232.0,1859,166,No,Elegant,Acquired from Artist,2.24,3.39
Modern_Brandi_2266,Brandi Cline,0.03,Modern,Clay,23.0,12.0,,1914,111,No,Elegant,Gallery Exhibition,4.9,6.28
Abstract_Suzanne_2267,Suzanne Mixon,1.0,Abstract,Brass,23.0,9.0,20813.0,1893,132,No,Vibrant,Inherited Estate,154.37,151.25
Minimalist_Adam_2268,Adam Haines,0.64,Minimalist,Wood,46.0,16.0,1619.0,1958,67,Yes,Intricate,Acquired from Artist,6.76,9.98
Baroque_Lilly_2269,Lilly Turner,0.29,Baroque,Wood,,10.0,220.0,1873,152,No,Intricate,Inherited Estate,6.0,5.9
Classical_Timothy_2270,Timothy Garcia,,Classical,,20.0,,5915.0,1934,91,No,Rustic,Gallery Exhibition,16.36,20.35
Modern_Carol_2271,Carol Davila,0.04,Modern,Clay,6.0,5.0,131.0,1880,145,No,Minimal,Auctioned in New York,2.12,3.01
Baroque_Andres_2272,Andres Clemmer,0.13,Baroque,Clay,12.0,7.0,648.0,1870,155,No,Elegant,Gallery Exhibition,5.31,6.23
Contemporary_Zachary_2273,Zachary Kincaid,0.53,Contemporary,Aluminium,24.0,7.0,562.0,1929,96,No,Intricate,Museum Deaccession,3.49,5.35
Abstract_Yolanda_2274,Yolanda Brickhouse,0.73,Abstract,Aluminium,22.0,6.0,596.0,2017,8,Yes,Intricate,Inherited Estate,3.61,5.49
Abstract_Prince_2275,Prince Wilson,0.96,Abstract,Marble,10.0,5.0,9745.0,1918,107,No,Vibrant,Museum Deaccession,42.42,57.53
Minimalist_Deborah_2276,Deborah Morgan,0.81,Minimalist,Clay,27.0,7.0,,2003,22,Yes,Rustic,Private Collection,4.77,5.32
Modern_Charlotte_2277,Charlotte Pyles,0.83,Modern,,5.0,3.0,,1859,166,No,Minimal,Acquired from Artist,4.6,6.06
Renaissance_Kirk_2278,Kirk Reyburn,0.59,Renaissance,Wood,41.0,15.0,870.0,1887,138,No,Vibrant,Auctioned in London,7.48,6.9
Baroque_Gilbert_2279,Gilbert Burke,0.83,Baroque,Brass,15.0,7.0,2524.0,1902,123,No,Expressive,Inherited Estate,5.44,5.1
Baroque_Sharon_2280,Sharon Scott,0.31,Baroque,Marble,18.0,11.0,269003.0,1888,137,No,Rustic,Inherited Estate,552.14,660.1
Renaissance_Earl_2281,Earl Baran,,Renaissance,Aluminium,,,1556.0,1935,90,No,Expressive,Auctioned in New York,6.98,6.76
Classical_Nathanael_2282,Nathanael Murphy,0.62,Classical,Brass,32.0,10.0,29574.0,1908,117,No,Polished,Acquired from Artist,63.18,62.35
Modern_Lincoln_2283,Lincoln Manning,0.06,Modern,Aluminium,17.0,8.0,,1890,135,No,Elegant,Museum Deaccession,3.0,3.82
Classical_Carmen_2284,Carmen King,0.35,Classical,Wood,26.0,7.0,318.0,1939,86,No,Rustic,Gallery Exhibition,3.54,4.76
Renaissance_Lynn_2285,Lynn Drees,0.97,Renaissance,Marble,8.0,5.0,8365.0,1928,97,No,Intricate,Auctioned in New York,42.98,61.86
Renaissance_Thomas_2286,Thomas Gonzalez,,Renaissance,Brass,17.0,6.0,,2003,22,Yes,Elegant,Gallery Exhibition,3.34,3.31
Abstract_Danny_2287,Danny Arden,0.81,Abstract,Bronze,,9.0,7079.0,1960,65,Yes,Elegant,Gallery Exhibition,27.16,40.07
Baroque_Alicia_2288,Alicia Duran,0.16,Baroque,Aluminium,18.0,10.0,581.0,2005,20,Yes,Rustic,Gallery Exhibition,3.92,3.74
Minimalist_Elizabeth_2289,Elizabeth Richardson,0.44,Minimalist,Bronze,15.0,7.0,1637.0,1939,86,No,Elegant,Private Collection,5.5,5.8
Renaissance_Mary_2290,Mary Brown,0.35,Renaissance,Stone,33.0,17.0,4174934.0,1940,85,No,Intricate,Private Collection,6027.64,7808.66
Classical_Kathy_2291,Kathy Frey,0.07,Classical,Aluminium,35.0,14.0,2946.0,1883,142,No,Rustic,Auctioned in London,8.66,10.52
Renaissance_Diana_2292,Diana Randle,0.97,Renaissance,Stone,8.0,5.0,12273.0,1888,137,No,Vibrant,Private Collection,38.09,41.8
Baroque_Estelle_2293,Estelle Gulbrandsen,0.59,Baroque,Aluminium,21.0,8.0,527.0,1992,33,Yes,Intricate,Acquired from Artist,4.12,4.21
Modern_Flora_2294,Flora George,0.03,Modern,Stone,29.0,8.0,281556.0,1900,125,No,Intricate,Private Collection,132.42,201.36
Modern_Rodolfo_2295,Rodolfo Beck,0.81,Modern,Brass,35.0,15.0,71622.0,1864,161,No,Minimal,Gallery Exhibition,248.15,292.26
Abstract_Tyler_2296,Tyler Sledge,0.63,Abstract,Bronze,14.0,,1958.0,1970,55,Yes,Expressive,Auctioned in New York,6.59,6.85
Classical_William_2297,William Nawrocki,0.68,Classical,Stone,21.0,9.0,546631.0,2009,16,Yes,Elegant,Private Collection,2840.73,2917.29
Baroque_Cori_2298,Cori Goodman,0.24,Baroque,,14.0,8.0,6055.0,1920,105,No,Rustic,Inherited Estate,8.83,13.32
Abstract_Eric_2299,Eric Griggs,0.6,Abstract,Bronze,17.0,6.0,1290.0,1993,32,Yes,Intricate,Acquired from Artist,9.4,9.64
Modern_Judith_2300,Judith Keplin,0.45,Modern,Wood,36.0,18.0,750.0,1994,31,Yes,Expressive,Private Collection,4.17,4.58
Modern_Holly_2301,Holly Harrington,0.61,Modern,,20.0,7.0,3459.0,1860,165,No,Minimal,Acquired from Artist,10.94,12.84
Abstract_Laura_2302,Laura Pollard,0.48,Abstract,Aluminium,30.0,6.0,377.0,1909,116,No,Intricate,Acquired from Artist,4.93,5.35
Modern_Bonnie_2303,Bonnie Tovar,,Modern,Wood,12.0,8.0,174.0,1973,52,Yes,Minimal,Gallery Exhibition,4.08,3.8
Modern_Frederick_2304,Frederick Prince,0.25,Modern,Bronze,34.0,9.0,12710.0,1966,59,Yes,Elegant,Auctioned in New York,2.64,3.51
Minimalist_Arthur_2305,Arthur Byers,0.7,Minimalist,Brass,35.0,13.0,31375.0,2011,14,Yes,Vibrant,Auctioned in New York,39.15,49.15
Minimalist_Alexander_2306,Alexander Robeson,,Minimalist,Clay,38.0,9.0,2006.0,1951,74,Yes,Polished,Auctioned in London,3.61,3.95
Contemporary_Denise_2307,Denise Evans,0.56,Contemporary,Brass,28.0,10.0,17479.0,1998,27,Yes,Intricate,Acquired from Artist,63.49,64.67
Baroque_William_2308,William Davis,0.71,Baroque,Stone,31.0,12.0,2026667.0,1876,149,No,Polished,Acquired from Artist,7346.05,11148.65
Minimalist_Charles_2309,Charles Lydon,0.82,Minimalist,Wood,13.0,7.0,141.0,1959,66,Yes,Intricate,Inherited Estate,4.22,4.23
Contemporary_Dale_2310,Dale Carrero,0.43,Contemporary,Bronze,13.0,6.0,2069.0,2017,8,Yes,Vibrant,Auctioned in New York,8.35,8.66
Modern_Loretta_2311,Loretta Dupree,0.47,Modern,Brass,10.0,,1027.0,1868,157,No,Elegant,Auctioned in New York,5.6,6.62
Classical_Robert_2312,Robert Williams,0.25,Classical,Stone,14.0,8.0,118734.0,1951,74,Yes,Elegant,Acquired from Artist,284.79,411.16
Modern_Donna_2313,Donna Coley,0.08,Modern,Brass,8.0,4.0,466.0,1877,148,No,Elegant,Inherited Estate,3.93,5.03
Baroque_Wendell_2314,Wendell Thomas,0.51,Baroque,Wood,21.0,6.0,112.0,1974,51,Yes,Elegant,Auctioned in London,3.42,3.32
Renaissance_Teresa_2315,Teresa Davis,0.32,Renaissance,Wood,12.0,7.0,107.0,1892,133,No,Elegant,Auctioned in London,3.11,3.24
Abstract_Pauline_2316,Pauline Phillips,0.58,Abstract,Clay,11.0,7.0,242.0,2015,10,Yes,Elegant,Museum Deaccession,4.25,5.06
Classical_David_2317,David Robinson,0.46,Classical,Stone,32.0,21.0,9288173.0,1970,55,Yes,Expressive,Museum Deaccession,4719.53,4356.91
Baroque_Bobby_2318,Bobby Kucera,0.31,Baroque,,57.0,30.0,9667.0,1856,169,No,Elegant,Museum Deaccession,22.23,21.93
Minimalist_Nancy_2319,Nancy Wickham,0.38,Minimalist,Bronze,46.0,18.0,41940.0,1954,71,Yes,Vibrant,Inherited Estate,183.35,176.76
Contemporary_Ernestina_2320,Ernestina Smith,0.02,Contemporary,Aluminium,33.0,15.0,1126.0,2003,22,Yes,Vibrant,Auctioned in London,5.05,4.96
Abstract_Juan_2321,Juan Dowden,0.69,Abstract,Bronze,46.0,36.0,213585.0,1892,133,No,Intricate,Auctioned in New York,222.58,266.74
Contemporary_Joseph_2322,Joseph Pink,0.44,Contemporary,Bronze,36.0,10.0,9586.0,1912,113,No,Elegant,Auctioned in New York,31.05,29.66
Baroque_Leslie_2323,Leslie Smith,0.88,Baroque,Brass,25.0,8.0,17846.0,1959,66,Yes,Expressive,Inherited Estate,86.46,91.39
Abstract_Duane_2324,Duane Barriere,0.39,Abstract,Brass,5.0,5.0,168.0,1898,127,No,Intricate,Auctioned in London,4.4,4.35
Renaissance_Reba_2325,Reba Davis,,Renaissance,,20.0,12.0,,1854,171,No,Polished,Private Collection,913.23,1054.93
Abstract_Marilyn_2326,Marilyn Keller,,Abstract,Clay,6.0,5.0,165.0,1934,91,No,Intricate,Museum Deaccession,3.88,4.46
Modern_Lois_2327,Lois Baker,0.72,Modern,,17.0,13.0,460.0,1879,146,No,Elegant,Auctioned in London,2.6,4.02
Renaissance_Brandon_2328,Brandon Schaeffer,0.08,Renaissance,Wood,26.0,11.0,461.0,1936,89,No,Minimal,Acquired from Artist,7.04,6.59
Classical_Ignacio_2329,Ignacio Fox,0.72,Classical,Clay,15.0,8.0,1602.0,1927,98,No,Expressive,Gallery Exhibition,8.88,8.57
Classical_Andrew_2330,Andrew Sobus,0.11,Classical,Wood,24.0,8.0,283.0,1857,168,No,Minimal,Auctioned in New York,3.79,5.49
Baroque_Matilda_2331,Matilda Stinchfield,0.45,Baroque,Marble,11.0,8.0,30937.0,1987,38,Yes,Expressive,Auctioned in London,148.68,149.98
Minimalist_Stacy_2332,Stacy Franklin,0.79,Minimalist,Bronze,15.0,,2686.0,1950,75,No,Elegant,Gallery Exhibition,10.83,10.08
Classical_Diana_2333,Diana Mccreary,0.26,Classical,Clay,52.0,35.0,39824.0,1907,118,No,Minimal,Auctioned in London,80.54,100.95
Contemporary_George_2334,George Beard,0.28,Contemporary,Aluminium,40.0,25.0,5480.0,1949,76,No,Minimal,Museum Deaccession,3.22,4.31
Minimalist_Vernon_2335,Vernon Atkins,0.79,Minimalist,,17.0,8.0,1226.0,1948,77,No,Minimal,Museum Deaccession,3.41,4.6
Renaissance_Robert_2336,Robert Maness,0.18,Renaissance,Wood,42.0,12.0,1098.0,1857,168,No,Elegant,Acquired from Artist,3.21,4.0
Renaissance_Donald_2337,Donald Collier,0.55,Renaissance,Clay,44.0,22.0,12602.0,1899,126,No,Elegant,Auctioned in New York,52.14,49.81
Contemporary_Frankie_2338,Frankie Bennett,0.67,Contemporary,Wood,29.0,14.0,712.0,2012,13,Yes,Expressive,Acquired from Artist,5.01,5.84
Classical_Eric_2339,Eric Gonzalez,0.56,Classical,Brass,11.0,8.0,4372.0,1988,37,Yes,Polished,Auctioned in New York,11.09,11.81
Baroque_Misty_2340,Misty Eisenmann,0.0,Baroque,Marble,51.0,16.0,3480167.0,1858,167,No,Polished,Private Collection,7042.26,10025.96
Renaissance_Michael_2341,Michael Wills,,Renaissance,Clay,10.0,5.0,346.0,1983,42,Yes,Intricate,Auctioned in New York,3.16,4.28
Renaissance_Brian_2342,Brian Thomas,,Renaissance,Wood,24.0,7.0,302.0,1940,85,No,Expressive,Gallery Exhibition,2.93,4.35
Abstract_James_2343,James Stevenson,0.79,Abstract,Wood,47.0,10.0,,1883,142,No,Intricate,Auctioned in London,3.79,4.27
Renaissance_Alan_2344,Alan Partin,0.85,Renaissance,Clay,27.0,11.0,3360.0,1973,52,Yes,Rustic,Private Collection,10.88,10.52
Contemporary_Richard_2345,Richard Vonsoosten,0.85,Contemporary,Bronze,,17.0,35881.0,1952,73,Yes,Vibrant,Auctioned in New York,97.84,146.86
Modern_Joyce_2346,Joyce Thrasher,,Modern,Brass,30.0,10.0,18433.0,1912,113,No,Polished,Private Collection,34.55,35.57
Minimalist_Dewayne_2347,Dewayne Fisher,0.19,Minimalist,Wood,14.0,7.0,,1942,83,No,Elegant,Auctioned in London,2.71,3.67
Classical_Christina_2348,Christina Owings,0.46,Classical,Marble,29.0,19.0,1443782.0,1878,147,No,Vibrant,Auctioned in New York,4322.76,6513.92
Renaissance_Arnold_2349,Arnold Buhl,0.15,Renaissance,Clay,19.0,6.0,1391.0,1868,157,No,Polished,Private Collection,4.33,5.78
Abstract_Alice_2350,Alice Mcneill,0.48,Abstract,Wood,15.0,8.0,202.0,1865,160,No,Elegant,Gallery Exhibition,2.53,3.11
Classical_James_2351,James Barr,0.44,Classical,Brass,8.0,,681.0,1985,40,Yes,Intricate,Private Collection,4.76,4.42
Baroque_Casey_2352,Casey Trimble,0.49,Baroque,Aluminium,29.0,,,1977,48,Yes,Intricate,Museum Deaccession,7.5,7.06
Classical_Rhonda_2353,Rhonda Mcfadden,0.54,Classical,Clay,16.0,6.0,604.0,1992,33,Yes,Expressive,Museum Deaccession,3.47,4.83
Baroque_Mark_2354,Mark Burleson,0.22,Baroque,Aluminium,28.0,12.0,2356.0,1938,87,No,Polished,Auctioned in London,8.56,8.94
Renaissance_Angela_2355,Angela Jackson,0.01,Renaissance,Aluminium,9.0,4.0,106.0,1951,74,Yes,Minimal,Auctioned in London,3.83,5.1
Baroque_Jeffrey_2356,Jeffrey Howard,0.71,Baroque,Bronze,19.0,9.0,5455.0,1861,164,No,Expressive,Acquired from Artist,13.77,14.54
Minimalist_Eddie_2357,Eddie Gross,0.47,Minimalist,Aluminium,13.0,7.0,,1993,32,Yes,Vibrant,Acquired from Artist,3.77,4.97
Classical_Samuel_2358,Samuel Queen,0.57,Classical,Aluminium,,15.0,2044.0,1933,92,No,Polished,Private Collection,4.75,5.38
Abstract_Gillian_2359,Gillian Mcintyre,0.83,Abstract,Bronze,29.0,11.0,18147.0,2011,14,Yes,Elegant,Private Collection,101.48,109.48
Contemporary_Johnnie_2360,Johnnie Reeves,0.36,Contemporary,Wood,40.0,22.0,1269.0,1904,121,No,Polished,Private Collection,5.96,6.12
Renaissance_Jordan_2361,Jordan Lee,0.78,Renaissance,Aluminium,27.0,9.0,1042.0,2002,23,Yes,Vibrant,Gallery Exhibition,4.82,6.55
Minimalist_Delores_2362,Delores Swanson,0.69,Minimalist,Stone,15.0,7.0,55539.0,2019,6,Yes,Expressive,Inherited Estate,154.45,198.55
Contemporary_Ronald_2363,Ronald Lindell,0.34,Contemporary,Marble,8.0,4.0,3360.0,1965,60,Yes,Vibrant,Auctioned in London,7.51,8.7
Contemporary_Devin_2364,Devin Davis,0.41,Contemporary,Stone,3.0,2.0,144.0,1936,89,No,Intricate,Acquired from Artist,3.38,4.84
Classical_Byron_2365,Byron Koenig,,Classical,,21.0,11.0,,1969,56,Yes,Minimal,Auctioned in New York,2.17,3.28
Baroque_Paul_2366,Paul Quincel,0.13,Baroque,Aluminium,38.0,13.0,3480.0,1978,47,Yes,Minimal,Museum Deaccession,6.83,7.22
Classical_Mark_2367,Mark Graf,0.81,Classical,Brass,41.0,17.0,85784.0,1977,48,Yes,Rustic,Private Collection,384.58,356.75
Contemporary_Teresa_2368,Teresa Muraski,0.18,Contemporary,Brass,20.0,7.0,6049.0,1860,165,No,Minimal,Auctioned in New York,6.65,9.87
Modern_William_2369,William Ortiz,0.5,Modern,Brass,20.0,,,1852,173,No,Minimal,Auctioned in New York,109.2,148.85
Abstract_Kristen_2370,Kristen Fuller,0.56,Abstract,Brass,16.0,8.0,6865.0,1854,171,No,Minimal,Gallery Exhibition,19.18,17.86
Abstract_Patrick_2371,Patrick Brown,0.22,Abstract,Marble,21.0,10.0,202624.0,1865,160,No,Elegant,Gallery Exhibition,626.16,817.17
Minimalist_Jason_2372,Jason Cox,0.38,Minimalist,Clay,5.0,5.0,152.0,1956,69,Yes,Polished,Inherited Estate,3.34,4.95
Contemporary_Sheri_2373,Sheri Frederick,0.22,Contemporary,Brass,8.0,5.0,1063.0,1989,36,Yes,Rustic,Gallery Exhibition,4.27,6.45
Contemporary_Michele_2374,Michele Gillman,0.07,Contemporary,Wood,,8.0,354.0,1985,40,Yes,Vibrant,Private Collection,2.5,3.72
Minimalist_Nancy_2375,Nancy Boucher,0.31,Minimalist,Bronze,28.0,13.0,,1977,48,Yes,Minimal,Auctioned in London,35.38,51.24
Minimalist_Leslie_2376,Leslie Spellman,0.16,Minimalist,Clay,9.0,5.0,254.0,1929,96,No,Vibrant,Auctioned in New York,3.7,3.81
Contemporary_Simonne_2377,Simonne Austin,0.35,Contemporary,Bronze,14.0,8.0,1653.0,2015,10,Yes,Vibrant,Acquired from Artist,4.29,6.58
Classical_Thersa_2378,Thersa Young,0.59,Classical,Aluminium,12.0,8.0,517.0,1936,89,No,Minimal,Museum Deaccession,7.27,6.7
Baroque_Mary_2379,Mary Cates,0.37,Baroque,Clay,27.0,12.0,3623.0,1919,106,No,Minimal,Acquired from Artist,6.57,10.51
Contemporary_Ashley_2380,Ashley Miller,0.2,Contemporary,Brass,11.0,7.0,3040.0,1928,97,No,Rustic,Museum Deaccession,5.01,6.79
Abstract_Julie_2381,Julie Reilly,0.45,Abstract,Bronze,17.0,8.0,5372.0,1933,92,No,Elegant,Private Collection,4.78,7.14
Baroque_Wayne_2382,Wayne Marlar,0.29,Baroque,Aluminium,20.0,14.0,2160.0,1919,106,No,Elegant,Museum Deaccession,7.46,11.06
Modern_Kendrick_2383,Kendrick Hunstad,,Modern,Brass,20.0,12.0,20118.0,1958,67,Yes,Intricate,Auctioned in London,43.15,50.79
Classical_Samuel_2384,Samuel Martin,,Classical,Aluminium,34.0,11.0,1867.0,1911,114,No,Rustic,Auctioned in New York,5.24,7.96
Modern_Alton_2385,Alton Gass,0.16,Modern,Stone,8.0,4.0,6256.0,1939,86,No,Elegant,Acquired from Artist,8.84,13.67
Contemporary_Paul_2386,Paul Kuhn,,Contemporary,,10.0,5.0,268.0,1887,138,No,Intricate,Inherited Estate,2.94,3.01
Minimalist_Charles_2387,Charles Bowling,0.77,Minimalist,Marble,13.0,7.0,27003.0,1927,98,No,Intricate,Inherited Estate,67.01,61.98
Baroque_Veronica_2388,Veronica Cox,0.39,Baroque,Brass,12.0,6.0,3592.0,1928,97,No,Polished,Auctioned in London,16.98,19.14
Renaissance_Rita_2389,Rita Smith,0.69,Renaissance,Marble,30.0,13.0,1011795.0,1892,133,No,Polished,Acquired from Artist,1753.96,2913.96
Contemporary_Amber_2390,Amber Garland,0.63,Contemporary,Bronze,37.0,16.0,29913.0,1949,76,No,Polished,Auctioned in London,27.44,34.1
Contemporary_Catherine_2391,Catherine Phillies,0.63,Contemporary,Marble,18.0,8.0,52982.0,1900,125,No,Intricate,Acquired from Artist,166.37,255.76
Contemporary_Maria_2392,Maria Hayes,0.82,Contemporary,Stone,8.0,5.0,12281.0,1850,175,No,Vibrant,Inherited Estate,42.9,45.66
Renaissance_John_2393,John Sontag,0.24,Renaissance,Brass,24.0,10.0,13884.0,1937,88,No,Vibrant,Auctioned in New York,8.29,10.78
Baroque_Dorothy_2394,Dorothy Taylor,0.79,Baroque,Aluminium,28.0,9.0,1317.0,2007,18,Yes,Minimal,Inherited Estate,2.67,3.19
Classical_Mary_2395,Mary Sorenson,0.65,Classical,Aluminium,42.0,14.0,2885.0,1950,75,No,Rustic,Gallery Exhibition,6.92,6.32
Baroque_Evelyn_2396,Evelyn Patch,0.6,Baroque,Aluminium,,8.0,393.0,1896,129,No,Elegant,Auctioned in London,3.66,3.39
Contemporary_Patricia_2397,Patricia Barnes,0.35,Contemporary,,,10.0,966.0,1930,95,No,Intricate,Auctioned in London,4.34,4.31
Contemporary_Robert_2398,Robert Bartley,0.33,Contemporary,Clay,39.0,,11141.0,1953,72,Yes,Elegant,Auctioned in London,20.5,30.07
Abstract_Vincent_2399,Vincent Hamm,0.92,Abstract,Marble,6.0,5.0,1791.0,1866,159,No,Rustic,Acquired from Artist,21404.96,26449.0755
Contemporary_Lori_2400,Lori Simpson,0.73,Contemporary,Bronze,15.0,6.0,947.0,2006,19,Yes,Minimal,Museum Deaccession,6.45,6.17
Renaissance_Alice_2401,Alice Wilson,0.32,Renaissance,,41.0,,7743522.0,1965,60,Yes,Rustic,Gallery Exhibition,10191.12,16039.01
Classical_Priscilla_2402,Priscilla Hawkins,0.13,Classical,Marble,30.0,12.0,681980.0,2003,22,Yes,Vibrant,Gallery Exhibition,1639.07,1959.15
Renaissance_John_2403,John Zywiec,0.29,Renaissance,Clay,11.0,8.0,743.0,1989,36,Yes,Minimal,Gallery Exhibition,2.84,4.43
Modern_Bobbie_2404,Bobbie Music,0.56,Modern,,27.0,18.0,4784038.0,1893,132,No,Expressive,Inherited Estate,4180.6,5344.5
Modern_Ervin_2405,Ervin Leggett,0.37,Modern,Clay,51.0,23.0,13736.0,1894,131,No,Intricate,Acquired from Artist,15.86,17.56
Modern_Debra_2406,Debra Parente,0.22,Modern,Marble,23.0,10.0,172170.0,1991,34,Yes,Polished,Museum Deaccession,451.78,514.43
Modern_James_2407,James Urie,0.71,Modern,Wood,52.0,12.0,1069.0,1991,34,Yes,Minimal,Private Collection,7.23,9.24
Baroque_Gabriel_2408,Gabriel Sisk,0.46,Baroque,Brass,15.0,8.0,5263.0,1906,119,No,Expressive,Auctioned in London,11.05,11.59
Contemporary_Nenita_2409,Nenita Cooper,0.67,Contemporary,Stone,31.0,,223028.0,1966,59,Yes,Expressive,Gallery Exhibition,1589.07,2012.0
Abstract_Steven_2410,Steven Harmon,0.42,Abstract,Clay,16.0,7.0,638.0,1850,175,No,Rustic,Museum Deaccession,3.43,4.23
Minimalist_Richard_2411,Richard Gamble,,Minimalist,Aluminium,20.0,12.0,823.0,1926,99,No,Vibrant,Acquired from Artist,2.66,3.13
Classical_Cheryl_2412,Cheryl Delong,0.58,Classical,Bronze,30.0,10.0,10804.0,1922,103,No,Expressive,Acquired from Artist,20.74,26.01
Abstract_Patricia_2413,Patricia Johns,0.68,Abstract,Marble,18.0,9.0,60774.0,1859,166,No,Rustic,Acquired from Artist,289.54,323.71
Minimalist_Leigh_2414,Leigh Sloan,0.07,Minimalist,Stone,3.0,2.0,50.0,1983,42,Yes,Elegant,Inherited Estate,4.17,4.46
Minimalist_Drew_2415,Drew Roehrig,0.95,Minimalist,Brass,19.0,7.0,3077.0,1858,167,No,Elegant,Auctioned in New York,15.52,14.28
Abstract_Jacqueline_2416,Jacqueline Callahan,0.78,Abstract,Wood,26.0,6.0,78.0,1905,120,No,Vibrant,Auctioned in London,4.03,5.29
Modern_Richard_2417,Richard Walker,0.04,Modern,Clay,13.0,8.0,329.0,1994,31,Yes,Expressive,Gallery Exhibition,3.11,3.44
Classical_Randall_2418,Randall Ramsey,0.68,Classical,,16.0,7.0,62382.0,1904,121,No,Polished,Acquired from Artist,414.89,490.82
Renaissance_Jared_2419,Jared Arrington,0.94,Renaissance,Aluminium,9.0,5.0,124.0,1937,88,No,Minimal,Gallery Exhibition,5.95,6.2
Abstract_Reva_2420,Reva Loya,0.63,Abstract,Wood,19.0,8.0,242.0,1901,124,No,Rustic,Private Collection,5.15,6.22
Classical_Hilda_2421,Hilda Nicholson,,Classical,,4.0,3.0,53.0,1884,141,No,Rustic,Museum Deaccession,3.71,5.31
Abstract_Lana_2422,Lana Nozum,0.73,Abstract,Bronze,18.0,6.0,1041.0,1942,83,No,Expressive,Gallery Exhibition,5.44,6.34
Baroque_Kristen_2423,Kristen Parker,0.09,Baroque,Stone,15.0,8.0,163313.0,1995,30,Yes,Rustic,Gallery Exhibition,181.2,191.9
Abstract_Fay_2424,Fay Young,0.86,Abstract,Marble,12.0,6.0,14340.0,2016,9,Yes,Polished,Auctioned in London,17.25,28.2
Classical_Melinda_2425,Melinda Goins,,Classical,Marble,3.0,,,1880,145,No,Intricate,Private Collection,3.62,3.65
Contemporary_Gregory_2426,Gregory Morris,0.79,Contemporary,Bronze,44.0,,36540.0,1955,70,Yes,Expressive,Auctioned in London,78.17,85.41
Minimalist_Roger_2427,Roger Siddon,0.5,Minimalist,Clay,8.0,4.0,190.0,1985,40,Yes,Intricate,Acquired from Artist,4.36,4.72
Minimalist_Jack_2428,Jack Fenton,0.49,Minimalist,Clay,,,2257.0,1955,70,Yes,Elegant,Acquired from Artist,13.93,13.12
Classical_Glen_2429,Glen Morris,0.51,Classical,Marble,9.0,5.0,7430.0,1917,108,No,Intricate,Acquired from Artist,15.52,25.66
Baroque_Joseph_2430,Joseph Morgan,0.07,Baroque,Wood,17.0,8.0,160.0,1964,61,Yes,Polished,Private Collection,2.92,4.5
Baroque_Danielle_2431,Danielle Colicchio,0.53,Baroque,Aluminium,38.0,18.0,2590.0,1945,80,No,Polished,Acquired from Artist,3.5,3.55
Minimalist_Sophia_2432,Sophia Haskell,0.19,Minimalist,Clay,11.0,6.0,595.0,1909,116,No,Rustic,Private Collection,3.53,3.89
Modern_Peggy_2433,Peggy Chen,0.5,Modern,Clay,16.0,7.0,1050.0,1954,71,Yes,Polished,Acquired from Artist,4.2,5.64
Classical_Darryl_2434,Darryl Jones,0.92,Classical,Wood,30.0,14.0,796.0,1977,48,Yes,Vibrant,Acquired from Artist,4.36,5.02
Abstract_Barbara_2435,Barbara Arthur,0.88,Abstract,Wood,5.0,5.0,32.0,1872,153,No,Expressive,Museum Deaccession,4.8,6.89
Modern_Gerald_2436,Gerald House,,Modern,Aluminium,4.0,3.0,16.0,1916,109,No,Polished,Inherited Estate,2.4,3.43
Classical_Elsie_2437,Elsie Rush,0.93,Classical,Aluminium,16.0,7.0,661.0,1885,140,No,Intricate,Museum Deaccession,4.17,4.46
Classical_George_2438,George Miller,0.03,Classical,Stone,38.0,15.0,4428890.0,1934,91,No,Expressive,Acquired from Artist,2247.01,2636.44
Modern_Beth_2439,Beth Edwards,0.06,Modern,Wood,30.0,7.0,256.0,1852,173,No,Polished,Auctioned in London,3.22,3.06
Modern_Carmen_2440,Carmen George,0.58,Modern,Bronze,8.0,5.0,371.0,1866,159,No,Expressive,Museum Deaccession,4.32,6.04
Modern_Donald_2441,Donald Wages,0.4,Modern,Clay,37.0,25.0,18931.0,1974,51,Yes,Intricate,Private Collection,30.03,39.63
Minimalist_Charles_2442,Charles Danson,0.64,Minimalist,Brass,35.0,12.0,34967.0,1887,138,No,Vibrant,Private Collection,159.04,214.67
Contemporary_Dean_2443,Dean Lilly,0.85,Contemporary,Wood,27.0,15.0,606.0,1945,80,No,Polished,Private Collection,6.11,6.08
Abstract_Julie_2444,Julie Orndorff,0.61,Abstract,Stone,5.0,5.0,3422.0,1867,158,No,Polished,Auctioned in New York,8.68,13.26
Abstract_Debora_2445,Debora Brown,0.73,Abstract,Brass,12.0,6.0,1758.0,1955,70,Yes,Expressive,Auctioned in London,6.54,6.77
Contemporary_James_2446,James Taylor,0.0,Contemporary,Bronze,17.0,8.0,3554.0,1862,163,No,Minimal,Gallery Exhibition,6.4,5.93
Minimalist_Laurie_2447,Laurie Mcmanus,0.97,Minimalist,Clay,18.0,16.0,4112.0,1990,35,Yes,Intricate,Gallery Exhibition,13.99,18.43
Baroque_Clifton_2448,Clifton Cox,0.97,Baroque,Stone,13.0,,58890.0,1876,149,No,Polished,Inherited Estate,32.07,48.53
Classical_Dallas_2449,Dallas Wilkins,0.87,Classical,Wood,14.0,6.0,201.0,1922,103,No,Elegant,Private Collection,3.06,3.47
Contemporary_Kimberly_2450,Kimberly Jacobs,0.45,Contemporary,Stone,17.0,7.0,47605.0,1928,97,No,Intricate,Auctioned in London,269.28,279.29
Minimalist_Van_2451,Van Roach,0.44,Minimalist,Stone,26.0,17.0,1041420.0,1905,120,No,Polished,Auctioned in London,1885.88,2108.24
Renaissance_Darryl_2452,Darryl Dullea,0.77,Renaissance,Wood,22.0,11.0,605.0,1863,162,No,Polished,Private Collection,6.32,6.69
Abstract_Donald_2453,Donald Pepper,0.32,Abstract,Wood,7.0,5.0,30.0,1890,135,No,Polished,Gallery Exhibition,4.25,3.91
Abstract_Eugene_2454,Eugene Olea,0.12,Abstract,,23.0,7.0,,1927,98,No,Elegant,Auctioned in New York,3.44,5.68
Classical_Christopher_2455,Christopher Fujimoto,0.83,Classical,Clay,25.0,10.0,2302.0,1893,132,No,Expressive,Auctioned in New York,6.01,5.87
Baroque_Billy_2456,Billy Berry,0.41,Baroque,Aluminium,14.0,8.0,476.0,1892,133,No,Rustic,Auctioned in London,2.9,3.33
Classical_Daphne_2457,Daphne Chapman,0.27,Classical,Aluminium,29.0,12.0,1862.0,1875,150,No,Rustic,Gallery Exhibition,7.92,7.51
Baroque_Felicia_2458,Felicia Eckert,,Baroque,Stone,,3.0,859.0,2011,14,Yes,Minimal,Auctioned in New York,5.39,6.93
Classical_Brian_2459,Brian Smith,0.06,Classical,Aluminium,28.0,15.0,2547.0,1917,108,No,Rustic,Gallery Exhibition,6.69,8.1
Baroque_Michael_2460,Michael Beauchamp,0.3,Baroque,,21.0,,454991.0,1886,139,No,Elegant,Museum Deaccession,2008.57,1917.09
Classical_Carol_2461,Carol Martines,0.97,Classical,Bronze,24.0,10.0,11382.0,1859,166,No,Intricate,Auctioned in London,21.02,33.11
Modern_Michelle_2462,Michelle Bankston,0.83,Modern,Wood,7.0,4.0,46.0,1885,140,No,Elegant,Private Collection,3.66,4.9
Baroque_Shakira_2463,Shakira Wierzbicki,0.62,Baroque,Bronze,29.0,9.0,12828.0,1922,103,No,Expressive,Private Collection,30.92,34.49
Modern_Odessa_2464,Odessa Pittsley,0.79,Modern,,35.0,15.0,1804.0,1961,64,Yes,Minimal,Private Collection,16.47,15.67
Modern_Thomas_2465,Thomas Lumley,0.25,Modern,Stone,34.0,15.0,2133251.0,1880,145,No,Elegant,Auctioned in New York,5005.71,4756.22
Classical_Robert_2466,Robert Lima,0.52,Classical,Aluminium,24.0,14.0,2380.0,1998,27,Yes,Rustic,Gallery Exhibition,8.42,11.56
Baroque_Gerald_2467,Gerald Hogans,0.64,Baroque,Marble,18.0,13.0,247284.0,1863,162,No,Vibrant,Auctioned in London,1045.55,1131.84
Classical_Mark_2468,Mark Brindley,0.64,Classical,Bronze,9.0,4.0,390.0,1906,119,No,Polished,Private Collection,5.54,6.71
Classical_Micheal_2469,Micheal Berry,0.2,Classical,Aluminium,28.0,13.0,1373.0,1894,131,No,Expressive,Acquired from Artist,4.77,5.64
Minimalist_Danielle_2470,Danielle Mitchell,0.57,Minimalist,Marble,10.0,4.0,4228.0,1915,110,No,Intricate,Acquired from Artist,5.92,7.0
Modern_Jerry_2471,Jerry Mckinley,0.94,Modern,,29.0,11.0,265302.0,1871,154,No,Elegant,Auctioned in London,1873.71,2108.99
Classical_Barbara_2472,Barbara Rodrequez,0.49,Classical,Stone,10.0,5.0,24576.0,2014,11,Yes,Vibrant,Acquired from Artist,86.13,114.75
Baroque_Anthony_2473,Anthony Pruiett,0.18,Baroque,Marble,37.0,14.0,1402754.0,1905,120,No,Intricate,Acquired from Artist,1064.08,1121.34
Modern_Thomas_2474,Thomas Craig,0.06,Modern,Clay,7.0,4.0,,1879,146,No,Expressive,Inherited Estate,2.53,3.76
Contemporary_Jonathan_2475,Jonathan Fagnani,0.36,Contemporary,Wood,29.0,8.0,250.0,1864,161,No,Intricate,Auctioned in New York,5.04,5.0
Baroque_Ruth_2476,Ruth Watts,,Baroque,Marble,7.0,4.0,1894.0,1884,141,No,Polished,Auctioned in New York,10.85,13.76
Classical_Evelyn_2477,Evelyn Henderson,0.26,Classical,Clay,33.0,23.0,9615.0,1882,143,No,Intricate,Inherited Estate,22.15,23.52
Baroque_Gary_2478,Gary Thomas,0.38,Baroque,Wood,23.0,9.0,302.0,1953,72,Yes,Elegant,Inherited Estate,3.65,3.6
Renaissance_Karen_2479,Karen Dobbins,0.57,Renaissance,Stone,20.0,8.0,303659.0,1909,116,No,Expressive,Museum Deaccession,1188.91,1943.8
Minimalist_Derrick_2480,Derrick Rangel,0.73,Minimalist,,21.0,16.0,4689.0,1914,111,No,Elegant,Inherited Estate,44.55,49.97
Classical_Thomas_2481,Thomas White,0.02,Classical,Brass,9.0,5.0,1213.0,1860,165,No,Expressive,Auctioned in New York,5.49,6.36
Modern_Wesley_2482,Wesley Kennedy,0.45,Modern,Wood,31.0,11.0,589.0,1890,135,No,Polished,Private Collection,6.23,6.87
Classical_Martha_2483,Martha Dansby,,Classical,Clay,25.0,7.0,960.0,1894,131,No,Elegant,Inherited Estate,4.57,6.05
Minimalist_Robert_2484,Robert Crosby,0.68,Minimalist,Bronze,47.0,,23783.0,1893,132,No,Elegant,Auctioned in New York,23.78,34.71
Classical_Bryan_2485,Bryan Perez,0.11,Classical,Clay,32.0,13.0,5159.0,1918,107,No,Intricate,Auctioned in New York,9.36,8.7
Abstract_William_2486,William Vaughan,,Abstract,,10.0,5.0,380.0,2010,15,Yes,Elegant,Auctioned in New York,5.79,6.32
Modern_Richard_2487,Richard Matthews,,Modern,Brass,,3.0,84.0,1959,66,Yes,Vibrant,Museum Deaccession,6.75,6.46
Contemporary_Allen_2488,Allen Alderman,0.07,Contemporary,Clay,22.0,,1297.0,1932,93,No,Rustic,Auctioned in London,5.59,6.15
Modern_Patricia_2489,Patricia Butler,0.36,Modern,Marble,18.0,16.0,251955.0,1922,103,No,Minimal,Auctioned in London,674.55,663.95
Modern_Robert_2490,Robert Morrison,0.08,Modern,Aluminium,43.0,15.0,3412.0,1871,154,No,Expressive,Acquired from Artist,3.92,5.7
Minimalist_Helena_2491,Helena Kline,0.68,Minimalist,Stone,23.0,6.0,157231.0,1910,115,No,Expressive,Auctioned in New York,144.98,198.59
Baroque_Cheryl_2492,Cheryl Creighton,,Baroque,Marble,31.0,,337252.0,1919,106,No,Minimal,Auctioned in London,1424.42,1317.55
Contemporary_Teresa_2493,Teresa Lander,0.35,Contemporary,Brass,3.0,2.0,36.0,1945,80,No,Rustic,Auctioned in New York,3.81,4.11
Contemporary_Liz_2494,Liz Hughes,0.05,Contemporary,Bronze,10.0,4.0,443.0,1869,156,No,Expressive,Inherited Estate,2.4,3.81
Contemporary_Maxine_2495,Maxine Wells,0.81,Contemporary,Marble,6.0,5.0,1455.0,1861,164,No,Minimal,Inherited Estate,4.95,5.17
Renaissance_William_2496,William Loucks,0.29,Renaissance,Aluminium,6.0,,69.0,1980,45,Yes,Vibrant,Museum Deaccession,4.23,5.11
Renaissance_David_2497,David Fenster,0.3,Renaissance,Brass,13.0,,4005.0,2010,15,Yes,Intricate,Auctioned in London,15.32,14.44
Minimalist_Evelyn_2498,Evelyn Cavallaro,0.4,Minimalist,Wood,19.0,7.0,155.0,1855,170,No,Minimal,Auctioned in London,2.88,3.71
Baroque_Willie_2499,Willie Walker,0.36,Baroque,Stone,49.0,13.0,5189972.0,1850,175,No,Intricate,Museum Deaccession,5574.46,6511.6
Baroque_Luis_2500,Luis Nevins,0.43,Baroque,Bronze,35.0,9.0,17630.0,1932,93,No,Elegant,Auctioned in New York,93.48,113.84
Abstract_Charlie_2501,Charlie Sutphin,0.67,Abstract,Brass,21.0,15.0,25814.0,1896,129,No,Rustic,Gallery Exhibition,82.11,78.74
Abstract_Jimmy_2502,Jimmy Serrata,0.5,Abstract,Marble,35.0,7.0,153496.0,1868,157,No,Intricate,Museum Deaccession,792.4,1135.33
Baroque_Lois_2503,Lois Milhorn,0.76,Baroque,Aluminium,22.0,6.0,876.0,1923,102,No,Vibrant,Inherited Estate,4.72,5.52
Renaissance_Daniel_2504,Daniel Longbrake,0.87,Renaissance,Wood,22.0,10.0,295.0,1963,62,Yes,Polished,Auctioned in New York,2.22,3.0
Abstract_Deborah_2505,Deborah Mosley,0.81,Abstract,,,4.0,1367.0,1932,93,No,Vibrant,Museum Deaccession,9.0,11.38
Minimalist_Kristin_2506,Kristin Kelly,0.61,Minimalist,Stone,44.0,23.0,17101644.0,2011,14,Yes,Intricate,Acquired from Artist,16742.27,18355.99
Abstract_Jennifer_2507,Jennifer Gilliland,0.4,Abstract,Bronze,19.0,7.0,3812.0,1962,63,Yes,Vibrant,Museum Deaccession,14.92,24.14
Modern_Jeffrey_2508,Jeffrey Vue,0.81,Modern,Aluminium,41.0,17.0,4709.0,1943,82,No,Expressive,Auctioned in London,24.36,27.32
Classical_Sara_2509,Sara Rego,0.29,Classical,Brass,9.0,5.0,973.0,1868,157,No,Vibrant,Auctioned in New York,4.73,4.45
Renaissance_Eugenie_2510,Eugenie Molina,0.19,Renaissance,Bronze,13.0,7.0,2233.0,1998,27,Yes,Vibrant,Acquired from Artist,2.84,4.08
Minimalist_Andrew_2511,Andrew Corcoran,0.07,Minimalist,Clay,18.0,13.0,1475.0,1857,168,No,Minimal,Acquired from Artist,3.88,6.1
Minimalist_Katherine_2512,Katherine Buckner,0.62,Minimalist,Clay,20.0,6.0,736.0,1942,83,No,Minimal,Auctioned in London,4.9,5.04
Classical_Claudia_2513,Claudia Mcmillen,0.23,Classical,Clay,48.0,,8478.0,1968,57,Yes,Elegant,Acquired from Artist,25.15,38.11
Abstract_Jeff_2514,Jeff Bridges,0.1,Abstract,Bronze,14.0,8.0,3632.0,1979,46,Yes,Expressive,Inherited Estate,11.02,13.43
Minimalist_Jerry_2515,Jerry Kelly,0.44,Minimalist,Marble,24.0,6.0,72837.0,1891,134,No,Elegant,Acquired from Artist,93.05,110.92
Abstract_Magen_2516,Magen Williams,0.07,Abstract,Wood,9.0,4.0,18.0,1868,157,No,Rustic,Inherited Estate,2.68,3.3
Abstract_Clarence_2517,Clarence Cocola,0.42,Abstract,Clay,8.0,4.0,140.0,2000,25,Yes,Rustic,Private Collection,3.46,5.65
Contemporary_Jennifer_2518,Jennifer Mcrae,0.57,Contemporary,Brass,29.0,16.0,44236.0,2017,8,Yes,Minimal,Museum Deaccession,50.73,48.72
Minimalist_Evelyn_2519,Evelyn Wilson,0.65,Minimalist,,,,32.0,2002,23,Yes,Minimal,Museum Deaccession,4.14,6.18
Abstract_Stephanie_2520,Stephanie Mccann,0.44,Abstract,Bronze,5.0,,140.0,1906,119,No,Intricate,Auctioned in New York,3.97,5.63
Baroque_John_2521,John Durr,0.55,Baroque,Marble,12.0,7.0,23563.0,1876,149,No,Elegant,Museum Deaccession,14.14,17.42
Minimalist_Daniel_2522,Daniel Berti,0.22,Minimalist,Stone,8.0,5.0,14444.0,1998,27,Yes,Polished,Acquired from Artist,28.54,30.02
Abstract_Selma_2523,Selma Edwards,0.74,Abstract,Brass,31.0,16.0,61330.0,2012,13,Yes,Vibrant,Auctioned in London,126.38,186.69
Classical_William_2524,William Thomas,0.6,Classical,Bronze,20.0,,,2012,13,Yes,Intricate,Inherited Estate,23.89,34.47
Modern_Scott_2525,Scott Ford,0.19,Modern,Clay,18.0,,828.0,1927,98,No,Vibrant,Private Collection,4.29,4.33
Baroque_Gary_2526,Gary Elam,,Baroque,,,,428.0,1933,92,No,Polished,Auctioned in London,2.59,3.12
Classical_John_2527,John Niemczyk,0.43,Classical,Wood,11.0,8.0,181.0,1927,98,No,Minimal,Private Collection,4.77,6.32
Contemporary_Tanja_2528,Tanja Greene,0.01,Contemporary,Brass,32.0,13.0,51068.0,2008,17,Yes,Minimal,Acquired from Artist,99.37,118.59
Classical_Heather_2529,Heather Burkholder,0.37,Classical,Wood,31.0,8.0,,1901,124,No,Elegant,Auctioned in New York,3.25,3.21
Renaissance_Ronald_2530,Ronald Drumheller,1.0,Renaissance,Stone,17.0,7.0,168042.0,1881,144,No,Expressive,Inherited Estate,552.2,562.35
Contemporary_Angela_2531,Angela Gonzales,0.86,Contemporary,Wood,32.0,10.0,363.0,1856,169,No,Elegant,Auctioned in New York,4.1,3.87
Baroque_Leslie_2532,Leslie Mccloud,0.94,Baroque,Brass,34.0,9.0,31146.0,1998,27,Yes,Elegant,Inherited Estate,79.65,75.01
Modern_Dino_2533,Dino Peltier,0.2,Modern,Aluminium,6.0,4.0,73.0,1853,172,No,Minimal,Acquired from Artist,3.65,5.93
Baroque_Maribel_2534,Maribel Correa,0.37,Baroque,,,5.0,48.0,1931,94,No,Polished,Private Collection,3.56,4.09
Modern_Belia_2535,Belia Whitehorn,0.38,Modern,Wood,44.0,11.0,645.0,1875,150,No,Rustic,Auctioned in London,3.76,4.82
Abstract_Rochelle_2536,Rochelle Shortridge,0.05,Abstract,,,23.0,7878463.0,2016,9,Yes,Elegant,Auctioned in New York,6270.37,6391.33
Renaissance_Ron_2537,Ron Small,0.68,Renaissance,Bronze,46.0,9.0,27614.0,1945,80,No,Elegant,Private Collection,21.32,23.79
Minimalist_Jose_2538,Jose Wendler,0.47,Minimalist,Marble,18.0,9.0,168774.0,1874,151,No,Rustic,Acquired from Artist,266.87,376.05
Minimalist_Mary_2539,Mary Gallagher,0.15,Minimalist,Bronze,11.0,,2129.0,2000,25,Yes,Elegant,Gallery Exhibition,4.38,5.54
Contemporary_Becky_2540,Becky Mcclure,0.39,Contemporary,Clay,29.0,,1890.0,2010,15,Yes,Expressive,Private Collection,7.41,8.4
Modern_Erica_2541,Erica Stuart,,Modern,Wood,22.0,7.0,184.0,1952,73,Yes,Elegant,Private Collection,6.73,6.85
Contemporary_Abe_2542,Abe Cook,,Contemporary,Marble,25.0,12.0,,1900,125,No,Vibrant,Auctioned in New York,493.16,677.1
Renaissance_Elizabeth_2543,Elizabeth Dulin,0.51,Renaissance,Brass,12.0,7.0,3594.0,2007,18,Yes,Rustic,Acquired from Artist,12.06,14.07
Baroque_Matthew_2544,Matthew Gagnon,0.06,Baroque,Aluminium,30.0,8.0,1376.0,2002,23,Yes,Expressive,Gallery Exhibition,4.96,6.83
Modern_Joycelyn_2545,Joycelyn Lamark,0.25,Modern,,3.0,2.0,20.0,2020,5,Yes,Expressive,Auctioned in New York,3.87,4.33
Minimalist_Christine_2546,Christine Sanchez,0.28,Minimalist,Brass,16.0,7.0,5152.0,1918,107,No,Elegant,Auctioned in London,2.48,3.38
Classical_Gerald_2547,Gerald Swendsen,0.01,Classical,Aluminium,12.0,6.0,376.0,1993,32,Yes,Elegant,Private Collection,4.78,4.88
Abstract_James_2548,James Verch,0.51,Abstract,Bronze,42.0,8.0,22506.0,1996,29,Yes,Vibrant,Inherited Estate,54.37,57.88
Classical_Kevin_2549,Kevin Camacho,0.16,Classical,Aluminium,29.0,10.0,1515.0,1897,128,No,Intricate,Private Collection,5.12,4.87
Classical_Richard_2550,Richard Griffin,0.36,Classical,Bronze,30.0,12.0,23105.0,1855,170,No,Polished,Inherited Estate,14.99,23.55
Minimalist_Mark_2551,Mark Phinney,0.04,Minimalist,Wood,30.0,14.0,,1995,30,Yes,Expressive,Museum Deaccession,4.49,5.39
Renaissance_Arron_2552,Arron Konowal,0.04,Renaissance,Brass,7.0,5.0,408.0,1938,87,No,Intricate,Museum Deaccession,6.68,6.53
Minimalist_Barney_2553,Barney Brown,0.74,Minimalist,Aluminium,6.0,4.0,66.0,1930,95,No,Polished,Auctioned in London,5.2,5.07
Abstract_Michael_2554,Michael Johnson,0.3,Abstract,Brass,22.0,6.0,6266.0,1881,144,No,Rustic,Auctioned in London,15.14,20.43
Classical_Johnny_2555,Johnny Kelly,0.47,Classical,Aluminium,23.0,6.0,470.0,1932,93,No,Elegant,Gallery Exhibition,4.46,6.27
Classical_Michael_2556,Michael Maxfield,0.79,Classical,,7.0,5.0,3099.0,1918,107,No,Minimal,Auctioned in London,23.33,23.62
Contemporary_Anna_2557,Anna Brown,0.04,Contemporary,Clay,19.0,10.0,2857.0,1887,138,No,Rustic,Acquired from Artist,6.51,7.81
Baroque_Steven_2558,Steven Romero,0.24,Baroque,Aluminium,10.0,,84.0,1995,30,Yes,Elegant,Private Collection,5.69,5.87
Contemporary_Sheri_2559,Sheri Howard,0.62,Contemporary,Clay,,,4618.0,2014,11,Yes,Polished,Gallery Exhibition,5.97,6.2
Baroque_Elizabeth_2560,Elizabeth Cantrell,0.77,Baroque,Brass,23.0,12.0,26656.0,1852,173,No,Vibrant,Inherited Estate,93.5,129.83
Modern_Francis_2561,Francis Johnson,,Modern,Clay,5.0,4.0,52.0,1912,113,No,Expressive,Inherited Estate,3.34,3.16
Modern_Leola_2562,Leola Townsend,0.93,Modern,Clay,15.0,6.0,963.0,1976,49,Yes,Expressive,Museum Deaccession,7.4,11.18
Baroque_Christine_2563,Christine Donaldson,0.86,Baroque,Clay,42.0,12.0,8532.0,1978,47,Yes,Vibrant,Gallery Exhibition,30.96,45.21
Modern_John_2564,John Cooper,0.91,Modern,,12.0,6.0,591.0,1920,105,No,Rustic,Gallery Exhibition,2.86,4.35
Classical_Ann_2565,Ann Garcia,0.99,Classical,Bronze,20.0,10.0,9375.0,1996,29,Yes,Intricate,Gallery Exhibition,15.27,17.28
Minimalist_Daniel_2566,Daniel Hudgins,,Minimalist,Wood,6.0,5.0,52.0,2006,19,Yes,Rustic,Gallery Exhibition,7.12,6.87
Contemporary_Alfred_2567,Alfred Posey,,Contemporary,,45.0,17.0,3907.0,1933,92,No,Minimal,Museum Deaccession,6.75,10.3
Minimalist_Shirley_2568,Shirley Osburn,0.95,Minimalist,Marble,7.0,4.0,1423.0,2000,25,Yes,Polished,Private Collection,7.43,9.31
Renaissance_Jimmie_2569,Jimmie Rosa,0.43,Renaissance,Aluminium,28.0,9.0,973.0,1941,84,No,Elegant,Acquired from Artist,7.03,6.89
Minimalist_Barbara_2570,Barbara Martin,0.12,Minimalist,,35.0,,25975.0,1886,139,No,Minimal,Acquired from Artist,5.9,8.11
Abstract_Douglas_2571,Douglas Grant,0.12,Abstract,Marble,22.0,9.0,169659.0,1936,89,No,Polished,Private Collection,191.44,179.94
Classical_Sonya_2572,Sonya Lucas,0.68,Classical,,24.0,6.0,972.0,1987,38,Yes,Intricate,Private Collection,3.1,5.1
Minimalist_Joseph_2573,Joseph Bender,0.02,Minimalist,,38.0,8.0,12155.0,1914,111,No,Expressive,Auctioned in London,9.43,12.86
Contemporary_Travis_2574,Travis Connolly,0.27,Contemporary,Marble,13.0,7.0,10206.0,1888,137,No,Minimal,Private Collection,5.16,7.13
Classical_Linda_2575,Linda Alas,0.74,Classical,Clay,19.0,6.0,1234.0,2006,19,Yes,Polished,Gallery Exhibition,5.22,5.8
Classical_Joseph_2576,Joseph Randolph,0.49,Classical,Bronze,17.0,6.0,2166.0,1897,128,No,Elegant,Private Collection,8.4,8.56
Modern_Audrey_2577,Audrey Armstrong,0.56,Modern,Marble,47.0,17.0,,1898,127,No,Elegant,Private Collection,19650.74,23949.03
Contemporary_Kathryn_2578,Kathryn Ireland,0.06,Contemporary,Marble,32.0,10.0,353672.0,1936,89,No,Polished,Acquired from Artist,163.7,252.26
Contemporary_Araceli_2579,Araceli Meyer,0.46,Contemporary,Bronze,16.0,8.0,3451.0,1975,50,Yes,Rustic,Auctioned in London,5.99,8.14
Abstract_Salvatore_2580,Salvatore Kee,0.61,Abstract,Marble,19.0,8.0,80935.0,1921,104,No,Elegant,Gallery Exhibition,151.1,251.46
Renaissance_Lindsey_2581,Lindsey Hutchinson,,Renaissance,,9.0,4.0,80.0,1855,170,No,Elegant,Acquired from Artist,2.99,3.96
Baroque_Mary_2582,Mary Carbajal,,Baroque,Clay,35.0,12.0,8481.0,1884,141,No,Intricate,Acquired from Artist,4.3,6.91
Classical_Lonnie_2583,Lonnie Couture,0.61,Classical,Brass,3.0,2.0,16.0,1972,53,Yes,Intricate,Acquired from Artist,5.48,6.16
Renaissance_Darrell_2584,Darrell Stanley,0.25,Renaissance,Aluminium,,9.0,420.0,1897,128,No,Rustic,Museum Deaccession,4.55,4.62
Minimalist_James_2585,James Coy,0.37,Minimalist,Brass,32.0,,58598.0,1983,42,Yes,Vibrant,Inherited Estate,49.15,47.62
Abstract_Sidney_2586,Sidney Williams,0.37,Abstract,Brass,,8.0,15436.0,1958,67,Yes,Rustic,Acquired from Artist,36.35,44.84
Renaissance_Gerald_2587,Gerald Whitesell,0.57,Renaissance,Clay,53.0,27.0,16672.0,1913,112,No,Polished,Gallery Exhibition,46.87,47.31
Baroque_Earl_2588,Earl Robinson,,Baroque,Marble,,5.0,5594.0,1980,45,Yes,Rustic,Inherited Estate,10.93,15.66
Classical_Jerome_2589,Jerome Cox,0.09,Classical,Marble,19.0,9.0,185627.0,1934,91,No,Expressive,Private Collection,193.83,196.13
Contemporary_Luanne_2590,Luanne Muniz,0.24,Contemporary,Stone,16.0,7.0,,1887,138,No,Rustic,Gallery Exhibition,589.41,541.45
Baroque_Mario_2591,Mario Washington,0.24,Baroque,Marble,4.0,3.0,382.0,2016,9,Yes,Rustic,Private Collection,6.15,6.46
Contemporary_Ruth_2592,Ruth Mccullough,0.66,Contemporary,Clay,10.0,5.0,473.0,1970,55,Yes,Minimal,Auctioned in New York,4.05,5.19
Renaissance_Molly_2593,Molly Barnett,0.34,Renaissance,Clay,9.0,4.0,277.0,1947,78,No,Elegant,Museum Deaccession,2.81,3.94
Renaissance_Jimmy_2594,Jimmy Martin,0.27,Renaissance,Marble,14.0,8.0,50483.0,1953,72,Yes,Rustic,Inherited Estate,109.83,111.95
Contemporary_Chad_2595,Chad Clark,0.18,Contemporary,Brass,31.0,11.0,22502.0,1876,149,No,Expressive,Gallery Exhibition,11.29,15.29
Modern_Sandra_2596,Sandra Joyner,0.23,Modern,Brass,30.0,16.0,49321.0,1851,174,No,Elegant,Auctioned in London,172.75,158.73
Contemporary_Nichole_2597,Nichole Combs,0.51,Contemporary,Marble,25.0,21.0,1739435.0,1935,90,No,Vibrant,Private Collection,11592.51,13694.68
Abstract_Neil_2598,Neil Lewis,0.45,Abstract,,8.0,4.0,,1966,59,Yes,Vibrant,Private Collection,3.34,5.53
Renaissance_Jeremy_2599,Jeremy Crawford,0.37,Renaissance,Marble,19.0,8.0,108740.0,1958,67,Yes,Rustic,Auctioned in London,193.34,202.15
Baroque_Shirley_2600,Shirley Jenkins,0.84,Baroque,Aluminium,51.0,15.0,,1859,166,No,Vibrant,Acquired from Artist,8.93,13.09
Contemporary_Robert_2601,Robert Peoples,0.19,Contemporary,Clay,18.0,14.0,3518.0,1892,133,No,Rustic,Private Collection,11.13,11.68
Renaissance_Julio_2602,Julio Mata,0.94,Renaissance,Brass,17.0,8.0,7833.0,1971,54,Yes,Rustic,Inherited Estate,42.19,38.41
Renaissance_Herbert_2603,Herbert Wright,0.19,Renaissance,Bronze,15.0,7.0,1230.0,1954,71,Yes,Polished,Gallery Exhibition,5.3,6.19
Renaissance_Ricardo_2604,Ricardo Scheer,0.42,Renaissance,Stone,14.0,8.0,86151.0,1906,119,No,Vibrant,Gallery Exhibition,154.25,184.01
Minimalist_Jason_2605,Jason Dearing,0.16,Minimalist,Wood,15.0,8.0,90.0,1916,109,No,Polished,Gallery Exhibition,2.78,3.81
Minimalist_Rhonda_2606,Rhonda Thompson,0.3,Minimalist,Clay,46.0,12.0,6184.0,1944,81,No,Minimal,Auctioned in New York,19.28,29.9
Classical_Charles_2607,Charles Bates,0.86,Classical,Clay,19.0,6.0,1262.0,1987,38,Yes,Expressive,Auctioned in London,4.17,6.14
Contemporary_Michael_2608,Michael Reichenbach,0.71,Contemporary,Aluminium,25.0,15.0,2342.0,1862,163,No,Vibrant,Inherited Estate,3.63,5.76
Minimalist_David_2609,David Wallander,0.09,Minimalist,Bronze,7.0,,623.0,1908,117,No,Minimal,Gallery Exhibition,5.78,5.44
Renaissance_Madeline_2610,Madeline Melton,0.56,Renaissance,Stone,18.0,6.0,123572.0,1918,107,No,Rustic,Inherited Estate,423.64,572.82
Minimalist_Sue_2611,Sue Johnson,0.53,Minimalist,,24.0,14.0,1400823.0,1931,94,No,Polished,Auctioned in London,4024.24,5650.93
Classical_Hiram_2612,Hiram Williams,0.13,Classical,Wood,29.0,10.0,644.0,2020,5,Yes,Elegant,Auctioned in New York,3.74,5.36
Contemporary_Freeman_2613,Freeman Hoeck,0.87,Contemporary,Clay,11.0,,408.0,1898,127,No,Rustic,Auctioned in London,6.25,6.58
Contemporary_Willie_2614,Willie Jenkins,0.51,Contemporary,Brass,47.0,19.0,172218.0,2008,17,Yes,Vibrant,Auctioned in London,721.83,668.9
Modern_Christopher_2615,Christopher Minier,0.07,Modern,Brass,14.0,8.0,4760.0,1872,153,No,Intricate,Acquired from Artist,10.26,9.48
Modern_Jon_2616,Jon Funke,,Modern,,3.0,2.0,79.0,1914,111,No,Minimal,Private Collection,2.19,3.63
Contemporary_Amalia_2617,Amalia Grant,0.05,Contemporary,Clay,25.0,9.0,1852.0,1906,119,No,Elegant,Museum Deaccession,3.67,5.69
Minimalist_Steven_2618,Steven Lynch,0.75,Minimalist,Wood,22.0,9.0,435.0,1890,135,No,Elegant,Acquired from Artist,4.03,5.5
Minimalist_Melissa_2619,Melissa Brinson,0.22,Minimalist,Bronze,13.0,,1052.0,1881,144,No,Elegant,Auctioned in New York,5.03,5.16
Renaissance_Kathryn_2620,Kathryn Nickl,0.14,Renaissance,,4.0,4.0,109.0,1939,86,No,Intricate,Acquired from Artist,4.13,6.23
Modern_James_2621,James Cannon,0.05,Modern,Marble,8.0,,,1883,142,No,Elegant,Acquired from Artist,3.65,4.34
Minimalist_Ann_2622,Ann Nguyen,,Minimalist,Brass,6.0,4.0,520.0,1930,95,No,Vibrant,Museum Deaccession,5.7,5.96
Renaissance_Maria_2623,Maria Frankel,0.6,Renaissance,Bronze,14.0,8.0,2097.0,1877,148,No,Minimal,Private Collection,13.39,13.75
Abstract_Carl_2624,Carl Decoteau,0.89,Abstract,Marble,15.0,7.0,33146.0,1939,86,No,Polished,Museum Deaccession,209.6,315.54
Baroque_Lawrence_2625,Lawrence Marconis,0.83,Baroque,,44.0,14.0,2916.0,2018,7,Yes,Polished,Private Collection,3.59,5.05
Renaissance_William_2626,William Rose,0.76,Renaissance,Clay,19.0,,,1964,61,Yes,Polished,Museum Deaccession,5.34,6.73
Classical_Jay_2627,Jay Lussier,0.36,Classical,Stone,11.0,7.0,35050.0,1927,98,No,Rustic,Private Collection,108.67,116.58
Classical_Yvonne_2628,Yvonne Hough,0.42,Classical,Aluminium,46.0,27.0,7383.0,1944,81,No,Polished,Museum Deaccession,6.0,9.43
Renaissance_Curtis_2629,Curtis Ange,0.37,Renaissance,Stone,39.0,,2282724.0,2002,23,Yes,Intricate,Inherited Estate,5332.27,5255.47
Baroque_Peggy_2630,Peggy Gregory,0.47,Baroque,Bronze,22.0,9.0,4578.0,1971,54,Yes,Rustic,Auctioned in London,12.1,12.61
Classical_Ron_2631,Ron Pigott,0.2,Classical,Brass,12.0,6.0,1864.0,1909,116,No,Minimal,Inherited Estate,3.74,5.33
Renaissance_Keith_2632,Keith Hileman,0.71,Renaissance,Brass,12.0,8.0,3893.0,2013,12,Yes,Rustic,Private Collection,12.4,12.63
Abstract_Jung_2633,Jung Gonzales,,Abstract,Wood,27.0,13.0,877.0,1962,63,Yes,Intricate,Gallery Exhibition,6.45,7.0
Modern_Wilfred_2634,Wilfred Rodriguez,,Modern,Brass,8.0,5.0,683.0,1949,76,No,Elegant,Museum Deaccession,3.46,4.38
Modern_Robert_2635,Robert Bratton,,Modern,Clay,23.0,11.0,2560.0,1891,134,No,Vibrant,Museum Deaccession,6.08,6.68
Abstract_Deanna_2636,Deanna Perez,0.13,Abstract,Wood,23.0,6.0,311.0,1904,121,No,Rustic,Acquired from Artist,3.21,3.58
Minimalist_Joseph_2637,Joseph Oliver,0.19,Minimalist,Wood,33.0,19.0,1370.0,1881,144,No,Minimal,Auctioned in London,3.03,4.19
Renaissance_Bruce_2638,Bruce Wojciak,0.23,Renaissance,Wood,19.0,8.0,,1963,62,Yes,Minimal,Private Collection,3.7,6.01
Modern_Richard_2639,Richard Elliott,0.23,Modern,Stone,11.0,8.0,24170.0,2005,20,Yes,Elegant,Auctioned in London,92.7,98.3
Contemporary_Jane_2640,Jane Wike,0.62,Contemporary,Clay,7.0,4.0,99.0,1884,141,No,Elegant,Private Collection,4.57,5.11
Contemporary_Linda_2641,Linda Ray,0.8,Contemporary,,,8.0,,1916,109,No,Elegant,Acquired from Artist,12.0,13.97
Contemporary_Phil_2642,Phil Seney,,Contemporary,Aluminium,29.0,15.0,2492.0,1886,139,No,Minimal,Private Collection,5.05,6.34
Minimalist_Scott_2643,Scott Melton,0.4,Minimalist,Wood,5.0,4.0,25.0,1856,169,No,Rustic,Inherited Estate,2.15,3.41
Abstract_Leslie_2644,Leslie Major,0.73,Abstract,Marble,27.0,12.0,390819.0,1988,37,Yes,Rustic,Auctioned in London,726.62,858.28
Classical_Arlene_2645,Arlene Hayes,,Classical,Aluminium,7.0,5.0,90.0,1989,36,Yes,Expressive,Private Collection,3.66,3.97
Baroque_Charles_2646,Charles Lopez,0.17,Baroque,Clay,17.0,,656.0,1887,138,No,Vibrant,Auctioned in New York,5.57,6.51
Modern_Humberto_2647,Humberto Knowles,0.69,Modern,Bronze,28.0,8.0,9488.0,1897,128,No,Polished,Acquired from Artist,51.61,47.87
Classical_Michael_2648,Michael Amezquita,,Classical,Wood,,20.0,1054.0,1995,30,Yes,Elegant,Acquired from Artist,5.9,6.51
Classical_Cathy_2649,Cathy Leboeuf,,Classical,Bronze,14.0,6.0,2462.0,1908,117,No,Expressive,Acquired from Artist,8.09,10.88
Contemporary_Enedina_2650,Enedina Peterson,0.09,Contemporary,Aluminium,40.0,12.0,2806.0,1883,142,No,Minimal,Museum Deaccession,3.47,5.61
Classical_Elisabeth_2651,Elisabeth Cooper,0.02,Classical,Wood,42.0,11.0,742.0,1980,45,Yes,Minimal,Acquired from Artist,3.68,4.43
Classical_David_2652,David Gerner,0.82,Classical,,14.0,8.0,140.0,1863,162,No,Polished,Private Collection,5.2,4.87
Modern_Stephanie_2653,Stephanie Aquirre,0.55,Modern,Stone,3.0,3.0,157.0,1899,126,No,Expressive,Private Collection,7.24,6.58
Minimalist_Howard_2654,Howard Zerger,0.88,Minimalist,Bronze,24.0,8.0,,1988,37,Yes,Minimal,Gallery Exhibition,30.58,39.5
Modern_Elsie_2655,Elsie Lattimore,,Modern,Bronze,13.0,8.0,2298.0,2016,9,Yes,Elegant,Private Collection,4.94,5.55
Baroque_Adela_2656,Adela Brock,0.95,Baroque,Aluminium,39.0,14.0,3614.0,1926,99,No,Expressive,Private Collection,4.66,7.38
Modern_Floyd_2657,Floyd Bocook,,Modern,Stone,,13.0,,1873,152,No,Elegant,Auctioned in New York,3584.65,3488.18
Baroque_Brian_2658,Brian Jenson,0.42,Baroque,Brass,32.0,8.0,13314.0,1978,47,Yes,Expressive,Auctioned in New York,24.54,34.48
Modern_Kenneth_2659,Kenneth Wright,0.96,Modern,Bronze,,10.0,12528.0,1851,174,No,Rustic,Private Collection,48.68,45.56
Modern_Lonnie_2660,Lonnie Bolton,0.42,Modern,Brass,52.0,26.0,281213.0,1953,72,Yes,Vibrant,Auctioned in New York,1369.83,1506.76
Contemporary_Angela_2661,Angela Lawson,0.36,Contemporary,Bronze,12.0,8.0,2883.0,1984,41,Yes,Intricate,Auctioned in London,4.21,4.13
Minimalist_Cesar_2662,Cesar Ochoa,0.02,Minimalist,Wood,27.0,13.0,483.0,1852,173,No,Elegant,Auctioned in London,5.1,5.47
Renaissance_Angela_2663,Angela Brislin,0.37,Renaissance,Brass,44.0,10.0,66080.0,1982,43,Yes,Intricate,Gallery Exhibition,100.12,96.93
Classical_Christopher_2664,Christopher Gau,0.94,Classical,Wood,32.0,14.0,352.0,1953,72,Yes,Polished,Gallery Exhibition,4.66,5.68
Classical_Dianne_2665,Dianne Claggett,0.95,Classical,Bronze,21.0,6.0,4008.0,1948,77,No,Elegant,Private Collection,4.24,5.91
Baroque_Timothy_2666,Timothy Wallin,0.42,Baroque,Stone,5.0,3.0,1147.0,1856,169,No,Expressive,Auctioned in New York,5.56,6.34
Minimalist_Jeanne_2667,Jeanne Snell,0.99,Minimalist,Brass,21.0,9.0,8946.0,1857,168,No,Intricate,Museum Deaccession,50.9,49.25
Minimalist_Darryl_2668,Darryl Hirko,0.08,Minimalist,Marble,17.0,11.0,175973.0,1937,88,No,Polished,Acquired from Artist,290.26,325.62
Baroque_Mark_2669,Mark Doucet,0.36,Baroque,Marble,22.0,13.0,562649.0,1945,80,No,Intricate,Inherited Estate,1409.4,2169.53
Minimalist_Lois_2670,Lois Morales,,Minimalist,Bronze,28.0,13.0,,1907,118,No,Minimal,Auctioned in London,16.69,20.34
Minimalist_Shauna_2671,Shauna Espinoza,0.66,Minimalist,,8.0,5.0,50.0,1875,150,No,Minimal,Auctioned in New York,4.75,6.77
Modern_Mandy_2672,Mandy Whitaker,,Modern,Marble,16.0,7.0,59427.0,1926,99,No,Vibrant,Museum Deaccession,258.46,303.41
Modern_James_2673,James Mcchesney,0.16,Modern,Aluminium,10.0,4.0,185.0,1899,126,No,Expressive,Auctioned in London,2.52,3.24
Minimalist_Amanda_2674,Amanda Brown,0.99,Minimalist,Aluminium,8.0,4.0,88.0,1961,64,Yes,Polished,Inherited Estate,2.63,3.63
Modern_Darlene_2675,Darlene Cuthbertson,0.6,Modern,Marble,21.0,12.0,281820.0,1901,124,No,Vibrant,Museum Deaccession,981.82,1127.29
Baroque_Wendi_2676,Wendi Engle,0.81,Baroque,Wood,29.0,17.0,1209.0,1889,136,No,Elegant,Acquired from Artist,5.49,6.8
Contemporary_Donald_2677,Donald Noel,0.13,Contemporary,Marble,19.0,6.0,65711.0,1883,142,No,Vibrant,Inherited Estate,69.39,73.28
Renaissance_Debra_2678,Debra Shaddox,0.17,Renaissance,,21.0,12.0,18618.0,2012,13,Yes,Rustic,Auctioned in London,6.05,6.22
Baroque_Pamela_2679,Pamela Delperdang,0.01,Baroque,,9.0,4.0,41.0,1943,82,No,Elegant,Acquired from Artist,3.65,4.19
Contemporary_Bob_2680,Bob Drake,0.34,Contemporary,Wood,20.0,10.0,436.0,2018,7,Yes,Expressive,Auctioned in London,6.2,6.15
Modern_Thomas_2681,Thomas Dye,0.3,Modern,Wood,38.0,18.0,342.0,2002,23,Yes,Elegant,Auctioned in New York,4.1,5.11
Minimalist_Karla_2682,Karla Easter,0.74,Minimalist,Marble,6.0,4.0,767.0,1880,145,No,Minimal,Museum Deaccession,3.04,4.22
Minimalist_Dorothy_2683,Dorothy Cobham,0.17,Minimalist,Clay,46.0,20.0,9448.0,1998,27,Yes,Rustic,Auctioned in New York,14.21,16.07
Minimalist_Joan_2684,Joan Vanduser,0.07,Minimalist,Marble,38.0,16.0,2272743.0,1932,93,No,Intricate,Auctioned in London,3289.07,3316.0
Modern_Todd_2685,Todd Hallett,0.01,Modern,Bronze,7.0,5.0,452.0,2001,24,Yes,Expressive,Acquired from Artist,2.48,3.86
Baroque_Valerie_2686,Valerie Staub,0.12,Baroque,Stone,17.0,11.0,278914.0,1872,153,No,Expressive,Museum Deaccession,171.87,273.44
Baroque_Shirley_2687,Shirley Hinesley,0.09,Baroque,Marble,5.0,5.0,1960.0,1998,27,Yes,Polished,Auctioned in New York,3.06,3.04
Contemporary_Oralia_2688,Oralia Krueger,,Contemporary,Aluminium,17.0,6.0,553.0,1930,95,No,Vibrant,Acquired from Artist,4.15,4.5
Renaissance_Brady_2689,Brady Perez,0.72,Renaissance,Brass,13.0,7.0,4192.0,1983,42,Yes,Rustic,Inherited Estate,9.06,10.37
Abstract_Maurice_2690,Maurice Thomas,0.99,Abstract,Stone,10.0,,11267.0,1931,94,No,Intricate,Inherited Estate,25.55,40.86
Abstract_Anita_2691,Anita Slaton,,Abstract,Wood,25.0,14.0,335.0,1963,62,Yes,Vibrant,Acquired from Artist,3.67,5.27
Modern_Bruce_2692,Bruce Berg,0.46,Modern,Wood,15.0,7.0,223.0,1858,167,No,Polished,Private Collection,4.81,6.63
Minimalist_William_2693,William Ison,0.28,Minimalist,Marble,20.0,12.0,155174.0,1890,135,No,Rustic,Gallery Exhibition,552.71,513.98
Renaissance_Leon_2694,Leon Dean,,Renaissance,,11.0,8.0,39491.0,1956,69,Yes,Minimal,Acquired from Artist,167.96,190.38
Contemporary_James_2695,James Ennis,0.53,Contemporary,Stone,23.0,8.0,,1866,159,No,Intricate,Gallery Exhibition,1089.42,1284.89
Renaissance_Clarence_2696,Clarence Dieter,0.56,Renaissance,Bronze,10.0,,583.0,2001,24,Yes,Rustic,Auctioned in New York,4.5,4.72
Classical_Raymond_2697,Raymond Hebert,0.34,Classical,Brass,36.0,26.0,,1884,141,No,Polished,Auctioned in London,553.68,505.5
Classical_Joe_2698,Joe Rowe,0.46,Classical,Stone,10.0,5.0,6379.0,1859,166,No,Polished,Private Collection,32.53,39.01
Classical_Bobby_2699,Bobby Haase,0.3,Classical,Stone,21.0,,,1978,47,Yes,Rustic,Museum Deaccession,1037.85,1637.85
Renaissance_Betty_2700,Betty Marroguin,0.4,Renaissance,,41.0,19.0,1740453.0,1908,117,No,Rustic,Inherited Estate,2219.5,3375.01
Renaissance_Roy_2701,Roy Oubre,0.13,Renaissance,Brass,3.0,2.0,36.0,1989,36,Yes,Minimal,Auctioned in New York,6.41,6.87
Contemporary_Kevin_2702,Kevin Rickenbacker,0.7,Contemporary,Bronze,39.0,8.0,22702.0,1941,84,No,Vibrant,Gallery Exhibition,37.18,44.45
Contemporary_Irene_2703,Irene Frontz,0.03,Contemporary,,23.0,13.0,36927.0,1972,53,Yes,Expressive,Acquired from Artist,107.75,132.17
Modern_Mary_2704,Mary Adriance,0.66,Modern,Stone,16.0,7.0,61395.0,1897,128,No,Vibrant,Auctioned in New York,80.96,107.4
Classical_Alisa_2705,Alisa Robel,0.94,Classical,Brass,23.0,11.0,10751.0,1893,132,No,Polished,Gallery Exhibition,30.36,32.18
Baroque_Alexander_2706,Alexander Cosley,0.49,Baroque,Bronze,26.0,12.0,7944.0,1870,155,No,Polished,Private Collection,20.41,20.62
Abstract_Joann_2707,Joann Haskell,0.28,Abstract,Clay,19.0,,1109.0,2014,11,Yes,Elegant,Museum Deaccession,5.68,5.77
Minimalist_Heidi_2708,Heidi Shaw,0.58,Minimalist,Clay,6.0,4.0,97.0,1854,171,No,Intricate,Gallery Exhibition,3.86,4.49
Classical_Irene_2709,Irene Esparza,0.65,Classical,,29.0,13.0,4841.0,2008,17,Yes,Rustic,Auctioned in New York,11.21,16.97
Baroque_Danielle_2710,Danielle Borchardt,0.56,Baroque,Aluminium,10.0,4.0,121.0,1985,40,Yes,Minimal,Museum Deaccession,4.42,5.16
Baroque_Cody_2711,Cody Crofts,,Baroque,,27.0,17.0,2398705.0,1924,101,No,Polished,Auctioned in London,6665.86,9569.99
Abstract_Joan_2712,Joan Rincon,0.13,Abstract,,16.0,8.0,233.0,1908,117,No,Expressive,Inherited Estate,3.39,5.05
Classical_Bill_2713,Bill Walker,,Classical,Bronze,7.0,4.0,,1909,116,No,Vibrant,Auctioned in London,2.63,3.05
Contemporary_Carlos_2714,Carlos Nielsen,0.72,Contemporary,,12.0,6.0,667.0,1945,80,No,Elegant,Inherited Estate,3.7,5.33
Classical_Connie_2715,Connie Lopez,0.59,Classical,Clay,13.0,7.0,970.0,1965,60,Yes,Vibrant,Gallery Exhibition,3.25,4.3
Abstract_Rafael_2716,Rafael Spencer,0.18,Abstract,Clay,4.0,4.0,71.0,1897,128,No,Intricate,Private Collection,3.21,4.35
Abstract_Robert_2717,Robert Calderon,0.96,Abstract,Marble,31.0,14.0,1151070.0,1973,52,Yes,Minimal,Auctioned in New York,4290.75,5857.7
Modern_Charles_2718,Charles Dominguez,0.42,Modern,Wood,11.0,8.0,220.0,1991,34,Yes,Expressive,Auctioned in London,5.17,4.91
Renaissance_James_2719,James Mcbride,0.77,Renaissance,Brass,57.0,29.0,442352.0,1912,113,No,Intricate,Private Collection,1475.4,2038.85
Baroque_Ricardo_2720,Ricardo Swanson,0.48,Baroque,,26.0,,483831.0,1907,118,No,Vibrant,Acquired from Artist,669.6,845.78
Baroque_Derrick_2721,Derrick Miles,0.33,Baroque,Bronze,14.0,8.0,4022.0,1883,142,No,Intricate,Auctioned in New York,7.66,8.1
Renaissance_Darrel_2722,Darrel Ware,0.44,Renaissance,Marble,27.0,8.0,295315.0,1990,35,Yes,Expressive,Auctioned in London,1149.11,1506.87
Abstract_James_2723,James Sesler,0.57,Abstract,Clay,19.0,7.0,1479.0,1876,149,No,Vibrant,Museum Deaccession,2.77,3.03
Abstract_Arthur_2724,Arthur Vernon,0.21,Abstract,Clay,29.0,12.0,2311.0,1858,167,No,Minimal,Gallery Exhibition,3.52,5.64
Renaissance_William_2725,William Bergstrom,0.48,Renaissance,Stone,26.0,10.0,815778.0,1951,74,Yes,Rustic,Auctioned in London,686.28,1060.53
Contemporary_Vicki_2726,Vicki Hendricks,0.45,Contemporary,Marble,32.0,12.0,795998.0,1888,137,No,Vibrant,Private Collection,1108.88,1059.02
Abstract_Dianne_2727,Dianne Twehous,0.52,Abstract,Stone,30.0,12.0,1380484.0,1969,56,Yes,Minimal,Acquired from Artist,7997.09,7430.37
Modern_Timothy_2728,Timothy Barley,0.4,Modern,Wood,51.0,8.0,768.0,1996,29,Yes,Expressive,Inherited Estate,4.05,4.96
Classical_Eric_2729,Eric Jackson,,Classical,Aluminium,15.0,6.0,493.0,1905,120,No,Intricate,Gallery Exhibition,3.55,4.07
Contemporary_Erin_2730,Erin Galbraith,,Contemporary,Wood,17.0,9.0,,1957,68,Yes,Expressive,Acquired from Artist,4.52,4.49
Classical_Bessie_2731,Bessie Cordero,,Classical,Stone,,21.0,25254560.0,1975,50,Yes,Polished,Museum Deaccession,159472.55,231660.46
Contemporary_Christina_2732,Christina Baisden,0.5,Contemporary,Aluminium,26.0,7.0,818.0,1880,145,No,Rustic,Museum Deaccession,3.46,4.25
Abstract_Richard_2733,Richard Vogus,0.33,Abstract,Marble,4.0,4.0,570.0,1866,159,No,Elegant,Acquired from Artist,3.42,5.61
Abstract_Constance_2734,Constance Estrello,0.12,Abstract,Clay,42.0,12.0,8154.0,1992,33,Yes,Rustic,Auctioned in London,4.24,5.95
Abstract_Crystal_2735,Crystal Lentz,0.36,Abstract,Bronze,7.0,4.0,327.0,1983,42,Yes,Expressive,Acquired from Artist,3.47,5.49
Minimalist_Brandon_2736,Brandon Burney,0.5,Minimalist,Wood,19.0,6.0,83.0,1881,144,No,Elegant,Gallery Exhibition,3.62,5.85
Classical_Paul_2737,Paul Craig,0.54,Classical,Stone,34.0,,1756625.0,1879,146,No,Vibrant,Inherited Estate,2652.34,2450.68
Classical_Shane_2738,Shane Hughes,0.73,Classical,Wood,13.0,8.0,122.0,1884,141,No,Vibrant,Auctioned in London,4.81,4.65
Modern_Troy_2739,Troy Sallas,,Modern,Brass,,6.0,2003.0,1948,77,No,Minimal,Auctioned in New York,7.13,8.62
Minimalist_Danny_2740,Danny Spencer,0.1,Minimalist,Brass,31.0,,25879.0,1962,63,Yes,Polished,Auctioned in New York,14.04,13.75
Classical_Homer_2741,Homer Cruz,0.48,Classical,Bronze,10.0,4.0,396.0,1923,102,No,Rustic,Museum Deaccession,6.51,6.78
Renaissance_John_2742,John Cook,0.41,Renaissance,Bronze,9.0,4.0,369.0,1985,40,Yes,Polished,Auctioned in London,5.8,5.41
Renaissance_Ashley_2743,Ashley Hahn,0.63,Renaissance,Bronze,8.0,4.0,476.0,1859,166,No,Rustic,Auctioned in London,7.22,6.86
Renaissance_Teddy_2744,Teddy Hernandez,0.56,Renaissance,,,6.0,,1869,156,No,Elegant,Museum Deaccession,6.35,6.08
Modern_Randy_2745,Randy Howard,,Modern,Bronze,,8.0,2723.0,1929,96,No,Expressive,Inherited Estate,26.31,30.6
Renaissance_Edward_2746,Edward Fitzpatrick,0.02,Renaissance,,60.0,20.0,55775.0,1885,140,No,Polished,Inherited Estate,141.83,154.47
Classical_Robert_2747,Robert Davis,0.63,Classical,Aluminium,7.0,5.0,,1929,96,No,Intricate,Acquired from Artist,2.74,3.9
Classical_Tracy_2748,Tracy Ayala,0.13,Classical,Stone,3.0,2.0,166.0,1857,168,No,Rustic,Private Collection,5.2,6.44
Contemporary_Carmen_2749,Carmen Newsom,0.66,Contemporary,Clay,6.0,5.0,141.0,2004,21,Yes,Polished,Museum Deaccession,3.53,5.45
Minimalist_Victoria_2750,Victoria Reth,0.34,Minimalist,Stone,9.0,,6696.0,1869,156,No,Minimal,Inherited Estate,11.29,11.49
Contemporary_David_2751,David Silva,0.29,Contemporary,Wood,20.0,10.0,380.0,1968,57,Yes,Vibrant,Private Collection,4.64,5.55
Renaissance_Edna_2752,Edna Brown,0.73,Renaissance,Wood,30.0,7.0,255.0,1912,113,No,Elegant,Auctioned in New York,4.12,3.81
Modern_Manuel_2753,Manuel Sikora,0.21,Modern,Wood,16.0,8.0,150.0,2001,24,Yes,Elegant,Gallery Exhibition,4.72,5.6
Renaissance_Casey_2754,Casey Horn,,Renaissance,Bronze,18.0,8.0,4126.0,1899,126,No,Minimal,Museum Deaccession,14.84,16.96
Contemporary_David_2755,David Kelly,0.76,Contemporary,,40.0,,,1883,142,No,Expressive,Acquired from Artist,80.29,94.81
Minimalist_John_2756,John Friel,0.25,Minimalist,Wood,12.0,6.0,149.0,1866,159,No,Intricate,Museum Deaccession,5.59,5.87
Renaissance_Christopher_2757,Christopher Garza,0.13,Renaissance,Bronze,18.0,11.0,6955.0,1995,30,Yes,Intricate,Museum Deaccession,8.06,13.19
Abstract_Trina_2758,Trina Tennyson,0.97,Abstract,Stone,16.0,8.0,179449.0,1891,134,No,Rustic,Acquired from Artist,696.66,980.25
Baroque_Robert_2759,Robert Weiss,0.64,Baroque,Stone,21.0,9.0,482125.0,1859,166,No,Vibrant,Private Collection,3966.75,3920.0
Baroque_Edward_2760,Edward Jackson,0.13,Baroque,Aluminium,30.0,8.0,655.0,2002,23,Yes,Expressive,Auctioned in London,3.49,4.72
Minimalist_David_2761,David Bostic,0.15,Minimalist,Bronze,30.0,12.0,,1992,33,Yes,Rustic,Auctioned in London,42.01,46.87
Contemporary_Loretta_2762,Loretta Cayer,0.89,Contemporary,Brass,47.0,18.0,124428.0,1882,143,No,Polished,Museum Deaccession,261.33,363.93
Abstract_Betty_2763,Betty Jeffrey,0.08,Abstract,Bronze,24.0,6.0,2674.0,1863,162,No,Elegant,Acquired from Artist,4.42,4.89
Abstract_Helen_2764,Helen Sebek,0.66,Abstract,Wood,17.0,6.0,157.0,1945,80,No,Intricate,Acquired from Artist,3.89,5.97
Classical_Marguerite_2765,Marguerite Lester,0.7,Classical,Wood,26.0,19.0,683.0,1985,40,Yes,Minimal,Auctioned in New York,5.92,5.98
Abstract_Emogene_2766,Emogene Moy,0.72,Abstract,Marble,27.0,16.0,1110009.0,2018,7,Yes,Elegant,Acquired from Artist,3795.86,4130.71
Baroque_Joseph_2767,Joseph Simon,0.47,Baroque,Brass,32.0,18.0,57618.0,1958,67,Yes,Expressive,Private Collection,114.18,183.59
Contemporary_Lucila_2768,Lucila Barnes,,Contemporary,Aluminium,13.0,8.0,227.0,2011,14,Yes,Polished,Gallery Exhibition,3.61,3.86
Contemporary_Larry_2769,Larry Redding,0.48,Contemporary,Bronze,5.0,3.0,61.0,1965,60,Yes,Rustic,Inherited Estate,4.41,6.17
Contemporary_Angelina_2770,Angelina Lovett,0.47,Contemporary,Bronze,,,16.0,1887,138,No,Rustic,Auctioned in New York,3.08,4.72
Minimalist_Vera_2771,Vera Davis,0.33,Minimalist,Clay,25.0,8.0,1726.0,2010,15,Yes,Elegant,Inherited Estate,5.23,5.38
Renaissance_Eric_2772,Eric Howard,0.71,Renaissance,,40.0,25.0,19453774.0,2004,21,Yes,Minimal,Inherited Estate,56333.83,88827.64
Contemporary_Robin_2773,Robin Mitchell,0.2,Contemporary,Brass,37.0,14.0,36327.0,1992,33,Yes,Vibrant,Museum Deaccession,20.34,29.98
Minimalist_Crystal_2774,Crystal Beck,,Minimalist,Brass,33.0,12.0,35914.0,1981,44,Yes,Expressive,Auctioned in London,94.47,97.71
Renaissance_Eric_2775,Eric Fashaw,0.23,Renaissance,Aluminium,40.0,30.0,10431.0,1949,76,No,Vibrant,Museum Deaccession,15.28,14.38
Modern_Frank_2776,Frank Totman,0.74,Modern,Brass,20.0,7.0,5480.0,1966,59,Yes,Minimal,Museum Deaccession,24.08,38.68
Classical_Matthew_2777,Matthew Blackwell,0.72,Classical,Stone,,8.0,166745.0,1954,71,Yes,Vibrant,Museum Deaccession,795.37,830.91
Renaissance_Martina_2778,Martina Herman,0.91,Renaissance,Brass,36.0,17.0,51970.0,1905,120,No,Expressive,Gallery Exhibition,128.61,140.45
Classical_Thomasina_2779,Thomasina Dail,0.73,Classical,Bronze,11.0,7.0,1722.0,1887,138,No,Intricate,Private Collection,13.47,15.77
Minimalist_Herbert_2780,Herbert Hyler,0.43,Minimalist,,11.0,7.0,80.0,1990,35,Yes,Minimal,Museum Deaccession,2.57,3.63
Contemporary_Leonard_2781,Leonard Grant,,Contemporary,Bronze,39.0,14.0,50723.0,1961,64,Yes,Minimal,Private Collection,127.06,169.06
Classical_Aleta_2782,Aleta Lassiter,,Classical,Wood,24.0,9.0,318.0,1877,148,No,Expressive,Acquired from Artist,4.76,4.42
Contemporary_Emma_2783,Emma Horan,0.78,Contemporary,,12.0,8.0,,1952,73,Yes,Rustic,Museum Deaccession,135.04,135.52
Contemporary_Howard_2784,Howard Mccorkle,0.04,Contemporary,Stone,47.0,12.0,5451882.0,1971,54,Yes,Rustic,Inherited Estate,2188.5,2795.57
Modern_Harold_2785,Harold Johnson,0.26,Modern,Clay,37.0,13.0,4462.0,1975,50,Yes,Vibrant,Acquired from Artist,10.0,10.71
Baroque_Robert_2786,Robert Meadows,0.38,Baroque,,58.0,,427.0,1976,49,Yes,Minimal,Inherited Estate,5.13,5.57
Renaissance_Barbara_2787,Barbara Dikes,0.11,Renaissance,Aluminium,10.0,,54.0,1960,65,Yes,Intricate,Auctioned in New York,3.84,4.15
Minimalist_Elisa_2788,Elisa Joseph,0.16,Minimalist,Aluminium,14.0,8.0,451.0,1940,85,No,Rustic,Private Collection,3.35,5.1
Classical_Dawn_2789,Dawn Moore,0.58,Classical,,36.0,17.0,5177308.0,1969,56,Yes,Expressive,Inherited Estate,8706.51,9953.56
Renaissance_Lewis_2790,Lewis Jordan,0.17,Renaissance,Bronze,42.0,24.0,50787.0,1918,107,No,Elegant,Gallery Exhibition,46.16,70.72
Contemporary_Matthew_2791,Matthew Smith,0.23,Contemporary,Wood,17.0,7.0,179.0,2008,17,Yes,Minimal,Inherited Estate,4.03,4.73
Contemporary_Russ_2792,Russ Polley,0.18,Contemporary,,15.0,6.0,3347.0,1975,50,Yes,Elegant,Inherited Estate,11.53,15.71
Renaissance_Jason_2793,Jason Richardson,0.77,Renaissance,Brass,37.0,8.0,30180.0,1938,87,No,Vibrant,Gallery Exhibition,45.36,66.45
Renaissance_Tracey_2794,Tracey Poole,0.54,Renaissance,Aluminium,28.0,,666.0,1903,122,No,Minimal,Auctioned in London,2.48,4.11
Modern_Esteban_2795,Esteban Lawson,0.94,Modern,Aluminium,30.0,15.0,2218.0,1976,49,Yes,Intricate,Acquired from Artist,4.07,5.13
Renaissance_Adam_2796,Adam Chausse,0.22,Renaissance,Brass,45.0,18.0,100296.0,2007,18,Yes,Elegant,Museum Deaccession,205.34,210.22
Minimalist_Diane_2797,Diane Lewis,0.43,Minimalist,Aluminium,39.0,11.0,3016.0,1994,31,Yes,Vibrant,Museum Deaccession,11.44,10.75
Minimalist_Alfredo_2798,Alfredo Wickliff,0.7,Minimalist,Aluminium,31.0,18.0,3148.0,1990,35,Yes,Expressive,Gallery Exhibition,6.72,8.48
Contemporary_Daniel_2799,Daniel Ketter,,Contemporary,Wood,41.0,,850.0,1868,157,No,Minimal,Auctioned in New York,7.24,7.0
Minimalist_Kathleen_2800,Kathleen Billups,0.55,Minimalist,Marble,4.0,4.0,671.0,1906,119,No,Rustic,Museum Deaccession,2.22,3.67
Renaissance_Timothy_2801,Timothy Rucker,0.28,Renaissance,Stone,30.0,10.0,1007887.0,1852,173,No,Elegant,Inherited Estate,2462.87,2528.55
Baroque_Edith_2802,Edith Drain,0.54,Baroque,Wood,13.0,8.0,52.0,1949,76,No,Polished,Auctioned in London,2.84,3.92
Contemporary_Erick_2803,Erick Mcgee,0.06,Contemporary,Stone,10.0,,11888.0,2009,16,Yes,Polished,Acquired from Artist,8.58,10.7
Baroque_Amelia_2804,Amelia Robertson,0.82,Baroque,Stone,13.0,7.0,91176.0,1919,106,No,Expressive,Inherited Estate,218.93,355.53
Modern_Raymon_2805,Raymon Jarvie,0.62,Modern,Clay,39.0,,3869.0,1889,136,No,Vibrant,Auctioned in New York,12.42,15.04
Minimalist_Jeremy_2806,Jeremy Haar,0.48,Minimalist,Brass,15.0,6.0,3357.0,1952,73,Yes,Vibrant,Auctioned in New York,10.89,10.93
Modern_Juan_2807,Juan Roy,,Modern,Stone,16.0,8.0,,1897,128,No,Rustic,Museum Deaccession,264.1,414.44
Baroque_Andrea_2808,Andrea Preston,0.47,Baroque,Bronze,28.0,16.0,27680.0,1909,116,No,Rustic,Private Collection,45.76,57.93
Minimalist_Jenny_2809,Jenny Henderson,0.69,Minimalist,Aluminium,14.0,6.0,509.0,1857,168,No,Elegant,Auctioned in London,5.45,5.37
Abstract_Charlotte_2810,Charlotte Cowan,0.78,Abstract,Wood,22.0,6.0,82.0,1852,173,No,Polished,Inherited Estate,3.81,5.93
Contemporary_Wayne_2811,Wayne Placha,,Contemporary,Clay,15.0,6.0,620.0,1867,158,No,Intricate,Private Collection,5.0,6.88
Classical_Brian_2812,Brian Savage,0.86,Classical,Bronze,29.0,8.0,6441.0,1916,109,No,Expressive,Gallery Exhibition,11.3,12.85
Minimalist_Mabel_2813,Mabel Scott,,Minimalist,Stone,12.0,7.0,63792.0,1878,147,No,Polished,Museum Deaccession,71.89,85.11
Classical_Marc_2814,Marc Rinaldi,0.72,Classical,Marble,22.0,7.0,98104.0,1892,133,No,Vibrant,Auctioned in London,216.51,221.18
Minimalist_Sarah_2815,Sarah Garrett,,Minimalist,Stone,,9.0,1378586.0,1976,49,Yes,Vibrant,Inherited Estate,1812.2,2357.92
Classical_Michael_2816,Michael Robinson,0.3,Classical,Marble,19.0,12.0,202903.0,1879,146,No,Vibrant,Auctioned in New York,432.91,512.35
Renaissance_Gregory_2817,Gregory Proudfoot,0.29,Renaissance,Stone,37.0,15.0,3513025.0,1919,106,No,Elegant,Museum Deaccession,12019.13,14165.14
Baroque_Nancy_2818,Nancy Gollier,0.48,Baroque,Brass,45.0,20.0,135200.0,1950,75,No,Intricate,Acquired from Artist,610.95,816.98
Minimalist_Amy_2819,Amy Mcdaniel,0.09,Minimalist,,4.0,4.0,73.0,1994,31,Yes,Vibrant,Museum Deaccession,4.39,6.35
Modern_Jane_2820,Jane Lord,0.22,Modern,,41.0,20.0,20583.0,1869,156,No,Intricate,Acquired from Artist,69.65,72.98
Baroque_Sherry_2821,Sherry Boynton,0.4,Baroque,Bronze,9.0,5.0,519.0,1928,97,No,Elegant,Private Collection,7.08,6.95
Minimalist_William_2822,William Ledoux,0.02,Minimalist,Bronze,15.0,6.0,1154.0,1924,101,No,Intricate,Acquired from Artist,4.0,4.51
Baroque_Curtis_2823,Curtis Parker,0.91,Baroque,Brass,4.0,3.0,129.0,1990,35,Yes,Vibrant,Private Collection,2.76,3.02
Renaissance_Bruce_2824,Bruce Gutierrez,0.63,Renaissance,Bronze,20.0,9.0,4137.0,1973,52,Yes,Expressive,Auctioned in New York,5.52,5.31
Abstract_Thomas_2825,Thomas Hamilton,0.34,Abstract,Bronze,35.0,18.0,55795.0,1924,101,No,Intricate,Auctioned in London,73.43,83.11
Contemporary_Judy_2826,Judy Lawrence,0.7,Contemporary,Wood,19.0,12.0,371.0,1890,135,No,Rustic,Museum Deaccession,2.53,3.33
Abstract_Ida_2827,Ida Baez,,Abstract,Stone,25.0,12.0,768367.0,1946,79,No,Polished,Private Collection,1005.94,1659.4
Contemporary_Robert_2828,Robert Gregory,0.52,Contemporary,Bronze,56.0,27.0,271922.0,1926,99,No,Elegant,Auctioned in New York,601.33,845.57
Contemporary_Heather_2829,Heather Sasso,0.68,Contemporary,Aluminium,18.0,7.0,291.0,1874,151,No,Vibrant,Auctioned in New York,6.12,6.77
Abstract_Irene_2830,Irene Franzese,,Abstract,Clay,25.0,,5385.0,1901,124,No,Polished,Acquired from Artist,3.44,5.43
Modern_Sarah_2831,Sarah Luper,0.86,Modern,Brass,6.0,4.0,340.0,1915,110,No,Minimal,Private Collection,4.34,4.87
Abstract_Wendy_2832,Wendy Titus,0.5,Abstract,Clay,27.0,7.0,1851.0,1944,81,No,Minimal,Acquired from Artist,4.08,3.75
Classical_Christopher_2833,Christopher Clark,0.63,Classical,Stone,31.0,22.0,8691641.0,2007,18,Yes,Vibrant,Gallery Exhibition,41654.82,38784.21
Contemporary_Mary_2834,Mary Mcgarvey,0.39,Contemporary,Bronze,40.0,19.0,77407.0,1861,164,No,Expressive,Acquired from Artist,286.22,357.08
Contemporary_Sophie_2835,Sophie Manus,0.45,Contemporary,,45.0,,12025261.0,1855,170,No,Vibrant,Auctioned in London,9660.34,14173.11
Minimalist_Karen_2836,Karen Illsley,0.7,Minimalist,,43.0,20.0,17182.0,1960,65,Yes,Vibrant,Gallery Exhibition,67.0,71.96
Abstract_Jessie_2837,Jessie Petrillo,0.46,Abstract,Stone,14.0,6.0,74438.0,1942,83,No,Polished,Museum Deaccession,440.15,416.35
Renaissance_Jose_2838,Jose Henry,0.06,Renaissance,Aluminium,18.0,10.0,1071.0,1935,90,No,Expressive,Museum Deaccession,3.94,6.55
Classical_Gregory_2839,Gregory Riekena,0.37,Classical,Wood,55.0,24.0,1018.0,1973,52,Yes,Polished,Museum Deaccession,2.74,3.76
Classical_Myrtle_2840,Myrtle Creekmore,0.52,Classical,,13.0,,1792.0,1929,96,No,Rustic,Acquired from Artist,9.21,13.15
Minimalist_Shannon_2841,Shannon Zahn,0.88,Minimalist,Wood,20.0,,154.0,1876,149,No,Minimal,Private Collection,5.67,6.5
Contemporary_Don_2842,Don Adair,0.31,Contemporary,Bronze,11.0,,1338.0,1985,40,Yes,Polished,Inherited Estate,5.82,5.54
Modern_Thomas_2843,Thomas Newman,0.36,Modern,Brass,31.0,18.0,44303.0,1946,79,No,Polished,Private Collection,14.69,21.21
Renaissance_Tommie_2844,Tommie Inman,,Renaissance,Brass,9.0,4.0,333.0,1916,109,No,Polished,Auctioned in New York,4.31,5.16
Contemporary_Barbara_2845,Barbara Goud,0.88,Contemporary,Stone,17.0,8.0,221082.0,1975,50,Yes,Vibrant,Auctioned in London,430.34,416.17
Minimalist_Michael_2846,Michael Freeman,0.68,Minimalist,Marble,18.0,7.0,65283.0,1986,39,Yes,Minimal,Auctioned in New York,280.81,284.13
Baroque_Alice_2847,Alice Lantrip,0.73,Baroque,Stone,14.0,7.0,80676.0,2020,5,Yes,Rustic,Auctioned in London,406.12,498.81
Abstract_Joshua_2848,Joshua Wainwright,0.65,Abstract,Clay,6.0,5.0,,1920,105,No,Minimal,Auctioned in New York,3.86,5.31
Contemporary_Ana_2849,Ana Gonzalez,0.5,Contemporary,Brass,10.0,4.0,745.0,1860,165,No,Vibrant,Gallery Exhibition,5.42,4.94
Baroque_James_2850,James Zehner,0.74,Baroque,Marble,,5.0,11122.0,1975,50,Yes,Expressive,Acquired from Artist,56.74,52.81
Baroque_Soraya_2851,Soraya Patterson,,Baroque,Brass,46.0,22.0,119344.0,1891,134,No,Expressive,Museum Deaccession,250.78,317.95
Baroque_Geneva_2852,Geneva Houghton,0.18,Baroque,Marble,8.0,4.0,4127.0,1863,162,No,Polished,Inherited Estate,3.53,5.12
Abstract_Latina_2853,Latina Knuckles,0.62,Abstract,Brass,21.0,7.0,8343.0,1999,26,Yes,Elegant,Inherited Estate,31.66,51.54
Renaissance_Leonardo_2854,Leonardo Johnson,0.78,Renaissance,Bronze,5.0,,239.0,1986,39,Yes,Vibrant,Auctioned in New York,2.89,4.25
Minimalist_Bryan_2855,Bryan Alfano,0.18,Minimalist,Aluminium,20.0,8.0,937.0,1934,91,No,Elegant,Acquired from Artist,3.42,4.6
Contemporary_Ted_2856,Ted Vaca,0.75,Contemporary,Stone,10.0,5.0,12943.0,1854,171,No,Minimal,Private Collection,98.25,92.96
Classical_George_2857,George Brandon,,Classical,,28.0,8.0,294921.0,1925,100,No,Expressive,Acquired from Artist,360.82,396.95
Modern_Brandi_2858,Brandi Garza,0.16,Modern,Marble,20.0,9.0,154740.0,1871,154,No,Rustic,Gallery Exhibition,370.57,392.1
Baroque_Sharon_2859,Sharon Cooper,0.22,Baroque,Wood,6.0,,30.0,1937,88,No,Intricate,Private Collection,3.82,5.49
Minimalist_Ada_2860,Ada Wagoner,0.65,Minimalist,Bronze,9.0,4.0,329.0,1853,172,No,Minimal,Private Collection,5.89,5.65
Minimalist_Gail_2861,Gail Hemenway,0.31,Minimalist,Clay,45.0,,18432.0,1905,120,No,Expressive,Auctioned in New York,77.0,73.87
Contemporary_William_2862,William Harding,0.56,Contemporary,Marble,5.0,,1410.0,1968,57,Yes,Polished,Inherited Estate,6.4,7.67
Baroque_Gloria_2863,Gloria Powell,0.3,Baroque,Brass,21.0,13.0,6925.0,1868,157,No,Intricate,Private Collection,34.22,34.19
Modern_Cassie_2864,Cassie Zamora,0.33,Modern,Marble,26.0,8.0,152305.0,1855,170,No,Expressive,Museum Deaccession,151.71,144.37
Abstract_Paul_2865,Paul Zamora,0.46,Abstract,Aluminium,27.0,12.0,514.0,1980,45,Yes,Expressive,Acquired from Artist,6.48,6.0
Minimalist_Latanya_2866,Latanya Harrington,0.18,Minimalist,Brass,24.0,11.0,19745.0,1965,60,Yes,Vibrant,Inherited Estate,17.19,21.05
Minimalist_Joshua_2867,Joshua Eubank,0.22,Minimalist,Wood,42.0,10.0,692.0,1955,70,Yes,Expressive,Private Collection,6.39,5.89
Renaissance_Emilio_2868,Emilio Stewart,0.47,Renaissance,Brass,38.0,22.0,143434.0,1974,51,Yes,Rustic,Auctioned in London,287.14,348.95
Minimalist_Katrina_2869,Katrina Levy,,Minimalist,Marble,12.0,7.0,11887.0,2019,6,Yes,Polished,Inherited Estate,29.59,46.57
Modern_John_2870,John Lee,0.38,Modern,Marble,26.0,14.0,,1973,52,Yes,Polished,Auctioned in London,2541.97,3067.63
Renaissance_Austin_2871,Austin Miller,0.42,Renaissance,Aluminium,10.0,4.0,62.0,1921,104,No,Expressive,Auctioned in New York,3.11,4.59
Classical_Sean_2872,Sean Andrews,0.22,Classical,Aluminium,22.0,12.0,1220.0,1948,77,No,Elegant,Gallery Exhibition,3.58,5.95
Renaissance_Claire_2873,Claire Desotel,0.25,Renaissance,Marble,18.0,11.0,66721.0,1908,117,No,Intricate,Private Collection,133.68,185.99
Abstract_Alfred_2874,Alfred Wilson,0.36,Abstract,Marble,12.0,,45103.0,1860,165,No,Intricate,Gallery Exhibition,23.89,35.06
Baroque_Austin_2875,Austin Anderson,0.21,Baroque,,3.0,3.0,44.0,1978,47,Yes,Intricate,Private Collection,2.92,4.84
Modern_Ann_2876,Ann Jenkins,0.66,Modern,Bronze,38.0,25.0,58652.0,1857,168,No,Elegant,Gallery Exhibition,410.57,474.81
Classical_Nathaniel_2877,Nathaniel Hatcher,0.9,Classical,Aluminium,12.0,6.0,279.0,1920,105,No,Vibrant,Inherited Estate,5.51,6.89
Abstract_Yvonne_2878,Yvonne Blakeley,0.42,Abstract,Bronze,20.0,9.0,2047.0,1899,126,No,Minimal,Inherited Estate,3.04,3.13
Renaissance_Brian_2879,Brian Keith,0.38,Renaissance,Bronze,36.0,9.0,15589.0,1860,165,No,Minimal,Private Collection,42.32,39.15
Abstract_Holly_2880,Holly Doran,0.64,Abstract,Marble,27.0,11.0,137731.0,1950,75,No,Minimal,Acquired from Artist,202.07,293.77
Abstract_Tommy_2881,Tommy Smith,0.64,Abstract,Brass,12.0,7.0,3918.0,2008,17,Yes,Expressive,Gallery Exhibition,2.21,3.23
Classical_Willie_2882,Willie Hebert,0.36,Classical,Aluminium,13.0,6.0,390.0,1959,66,Yes,Expressive,Auctioned in New York,6.09,6.8
Baroque_James_2883,James Sato,0.88,Baroque,Stone,21.0,6.0,127553.0,1878,147,No,Polished,Inherited Estate,303.16,298.05
Renaissance_Lisa_2884,Lisa Pendleton,0.55,Renaissance,Aluminium,21.0,16.0,1426.0,1896,129,No,Polished,Inherited Estate,4.13,3.77
Minimalist_Paul_2885,Paul Hart,0.91,Minimalist,Marble,7.0,4.0,2655.0,1903,122,No,Rustic,Auctioned in London,15.38,17.33
Minimalist_Michael_2886,Michael Flores,0.91,Minimalist,Aluminium,14.0,8.0,427.0,1945,80,No,Elegant,Museum Deaccession,3.17,4.28
Minimalist_John_2887,John Kahn,0.24,Minimalist,Clay,10.0,4.0,231.0,1860,165,No,Polished,Auctioned in New York,4.69,6.14
Baroque_Susan_2888,Susan Rooney,0.36,Baroque,Marble,28.0,17.0,1095960.0,1920,105,No,Polished,Acquired from Artist,1644.95,2243.75
Renaissance_Norma_2889,Norma Lambert,0.81,Renaissance,Aluminium,26.0,19.0,2564.0,1926,99,No,Elegant,Museum Deaccession,9.73,9.51
Abstract_Sherilyn_2890,Sherilyn Yardley,,Abstract,Bronze,21.0,14.0,7310.0,2013,12,Yes,Rustic,Acquired from Artist,2.62,3.29
Renaissance_Yong_2891,Yong Swisher,0.35,Renaissance,,,15.0,,1861,164,No,Rustic,Auctioned in New York,74.05,110.24
Classical_Bruce_2892,Bruce Eades,0.2,Classical,Brass,29.0,18.0,22618.0,1850,175,No,Expressive,Auctioned in New York,12.52,12.0
Renaissance_Lee_2893,Lee Mcpartlin,0.28,Renaissance,,35.0,,73360.0,1936,89,No,Elegant,Private Collection,144.65,160.61
Baroque_Willie_2894,Willie Samayoa,0.71,Baroque,Aluminium,22.0,8.0,1048.0,1903,122,No,Elegant,Auctioned in London,5.56,6.0
Renaissance_Lawrence_2895,Lawrence Martin,,Renaissance,Brass,,11.0,4550.0,1896,129,No,Polished,Private Collection,3.89,6.21
Baroque_Kathleen_2896,Kathleen Tipps,0.23,Baroque,Wood,7.0,5.0,17.0,1977,48,Yes,Intricate,Inherited Estate,3.38,4.7
Renaissance_Deloris_2897,Deloris Moore,0.86,Renaissance,Aluminium,13.0,6.0,299.0,1905,120,No,Intricate,Museum Deaccession,2.26,3.72
Minimalist_Christa_2898,Christa Smith,0.26,Minimalist,Stone,26.0,10.0,,1872,153,No,Polished,Auctioned in London,175.29,195.68
Contemporary_Matthew_2899,Matthew Jordan,0.31,Contemporary,Wood,42.0,,1011.0,1956,69,Yes,Minimal,Auctioned in New York,3.13,3.08
Minimalist_Sue_2900,Sue Eberhard,,Minimalist,Stone,33.0,11.0,1254713.0,1861,164,No,Polished,Auctioned in New York,1317.91,1395.54
Renaissance_James_2901,James Fields,0.45,Renaissance,,31.0,8.0,1624.0,1985,40,Yes,Elegant,Private Collection,3.43,4.92
Abstract_Jan_2902,Jan Sanchez,0.01,Abstract,,28.0,11.0,2284.0,2004,21,Yes,Rustic,Acquired from Artist,3.64,4.52
Classical_Wallace_2903,Wallace Conway,0.72,Classical,Aluminium,24.0,11.0,1275.0,1976,49,Yes,Elegant,Gallery Exhibition,11.83,12.49
Classical_Joy_2904,Joy Dulin,0.4,Classical,Aluminium,5.0,4.0,29.0,1964,61,Yes,Vibrant,Auctioned in London,4.76,4.85
Renaissance_Lee_2905,Lee Terrazas,0.08,Renaissance,Bronze,3.0,2.0,8.0,1856,169,No,Intricate,Auctioned in New York,2.53,3.59
Modern_Kristi_2906,Kristi Ashley,0.05,Modern,Aluminium,16.0,7.0,541.0,1948,77,No,Vibrant,Acquired from Artist,6.59,6.13
Abstract_James_2907,James Jackson,,Abstract,Stone,20.0,8.0,230254.0,1937,88,No,Polished,Private Collection,301.81,380.46
Classical_Trisha_2908,Trisha Badillo,0.84,Classical,Brass,15.0,6.0,,1884,141,No,Polished,Private Collection,15.86,18.72
Renaissance_Edward_2909,Edward Higgins,0.84,Renaissance,Marble,33.0,24.0,4571789.0,1894,131,No,Elegant,Auctioned in London,38714.61,42745.36
Classical_Pearl_2910,Pearl Mcdevitt,0.41,Classical,Stone,31.0,8.0,903700.0,1995,30,Yes,Minimal,Inherited Estate,2059.85,2372.38
Minimalist_Gidget_2911,Gidget Ferko,0.26,Minimalist,Marble,21.0,11.0,103040.0,1978,47,Yes,Polished,Private Collection,331.16,347.44
Classical_Richard_2912,Richard Alaniz,0.33,Classical,Aluminium,48.0,13.0,2065.0,1885,140,No,Rustic,Gallery Exhibition,6.4,9.6
Minimalist_Paula_2913,Paula Myron,0.83,Minimalist,Brass,15.0,8.0,7239.0,1985,40,Yes,Vibrant,Acquired from Artist,33.91,31.11
Minimalist_Lisa_2914,Lisa Harvey,0.75,Minimalist,Brass,25.0,14.0,21020.0,1919,106,No,Polished,Acquired from Artist,127.43,126.04
Renaissance_James_2915,James Roys,0.86,Renaissance,Marble,41.0,25.0,5773155.0,1858,167,No,Vibrant,Private Collection,34339.5,37830.75
Renaissance_Arthur_2916,Arthur Berry,0.34,Renaissance,Bronze,15.0,7.0,2554.0,1969,56,Yes,Elegant,Inherited Estate,5.95,5.79
Minimalist_Glen_2917,Glen Oliver,0.63,Minimalist,,,,1046.0,1863,162,No,Intricate,Private Collection,3.97,5.94
Renaissance_Ann_2918,Ann Chang,0.48,Renaissance,Wood,24.0,14.0,513.0,1960,65,Yes,Rustic,Inherited Estate,5.89,6.16
Contemporary_Brenda_2919,Brenda Graf,0.15,Contemporary,,9.0,5.0,54.0,2016,9,Yes,Polished,Auctioned in New York,2.57,3.25
Modern_Valentin_2920,Valentin Sexton,0.46,Modern,Brass,41.0,12.0,75499.0,1926,99,No,Expressive,Inherited Estate,132.86,138.49
Abstract_Louise_2921,Louise Harris,0.9,Abstract,Brass,51.0,15.0,140501.0,1957,68,Yes,Rustic,Museum Deaccession,411.7,428.91
Classical_Vernon_2922,Vernon Rodgers,0.18,Classical,Aluminium,51.0,20.0,6833.0,1883,142,No,Elegant,Gallery Exhibition,11.18,13.68
Abstract_John_2923,John Kenney,0.04,Abstract,Aluminium,8.0,5.0,167.0,2012,13,Yes,Polished,Inherited Estate,3.67,4.68
Classical_Shelly_2924,Shelly Burgess,0.55,Classical,Wood,34.0,13.0,674.0,1962,63,Yes,Minimal,Gallery Exhibition,5.7,6.01
Minimalist_Bobbie_2925,Bobbie Polite,0.44,Minimalist,Aluminium,18.0,7.0,597.0,2016,9,Yes,Expressive,Museum Deaccession,6.88,6.27
Minimalist_Sara_2926,Sara Vanhouten,0.94,Minimalist,,,2.0,12.0,1891,134,No,Vibrant,Museum Deaccession,4.38,5.8
Renaissance_Sonny_2927,Sonny Hull,0.09,Renaissance,Aluminium,29.0,9.0,440.0,1921,104,No,Rustic,Acquired from Artist,5.18,5.16
Minimalist_Josefina_2928,Josefina Burns,0.42,Minimalist,Aluminium,9.0,5.0,240.0,1886,139,No,Elegant,Auctioned in London,3.85,3.74
Baroque_Hana_2929,Hana Jackson,0.61,Baroque,Marble,19.0,6.0,30510.0,1918,107,No,Vibrant,Private Collection,39.75,55.54
Minimalist_Barbara_2930,Barbara Martinez,0.95,Minimalist,Brass,6.0,5.0,423.0,1967,58,Yes,Intricate,Acquired from Artist,3.2,3.34
Abstract_Thomas_2931,Thomas Slowinski,0.57,Abstract,Brass,13.0,6.0,2682.0,1932,93,No,Minimal,Inherited Estate,18.33,17.01
Modern_Dianna_2932,Dianna Fox,0.49,Modern,,42.0,8.0,23736.0,1934,91,No,Rustic,Private Collection,33.84,32.08
Minimalist_Salvador_2933,Salvador Crane,0.89,Minimalist,Brass,48.0,,200841.0,1867,158,No,Minimal,Auctioned in London,359.02,334.56
Abstract_Jennifer_2934,Jennifer Wilson,0.6,Abstract,Brass,33.0,19.0,120846.0,1951,74,Yes,Polished,Private Collection,195.37,244.03
Modern_Russell_2935,Russell Thomas,0.59,Modern,Stone,45.0,,22094065.0,1932,93,No,Intricate,Acquired from Artist,52340.25,51143.16
Classical_Miguel_2936,Miguel Trew,0.65,Classical,Brass,23.0,7.0,8830.0,1950,75,No,Elegant,Acquired from Artist,18.32,20.94
Abstract_Michael_2937,Michael Donze,,Abstract,Brass,24.0,,74595.0,1875,150,No,Expressive,Private Collection,88.82,116.4
Contemporary_Steven_2938,Steven Lockhart,0.57,Contemporary,Aluminium,37.0,19.0,5790.0,1929,96,No,Intricate,Inherited Estate,23.68,24.84
Baroque_Grace_2939,Grace Casas,0.68,Baroque,Aluminium,19.0,11.0,734.0,1888,137,No,Vibrant,Auctioned in London,5.41,5.07
Modern_Kenneth_2940,Kenneth Mckinney,0.28,Modern,Marble,13.0,7.0,30563.0,1952,73,Yes,Elegant,Auctioned in New York,20.38,19.07
Minimalist_Mary_2941,Mary Beiler,0.4,Minimalist,,38.0,22.0,177079.0,1887,138,No,Rustic,Acquired from Artist,229.25,262.53
Contemporary_Margaret_2942,Margaret Willis,0.15,Contemporary,Clay,28.0,9.0,2320.0,1863,162,No,Expressive,Auctioned in London,5.42,6.84
Abstract_Sharron_2943,Sharron Carter,0.33,Abstract,Brass,12.0,7.0,2662.0,1962,63,Yes,Expressive,Private Collection,12.26,13.58
Minimalist_Thomas_2944,Thomas Best,0.06,Minimalist,Marble,11.0,6.0,13393.0,2015,10,Yes,Elegant,Private Collection,20.61,23.84
Modern_Miranda_2945,Miranda Perryman,0.52,Modern,Bronze,27.0,17.0,39133.0,1898,127,No,Intricate,Acquired from Artist,39.62,43.26
Modern_Steven_2946,Steven Richburg,0.22,Modern,Bronze,48.0,27.0,150265.0,2016,9,Yes,Intricate,Inherited Estate,451.71,734.32
Minimalist_Johnny_2947,Johnny Evers,0.99,Minimalist,Bronze,30.0,8.0,13701.0,1971,54,Yes,Intricate,Gallery Exhibition,35.97,54.74
Modern_Gloria_2948,Gloria Milford,0.27,Modern,Marble,31.0,6.0,173774.0,1865,160,No,Polished,Auctioned in London,924.65,950.12
Minimalist_Lonnie_2949,Lonnie Keithly,,Minimalist,,24.0,9.0,1829.0,1927,98,No,Elegant,Auctioned in New York,6.06,7.57
Modern_Mary_2950,Mary Clark,0.61,Modern,Aluminium,39.0,21.0,4775.0,2008,17,Yes,Elegant,Private Collection,11.29,13.96
Abstract_Cassandra_2951,Cassandra Rothermich,0.42,Abstract,Marble,11.0,6.0,15189.0,1970,55,Yes,Minimal,Museum Deaccession,15.56,23.46
Renaissance_Erwin_2952,Erwin Guzman,0.53,Renaissance,Stone,13.0,8.0,130902.0,2004,21,Yes,Intricate,Auctioned in New York,473.77,479.16
Modern_Robin_2953,Robin Strom,0.8,Modern,Bronze,34.0,8.0,4870.0,1909,116,No,Intricate,Acquired from Artist,10.33,9.87
Classical_Mildred_2954,Mildred Cooper,0.19,Classical,Brass,3.0,2.0,33.0,1884,141,No,Elegant,Auctioned in New York,5.01,6.82
Modern_Judy_2955,Judy Elliott,0.64,Modern,Clay,14.0,6.0,865.0,1939,86,No,Polished,Acquired from Artist,6.03,5.58
Baroque_Cecil_2956,Cecil Seta,0.58,Baroque,,24.0,,2116.0,1912,113,No,Polished,Museum Deaccession,3.54,5.44
Minimalist_Charlotte_2957,Charlotte Membreno,0.7,Minimalist,Brass,8.0,5.0,606.0,1906,119,No,Intricate,Inherited Estate,2.91,4.55
Renaissance_James_2958,James Long,0.98,Renaissance,Marble,,10.0,91129.0,1936,89,No,Polished,Museum Deaccession,291.1,422.68
Baroque_Richard_2959,Richard Parker,0.39,Baroque,Marble,40.0,16.0,2411058.0,1934,91,No,Vibrant,Museum Deaccession,7807.36,7194.69
Contemporary_Joseph_2960,Joseph Rodriguez,0.52,Contemporary,Stone,26.0,12.0,859282.0,1940,85,No,Intricate,Museum Deaccession,3539.76,3529.41
Minimalist_Franklin_2961,Franklin Pouliot,0.64,Minimalist,Wood,6.0,5.0,57.0,1957,68,Yes,Minimal,Museum Deaccession,5.55,5.31
Baroque_Debra_2962,Debra Weber,0.07,Baroque,Aluminium,,,,1918,107,No,Rustic,Gallery Exhibition,3.28,3.81
Minimalist_Mary_2963,Mary Privitera,0.08,Minimalist,,15.0,8.0,3874.0,1894,131,No,Elegant,Acquired from Artist,7.62,8.24
Minimalist_Robin_2964,Robin Yu,0.53,Minimalist,Clay,17.0,,413.0,2008,17,Yes,Polished,Auctioned in London,6.0,6.02
Renaissance_John_2965,John Moody,0.65,Renaissance,Stone,13.0,7.0,52901.0,1859,166,No,Intricate,Inherited Estate,323.89,324.94
Modern_William_2966,William Allums,0.63,Modern,Marble,12.0,7.0,13115.0,2000,25,Yes,Minimal,Gallery Exhibition,46.74,55.65
Contemporary_Karen_2967,Karen Robertson,0.34,Contemporary,Marble,37.0,16.0,2270714.0,1939,86,No,Intricate,Private Collection,11004.6,10848.67
Abstract_Emmanuel_2968,Emmanuel Reddick,0.3,Abstract,Bronze,14.0,7.0,2613.0,1927,98,No,Intricate,Inherited Estate,4.28,5.69
Renaissance_Eric_2969,Eric Leung,0.18,Renaissance,Bronze,11.0,7.0,1393.0,1979,46,Yes,Vibrant,Acquired from Artist,5.77,6.69
Abstract_William_2970,William Villanueva,,Abstract,Bronze,20.0,8.0,6522.0,1975,50,Yes,Expressive,Auctioned in London,12.88,15.4
Classical_Samuel_2971,Samuel Lawing,0.24,Classical,Clay,18.0,6.0,578.0,1877,148,No,Expressive,Gallery Exhibition,2.81,3.37
Modern_Gregory_2972,Gregory Sanford,0.78,Modern,Stone,30.0,,,1959,66,Yes,Minimal,Auctioned in London,20226.06,20714.19
Renaissance_Carol_2973,Carol Dow,0.52,Renaissance,Marble,35.0,,2020993.0,1962,63,Yes,Rustic,Inherited Estate,1967.89,2818.75
Renaissance_Eloisa_2974,Eloisa Carter,0.65,Renaissance,Stone,25.0,11.0,585685.0,1975,50,Yes,Intricate,Private Collection,1973.27,2661.51
Classical_Rosie_2975,Rosie Telschow,0.59,Classical,Clay,19.0,13.0,,2005,20,Yes,Intricate,Gallery Exhibition,5.04,5.38
Classical_Deborah_2976,Deborah Tipton,0.01,Classical,Aluminium,26.0,15.0,2028.0,2019,6,Yes,Expressive,Gallery Exhibition,5.06,6.27
Classical_Aimee_2977,Aimee Ballinger,0.13,Classical,Stone,34.0,15.0,1680232.0,1901,124,No,Intricate,Auctioned in London,3045.34,3010.52
Baroque_Andy_2978,Andy Black,0.4,Baroque,,39.0,,1950.0,1860,165,No,Elegant,Auctioned in New York,4.13,5.69
Abstract_Frank_2979,Frank Christenson,0.61,Abstract,Wood,5.0,3.0,19.0,1925,100,No,Expressive,Auctioned in London,5.1,5.88
Modern_Valerie_2980,Valerie Roy,0.68,Modern,Wood,26.0,12.0,780.0,1955,70,Yes,Expressive,Gallery Exhibition,4.91,5.1
Classical_Tanya_2981,Tanya Zucco,0.72,Classical,Clay,13.0,7.0,822.0,1893,132,No,Intricate,Auctioned in New York,4.62,6.94
Abstract_Kori_2982,Kori Docken,0.24,Abstract,Marble,11.0,,17825.0,1874,151,No,Minimal,Museum Deaccession,44.81,51.57
Contemporary_Janie_2983,Janie Callis,0.79,Contemporary,Clay,,7.0,771.0,2008,17,Yes,Elegant,Private Collection,4.12,4.14
Baroque_Samantha_2984,Samantha Brown,0.91,Baroque,Bronze,16.0,8.0,4714.0,1983,42,Yes,Vibrant,Gallery Exhibition,13.77,19.96
Modern_Sarah_2985,Sarah Julian,0.65,Modern,Wood,,,1232.0,1866,159,No,Polished,Private Collection,3.55,3.95
Contemporary_Jeannie_2986,Jeannie Wilson,0.33,Contemporary,Wood,29.0,14.0,638.0,1960,65,Yes,Vibrant,Private Collection,5.21,6.99
Abstract_Eric_2987,Eric Rankin,0.34,Abstract,,5.0,3.0,,1985,40,Yes,Elegant,Museum Deaccession,4.29,5.5
Renaissance_Joyce_2988,Joyce Dawson,0.79,Renaissance,Clay,9.0,5.0,247.0,1959,66,Yes,Expressive,Acquired from Artist,6.52,6.39
Baroque_Columbus_2989,Columbus Mccann,0.1,Baroque,Clay,36.0,10.0,2534.0,1950,75,No,Elegant,Inherited Estate,4.38,5.19
Contemporary_Irene_2990,Irene Davis,0.33,Contemporary,Brass,25.0,8.0,12530.0,2004,21,Yes,Expressive,Auctioned in London,56.2,66.39
Abstract_Courtney_2991,Courtney Howard,0.27,Abstract,Clay,18.0,,2867.0,1868,157,No,Intricate,Private Collection,8.58,10.48
Abstract_Donald_2992,Donald Hussein,,Abstract,Marble,45.0,15.0,4191874.0,1900,125,No,Elegant,Museum Deaccession,22714.77,21947.19
Contemporary_Domingo_2993,Domingo Arnold,0.58,Contemporary,Brass,,7.0,,2000,25,Yes,Vibrant,Auctioned in London,4.71,7.0
Contemporary_Kristine_2994,Kristine Boston,0.33,Contemporary,Bronze,23.0,6.0,3307.0,1972,53,Yes,Elegant,Auctioned in New York,4.89,6.52
Renaissance_Cynthia_2995,Cynthia Harris,0.36,Renaissance,,15.0,8.0,107735.0,1895,130,No,Minimal,Auctioned in New York,388.29,430.85
Renaissance_Melvin_2996,Melvin Oconnor,0.74,Renaissance,,16.0,6.0,1646.0,1945,80,No,Rustic,Auctioned in London,5.32,6.85
Classical_Carolyn_2997,Carolyn Miles,0.04,Classical,Marble,24.0,7.0,160100.0,1930,95,No,Polished,Private Collection,158.47,237.18
Minimalist_Thomas_2998,Thomas Garrity,,Minimalist,Clay,31.0,19.0,,1960,65,Yes,Intricate,Auctioned in London,20.01,23.12
Abstract_Laura_2999,Laura Caverly,0.01,Abstract,Brass,33.0,29.0,186396.0,1962,63,Yes,Expressive,Auctioned in New York,134.4,216.47
Baroque_David_3000,David Tuck,0.58,Baroque,Marble,8.0,5.0,7203.0,1965,60,Yes,Vibrant,Private Collection,16.78,27.05
Contemporary_Kimberly_3001,Kimberly Small,0.28,Contemporary,Aluminium,13.0,7.0,359.0,2002,23,Yes,Intricate,Museum Deaccession,3.29,3.86
Modern_Shawn_3002,Shawn Cramer,0.47,Modern,Wood,25.0,14.0,,2015,10,Yes,Vibrant,Acquired from Artist,2.22,3.18
Abstract_Jeremiah_3003,Jeremiah Schwendemann,0.69,Abstract,,23.0,10.0,530923.0,1903,122,No,Rustic,Private Collection,363.7,349.52
Contemporary_Teresa_3004,Teresa Bailey,0.12,Contemporary,Brass,20.0,7.0,3102.0,1884,141,No,Minimal,Acquired from Artist,2.43,3.35
Minimalist_Janice_3005,Janice Lally,0.11,Minimalist,Bronze,39.0,18.0,52546.0,1935,90,No,Minimal,Auctioned in New York,117.35,190.89
Classical_Michael_3006,Michael Smith,0.44,Classical,Marble,14.0,6.0,29045.0,1945,80,No,Intricate,Auctioned in London,78.56,82.14
Renaissance_Wallace_3007,Wallace King,0.32,Renaissance,Brass,7.0,4.0,253.0,1966,59,Yes,Minimal,Gallery Exhibition,3.99,4.37
Classical_King_3008,King Coll,0.62,Classical,Marble,8.0,,1566.0,2015,10,Yes,Polished,Auctioned in New York,5.33,6.55
Abstract_Eduardo_3009,Eduardo Molina,0.67,Abstract,Brass,24.0,8.0,4584.0,1945,80,No,Minimal,Acquired from Artist,10.15,13.46
Renaissance_Rudolph_3010,Rudolph Dabbs,0.14,Renaissance,Bronze,20.0,8.0,1728.0,1890,135,No,Rustic,Acquired from Artist,3.7,4.49
Baroque_Alisha_3011,Alisha Taylor,0.61,Baroque,Aluminium,28.0,6.0,731.0,1919,106,No,Rustic,Inherited Estate,3.06,3.82
Abstract_Timothy_3012,Timothy Paradee,0.28,Abstract,Aluminium,23.0,15.0,968.0,1886,139,No,Vibrant,Auctioned in New York,5.98,5.51
Renaissance_Orlando_3013,Orlando Clark,0.51,Renaissance,Stone,12.0,6.0,37265.0,1963,62,Yes,Minimal,Auctioned in New York,93.8,87.75
Minimalist_Karen_3014,Karen Milligan,0.12,Minimalist,Stone,21.0,10.0,143279.0,1993,32,Yes,Rustic,Private Collection,386.91,533.5
Baroque_Ivan_3015,Ivan Kradel,0.1,Baroque,Wood,21.0,,222.0,1864,161,No,Rustic,Private Collection,2.53,4.12
Contemporary_Rachel_3016,Rachel Paulding,0.42,Contemporary,Wood,14.0,8.0,176.0,1855,170,No,Minimal,Auctioned in London,4.28,6.84
Baroque_Robert_3017,Robert Gaskins,0.71,Baroque,Brass,25.0,6.0,5748.0,1897,128,No,Elegant,Private Collection,26.84,33.24
Contemporary_Heath_3018,Heath Patlan,0.94,Contemporary,Aluminium,32.0,12.0,2499.0,1857,168,No,Vibrant,Gallery Exhibition,5.83,6.4
Contemporary_Catherine_3019,Catherine Malek,,Contemporary,Aluminium,27.0,12.0,1460.0,1855,170,No,Polished,Acquired from Artist,3.18,5.02
Modern_Sabrina_3020,Sabrina Haley,0.77,Modern,Aluminium,23.0,9.0,754.0,1984,41,Yes,Elegant,Acquired from Artist,4.46,5.42
Modern_Kevin_3021,Kevin Willis,0.16,Modern,Bronze,36.0,21.0,38586.0,1897,128,No,Rustic,Gallery Exhibition,106.58,166.79
Minimalist_Theresa_3022,Theresa Louis,0.4,Minimalist,Wood,13.0,6.0,108.0,1980,45,Yes,Minimal,Auctioned in New York,3.66,5.4
Baroque_Marvin_3023,Marvin Valladares,0.22,Baroque,Brass,42.0,19.0,199760.0,1931,94,No,Polished,Auctioned in London,483.0,527.64
Classical_Iris_3024,Iris Werts,0.87,Classical,Marble,,15.0,1089134.0,1880,145,No,Polished,Inherited Estate,7616.21,7109.65
Baroque_Geneva_3025,Geneva Freeman,0.41,Baroque,Aluminium,6.0,5.0,61.0,1950,75,No,Expressive,Museum Deaccession,2.88,3.66
Modern_Tyler_3026,Tyler Yu,0.12,Modern,Brass,37.0,15.0,50623.0,1952,73,Yes,Elegant,Private Collection,216.07,200.0
Renaissance_Tammy_3027,Tammy Schultz,0.67,Renaissance,Marble,8.0,4.0,3882.0,1893,132,No,Expressive,Gallery Exhibition,6.69,7.58
Abstract_Victoria_3028,Victoria Mankins,0.26,Abstract,Stone,40.0,22.0,10366187.0,1909,116,No,Elegant,Acquired from Artist,5232.55,8651.51
Renaissance_Susan_3029,Susan Boutwell,0.86,Renaissance,Marble,12.0,8.0,,1920,105,No,Intricate,Private Collection,21.75,30.19
Contemporary_Jack_3030,Jack Stephens,0.06,Contemporary,Brass,16.0,8.0,5389.0,1944,81,No,Vibrant,Acquired from Artist,2.9,4.53
Contemporary_Gayla_3031,Gayla Clary,0.18,Contemporary,Wood,7.0,,70.0,1897,128,No,Minimal,Museum Deaccession,2.93,3.91
Minimalist_Tracy_3032,Tracy Donahoo,0.6,Minimalist,Marble,24.0,11.0,386209.0,1889,136,No,Polished,Gallery Exhibition,2307.86,2182.92
Baroque_Sadie_3033,Sadie Lyon,0.55,Baroque,Brass,3.0,3.0,70.0,1896,129,No,Minimal,Gallery Exhibition,2.58,4.2
Baroque_Clara_3034,Clara Williamson,0.1,Baroque,Stone,19.0,6.0,57229.0,1977,48,Yes,Vibrant,Auctioned in London,126.49,134.07
Minimalist_Elva_3035,Elva Houston,1.0,Minimalist,Clay,8.0,5.0,243.0,1976,49,Yes,Minimal,Museum Deaccession,3.67,3.35
Modern_Celeste_3036,Celeste Lamm,0.47,Modern,Aluminium,35.0,8.0,1539.0,1958,67,Yes,Vibrant,Gallery Exhibition,4.29,6.04
Classical_Lena_3037,Lena Davis,0.12,Classical,Brass,16.0,7.0,5734.0,2001,24,Yes,Polished,Inherited Estate,7.68,8.62
Renaissance_Alexander_3038,Alexander Harritt,0.26,Renaissance,,21.0,7.0,1008.0,1853,172,No,Minimal,Museum Deaccession,1.9,3.08
Classical_Tara_3039,Tara Wirtz,0.82,Classical,Aluminium,12.0,6.0,372.0,1993,32,Yes,Vibrant,Inherited Estate,5.55,5.77
Modern_Norman_3040,Norman Jackson,0.77,Modern,Stone,17.0,7.0,188571.0,1978,47,Yes,Polished,Museum Deaccession,179.76,179.72
Abstract_Rufus_3041,Rufus King,0.45,Abstract,Marble,25.0,17.0,1070057.0,1979,46,Yes,Polished,Inherited Estate,2717.67,4058.13
Renaissance_Andrea_3042,Andrea Soapes,0.49,Renaissance,Clay,15.0,8.0,541.0,1919,106,No,Vibrant,Auctioned in London,3.44,3.91
Contemporary_Angelica_3043,Angelica Kopp,0.27,Contemporary,Bronze,16.0,6.0,3538.0,1915,110,No,Vibrant,Gallery Exhibition,6.85,6.81
Minimalist_Steven_3044,Steven Haskell,,Minimalist,Bronze,9.0,,,2015,10,Yes,Vibrant,Inherited Estate,3.6,3.66
Abstract_Stanley_3045,Stanley Barker,0.68,Abstract,Brass,12.0,8.0,2589.0,1946,79,No,Polished,Private Collection,7.12,9.52
Minimalist_Vernon_3046,Vernon Kittleson,0.3,Minimalist,Clay,35.0,10.0,4175.0,1999,26,Yes,Intricate,Private Collection,11.37,17.67
Renaissance_Mary_3047,Mary Cooper,,Renaissance,Wood,,6.0,119.0,1920,105,No,Minimal,Private Collection,2.73,3.7
Renaissance_Tracy_3048,Tracy Ciraulo,,Renaissance,Bronze,30.0,8.0,11232.0,1864,161,No,Intricate,Acquired from Artist,26.48,40.88
Contemporary_Joyce_3049,Joyce Kinde,0.8,Contemporary,Marble,26.0,9.0,81516.0,1976,49,Yes,Elegant,Museum Deaccession,343.4,332.84
Abstract_Angelica_3050,Angelica Thompson,0.25,Abstract,Marble,25.0,6.0,80896.0,1899,126,No,Vibrant,Inherited Estate,98.7,150.25
Abstract_Michael_3051,Michael Baldwin,,Abstract,,14.0,6.0,1736.0,1957,68,Yes,Rustic,Auctioned in London,5.72,7.41
Minimalist_Melvin_3052,Melvin Diaz,0.76,Minimalist,,10.0,5.0,4915.0,1951,74,Yes,Intricate,Inherited Estate,36.99,35.69
Modern_Tammy_3053,Tammy Mancil,0.07,Modern,Aluminium,35.0,8.0,755.0,1975,50,Yes,Elegant,Museum Deaccession,5.19,5.44
Abstract_Elizabeth_3054,Elizabeth Duncan,0.22,Abstract,Clay,15.0,7.0,517.0,1924,101,No,Intricate,Museum Deaccession,3.4,5.1
Minimalist_Ryan_3055,Ryan Hecht,0.44,Minimalist,Clay,17.0,,1298.0,1858,167,No,Minimal,Auctioned in New York,3.13,4.45
Abstract_Marvin_3056,Marvin Hout,0.51,Abstract,Clay,26.0,12.0,2485.0,2001,24,Yes,Rustic,Acquired from Artist,6.17,8.12
Contemporary_Michael_3057,Michael Pate,0.17,Contemporary,Bronze,12.0,6.0,1487.0,1898,127,No,Vibrant,Gallery Exhibition,3.79,5.99
Baroque_William_3058,William Strickland,,Baroque,Clay,,4.0,82.0,1980,45,Yes,Rustic,Auctioned in New York,5.23,6.61
Minimalist_Ashley_3059,Ashley Chavez,0.28,Minimalist,Clay,16.0,8.0,349.0,1982,43,Yes,Vibrant,Auctioned in New York,2.09,3.21
Classical_Sue_3060,Sue Walser,,Classical,Brass,,5.0,476.0,1877,148,No,Polished,Auctioned in London,4.49,6.71
Modern_Joshua_3061,Joshua Redding,0.4,Modern,Bronze,32.0,9.0,15047.0,1850,175,No,Expressive,Private Collection,56.52,69.57
Renaissance_Brandy_3062,Brandy Jones,0.29,Renaissance,Marble,42.0,11.0,1820339.0,1903,122,No,Vibrant,Gallery Exhibition,2452.68,2607.78
Minimalist_Eileen_3063,Eileen Pratt,0.63,Minimalist,Aluminium,,15.0,2502.0,1981,44,Yes,Polished,Private Collection,13.48,18.1
Baroque_Michael_3064,Michael Smith,0.96,Baroque,Stone,25.0,11.0,,1867,158,No,Intricate,Acquired from Artist,2683.71,2854.21
Contemporary_Latasha_3065,Latasha Berrios,0.17,Contemporary,,12.0,8.0,145.0,1889,136,No,Elegant,Auctioned in London,3.78,6.23
Renaissance_Bethany_3066,Bethany Jansen,0.04,Renaissance,Bronze,20.0,,,2004,21,Yes,Rustic,Auctioned in London,12.7,12.43
Minimalist_Joshua_3067,Joshua Delgado,0.37,Minimalist,,18.0,9.0,482.0,1986,39,Yes,Elegant,Museum Deaccession,3.0,3.06
Contemporary_William_3068,William Mackey,0.73,Contemporary,Wood,9.0,5.0,100.0,1884,141,No,Polished,Auctioned in London,3.84,3.7
Renaissance_Sherry_3069,Sherry Woods,,Renaissance,Wood,3.0,3.0,16.0,1944,81,No,Polished,Auctioned in New York,4.48,4.42
Minimalist_Shelley_3070,Shelley Wiesner,0.56,Minimalist,Aluminium,39.0,12.0,3337.0,1890,135,No,Elegant,Private Collection,3.61,5.88
Renaissance_Jean_3071,Jean Roan,0.15,Renaissance,Bronze,13.0,8.0,3743.0,1877,148,No,Minimal,Museum Deaccession,4.59,6.13
Contemporary_Hung_3072,Hung Martin,0.62,Contemporary,Brass,10.0,4.0,900.0,1918,107,No,Expressive,Museum Deaccession,5.32,5.31
Baroque_Rickey_3073,Rickey Chacon,0.59,Baroque,Brass,30.0,6.0,12404.0,1879,146,No,Expressive,Gallery Exhibition,33.05,30.38
Classical_Douglas_3074,Douglas Townsend,0.43,Classical,Marble,21.0,10.0,118105.0,1944,81,No,Rustic,Museum Deaccession,970.07,924.84
Abstract_Gordon_3075,Gordon Russell,0.6,Abstract,Marble,21.0,10.0,159990.0,1941,84,No,Expressive,Acquired from Artist,1065.4,1351.99
Modern_Jorge_3076,Jorge Davis,0.14,Modern,,14.0,,42038.0,2017,8,Yes,Elegant,Acquired from Artist,108.6,113.21
Minimalist_William_3077,William Vanhorn,0.1,Minimalist,Wood,21.0,10.0,434.0,1981,44,Yes,Elegant,Auctioned in London,5.07,4.73
Classical_John_3078,John Kulick,0.55,Classical,Aluminium,21.0,10.0,610.0,1912,113,No,Intricate,Inherited Estate,4.86,4.94
Contemporary_Barbara_3079,Barbara Schaffer,0.12,Contemporary,Stone,51.0,14.0,10148222.0,1894,131,No,Polished,Museum Deaccession,18558.8,17619.63
Modern_Leonard_3080,Leonard Whalen,0.04,Modern,Wood,24.0,10.0,342.0,1854,171,No,Elegant,Auctioned in New York,3.49,3.56
Contemporary_Thomas_3081,Thomas Rosenthal,0.91,Contemporary,Brass,37.0,10.0,44596.0,1912,113,No,Elegant,Private Collection,402.66,412.29
Minimalist_Vanessa_3082,Vanessa Ramos,0.03,Minimalist,Brass,24.0,7.0,3033.0,2011,14,Yes,Rustic,Museum Deaccession,3.49,5.3
Modern_Sherry_3083,Sherry Volker,0.79,Modern,Stone,30.0,14.0,2458806.0,1858,167,No,Intricate,Acquired from Artist,9628.09,12416.18
Contemporary_Noemi_3084,Noemi Scott,0.83,Contemporary,Wood,15.0,6.0,184.0,1998,27,Yes,Vibrant,Private Collection,2.87,3.7
Minimalist_Raymond_3085,Raymond Soto,0.68,Minimalist,,46.0,12.0,873.0,1917,108,No,Rustic,Private Collection,3.92,6.5
Classical_Jimmy_3086,Jimmy Cartwright,0.47,Classical,Stone,12.0,8.0,99414.0,1879,146,No,Polished,Auctioned in London,151.15,154.15
Modern_Deborah_3087,Deborah Anders,0.43,Modern,Marble,46.0,21.0,,1902,123,No,Intricate,Gallery Exhibition,3473.36,3539.79
Minimalist_Samantha_3088,Samantha Witt,0.02,Minimalist,Bronze,20.0,9.0,5386.0,1968,57,Yes,Elegant,Acquired from Artist,4.29,5.82
Contemporary_Leslie_3089,Leslie Huntsinger,0.94,Contemporary,,31.0,,283704.0,1918,107,No,Polished,Auctioned in London,577.04,569.36
Classical_Gene_3090,Gene Krause,,Classical,Wood,29.0,14.0,770.0,1883,142,No,Rustic,Private Collection,5.27,5.55
Abstract_Toccara_3091,Toccara Gadson,0.02,Abstract,Bronze,23.0,14.0,10705.0,1898,127,No,Vibrant,Museum Deaccession,15.55,18.7
Abstract_Sophia_3092,Sophia Miller,0.53,Abstract,Aluminium,3.0,2.0,10.0,1916,109,No,Intricate,Inherited Estate,3.98,3.91
Minimalist_Gregory_3093,Gregory Vasquez,0.06,Minimalist,Wood,19.0,15.0,571.0,1938,87,No,Rustic,Inherited Estate,6.85,6.37
Classical_Idella_3094,Idella Bowell,,Classical,,13.0,6.0,36333.0,1998,27,Yes,Elegant,Museum Deaccession,69.48,89.66
Baroque_Esther_3095,Esther Enyart,0.33,Baroque,Aluminium,30.0,16.0,2011.0,1947,78,No,Elegant,Acquired from Artist,3.47,4.0
Minimalist_Sandra_3096,Sandra Ford,0.77,Minimalist,Clay,12.0,8.0,1185.0,1872,153,No,Rustic,Private Collection,2.77,3.0
Modern_Teresa_3097,Teresa Dion,0.54,Modern,Marble,20.0,12.0,306918.0,1873,152,No,Rustic,Gallery Exhibition,119.61,182.39
Minimalist_Mary_3098,Mary Sorensen,0.51,Minimalist,Bronze,3.0,3.0,51.0,1983,42,Yes,Elegant,Museum Deaccession,2.72,3.33
Abstract_Jacqueline_3099,Jacqueline Cano,0.56,Abstract,Stone,5.0,,3184.0,1867,158,No,Rustic,Acquired from Artist,3.5,4.35
Minimalist_Mark_3100,Mark Ray,0.93,Minimalist,Brass,20.0,10.0,9714.0,2017,8,Yes,Intricate,Auctioned in New York,39.32,60.7
Contemporary_Jacquelynn_3101,Jacquelynn Glover,0.31,Contemporary,Clay,24.0,9.0,2202.0,1996,29,Yes,Polished,Museum Deaccession,4.71,5.45
Renaissance_Deanna_3102,Deanna Serna,0.91,Renaissance,,18.0,13.0,1192.0,1990,35,Yes,Intricate,Private Collection,12.31,11.19
Modern_Mark_3103,Mark Miller,0.6,Modern,Aluminium,16.0,7.0,143.0,1897,128,No,Vibrant,Auctioned in New York,4.77,4.38
Contemporary_Sarah_3104,Sarah Ross,0.37,Contemporary,Aluminium,20.0,7.0,598.0,1879,146,No,Expressive,Private Collection,3.18,4.08
Contemporary_Virginia_3105,Virginia Smuin,0.5,Contemporary,Clay,3.0,2.0,16.0,1939,86,No,Intricate,Auctioned in London,5.25,5.06
Abstract_Millicent_3106,Millicent Dew,0.7,Abstract,Clay,21.0,13.0,2453.0,1948,77,No,Polished,Acquired from Artist,11.39,11.52
Abstract_Tamara_3107,Tamara Ray,0.13,Abstract,Aluminium,33.0,9.0,1527.0,1950,75,No,Rustic,Gallery Exhibition,4.46,5.43
Renaissance_Juanita_3108,Juanita Martin,0.13,Renaissance,Brass,11.0,7.0,2345.0,1904,121,No,Vibrant,Inherited Estate,6.77,6.4
Modern_Maria_3109,Maria Ireland,0.25,Modern,Aluminium,35.0,19.0,2311.0,1878,147,No,Intricate,Auctioned in New York,11.82,13.18
Contemporary_Grace_3110,Grace Parra,0.77,Contemporary,Aluminium,33.0,25.0,3390.0,1947,78,No,Rustic,Auctioned in New York,34.4,31.52
Minimalist_Patricia_3111,Patricia Goble,0.15,Minimalist,Aluminium,,6.0,406.0,1994,31,Yes,Rustic,Inherited Estate,2.9,3.45
Classical_Rebecca_3112,Rebecca Hayes,0.74,Classical,Aluminium,6.0,4.0,60.0,1857,168,No,Rustic,Gallery Exhibition,5.58,6.26
Baroque_William_3113,William Greenwood,0.42,Baroque,,20.0,11.0,265328.0,1981,44,Yes,Polished,Gallery Exhibition,473.5,442.6
Modern_Gretchen_3114,Gretchen Behr,0.31,Modern,Stone,19.0,8.0,,1936,89,No,Elegant,Auctioned in London,85.89,99.08
Minimalist_Matthew_3115,Matthew Cavazos,0.23,Minimalist,Clay,,,1337.0,1903,122,No,Rustic,Private Collection,2.61,3.01
Renaissance_Cedric_3116,Cedric Shaw,0.39,Renaissance,,9.0,4.0,,1883,142,No,Elegant,Auctioned in London,6.26,6.33
Baroque_Carolyn_3117,Carolyn Brewer,0.33,Baroque,Marble,22.0,6.0,66359.0,1910,115,No,Elegant,Auctioned in London,96.79,112.01
Modern_Amy_3118,Amy Rowland,0.47,Modern,Wood,18.0,13.0,459.0,1870,155,No,Intricate,Inherited Estate,4.32,4.32
Renaissance_Mary_3119,Mary Cargill,0.05,Renaissance,Stone,30.0,13.0,1172668.0,1922,103,No,Intricate,Gallery Exhibition,1585.36,1483.24
Abstract_Evelyn_3120,Evelyn Poole,0.62,Abstract,Marble,29.0,14.0,,2016,9,Yes,Minimal,Auctioned in London,719.57,1060.14
Baroque_Kathryn_3121,Kathryn Rieves,0.14,Baroque,Bronze,23.0,8.0,10238.0,1958,67,Yes,Intricate,Private Collection,13.33,13.81
Minimalist_Nellie_3122,Nellie Eden,0.53,Minimalist,,26.0,10.0,2903.0,1888,137,No,Rustic,Auctioned in New York,18.17,17.24
Baroque_Gary_3123,Gary Harris,0.36,Baroque,Wood,10.0,5.0,,1915,110,No,Rustic,Auctioned in New York,2.25,3.09
Baroque_Carlos_3124,Carlos Eidson,0.11,Baroque,Aluminium,34.0,20.0,2887.0,1992,33,Yes,Expressive,Auctioned in London,3.62,5.27
Renaissance_Gregorio_3125,Gregorio Taylor,0.63,Renaissance,Stone,35.0,14.0,,1851,174,No,Elegant,Auctioned in New York,13225.11,13311.62
Minimalist_Clair_3126,Clair Sanders,0.55,Minimalist,Bronze,33.0,7.0,8990.0,1864,161,No,Minimal,Gallery Exhibition,16.11,15.24
Baroque_Shaun_3127,Shaun Howe,0.39,Baroque,Aluminium,18.0,10.0,479.0,1907,118,No,Expressive,Auctioned in London,2.69,4.05
Baroque_Ada_3128,Ada Lally,0.7,Baroque,Stone,19.0,6.0,79610.0,1862,163,No,Rustic,Private Collection,302.5,343.71
Abstract_Bonnie_3129,Bonnie Bradford,0.31,Abstract,Brass,,14.0,22277.0,1924,101,No,Intricate,Inherited Estate,23.13,22.71
Contemporary_Carl_3130,Carl Spence,,Contemporary,Wood,20.0,7.0,226.0,1969,56,Yes,Polished,Gallery Exhibition,5.65,6.7
Classical_Hyo_3131,Hyo Barnes,0.79,Classical,Brass,20.0,10.0,5363.0,2010,15,Yes,Intricate,Museum Deaccession,8.36,10.23
Renaissance_Margaret_3132,Margaret Wood,0.17,Renaissance,Aluminium,23.0,6.0,759.0,1862,163,No,Rustic,Acquired from Artist,3.8,4.94
Modern_Gary_3133,Gary Teague,,Modern,Bronze,15.0,,1738.0,1896,129,No,Vibrant,Museum Deaccession,4.27,4.72
Renaissance_Walter_3134,Walter Pagan,0.61,Renaissance,Clay,15.0,6.0,778.0,1907,118,No,Intricate,Inherited Estate,2.88,4.71
Modern_Kathleen_3135,Kathleen Guinn,0.34,Modern,Wood,15.0,7.0,,1913,112,No,Polished,Inherited Estate,4.22,6.97
Classical_William_3136,William Miller,0.21,Classical,Stone,18.0,6.0,74014.0,1975,50,Yes,Expressive,Auctioned in New York,109.49,159.08
Minimalist_Misty_3137,Misty Mccard,0.62,Minimalist,Stone,30.0,11.0,445451.0,1921,104,No,Polished,Auctioned in London,540.89,698.29
Minimalist_Rita_3138,Rita Uber,0.31,Minimalist,Marble,12.0,7.0,22955.0,1952,73,Yes,Minimal,Auctioned in New York,66.73,67.69
Minimalist_Linda_3139,Linda Ludwig,0.42,Minimalist,Aluminium,47.0,20.0,7922.0,1884,141,No,Expressive,Auctioned in New York,8.14,11.35
Abstract_Travis_3140,Travis Barker,,Abstract,,,26.0,18571.0,2013,12,Yes,Minimal,Museum Deaccession,54.08,64.83
Minimalist_Brian_3141,Brian Flynn,0.31,Minimalist,Brass,37.0,18.0,125571.0,1959,66,Yes,Elegant,Acquired from Artist,450.73,419.14
Minimalist_Michael_3142,Michael Franklin,0.71,Minimalist,Stone,8.0,4.0,4824.0,1934,91,No,Intricate,Inherited Estate,17.24,16.89
Renaissance_Mattie_3143,Mattie Day,0.08,Renaissance,Stone,6.0,5.0,5222.0,1861,164,No,Elegant,Private Collection,7.6,7.55
Abstract_Lavonne_3144,Lavonne Driscoll,0.83,Abstract,Marble,50.0,30.0,11811959.0,1919,106,No,Expressive,Acquired from Artist,62621.62,73407.35
Minimalist_Donald_3145,Donald Demateo,0.05,Minimalist,Marble,,,959383.0,1949,76,No,Expressive,Acquired from Artist,961.87,1522.8
Minimalist_Michael_3146,Michael Chambers,0.17,Minimalist,Bronze,37.0,14.0,28060.0,1858,167,No,Polished,Auctioned in London,17.87,27.83
Classical_Michael_3147,Michael Trujillo,0.12,Classical,Stone,13.0,6.0,64689.0,1996,29,Yes,Vibrant,Inherited Estate,86.61,112.03
Contemporary_Frances_3148,Frances Kelley,0.91,Contemporary,Bronze,25.0,,2900.0,2008,17,Yes,Expressive,Private Collection,11.37,11.64
Classical_Marvin_3149,Marvin Paradise,0.72,Classical,Clay,33.0,11.0,4481.0,1910,115,No,Vibrant,Museum Deaccession,4.47,5.22
Baroque_Sara_3150,Sara Cooper,0.9,Baroque,Wood,34.0,12.0,677.0,2009,16,Yes,Rustic,Private Collection,6.47,6.18
Contemporary_Melanie_3151,Melanie Delligatti,0.38,Contemporary,Clay,14.0,6.0,770.0,1988,37,Yes,Minimal,Auctioned in London,3.19,3.2
Abstract_Sherrie_3152,Sherrie Feltus,0.1,Abstract,Stone,10.0,5.0,12676.0,1938,87,No,Rustic,Museum Deaccession,33.73,37.09
Contemporary_Katherine_3153,Katherine Shank,,Contemporary,Brass,16.0,7.0,4313.0,1928,97,No,Elegant,Auctioned in New York,11.48,18.31
Modern_Nicholas_3154,Nicholas Mealy,0.8,Modern,,4.0,,93.0,1897,128,No,Rustic,Inherited Estate,5.5,6.33
Contemporary_Jesus_3155,Jesus Willett,0.2,Contemporary,Aluminium,16.0,7.0,,1988,37,Yes,Vibrant,Private Collection,4.68,5.66
Classical_Billie_3156,Billie Mclaughlin,0.62,Classical,Brass,38.0,17.0,116226.0,1969,56,Yes,Vibrant,Gallery Exhibition,48.89,59.84
Minimalist_Robert_3157,Robert Castro,0.98,Minimalist,Brass,21.0,7.0,,2005,20,Yes,Minimal,Acquired from Artist,6.63,10.58
Abstract_Maria_3158,Maria Burnham,,Abstract,Aluminium,18.0,9.0,728.0,2015,10,Yes,Rustic,Gallery Exhibition,5.62,6.7
Baroque_Stephen_3159,Stephen Ulrich,0.2,Baroque,,14.0,7.0,129.0,1870,155,No,Intricate,Gallery Exhibition,3.82,3.74
Abstract_William_3160,William Moore,0.5,Abstract,,4.0,3.0,496.0,1903,122,No,Expressive,Acquired from Artist,7.0,6.78
Renaissance_Joe_3161,Joe Fleming,0.28,Renaissance,Aluminium,33.0,17.0,2601.0,1851,174,No,Vibrant,Auctioned in New York,10.95,14.49
Renaissance_Mark_3162,Mark Rios,0.65,Renaissance,Brass,14.0,7.0,3965.0,1949,76,No,Expressive,Museum Deaccession,19.46,28.93
Abstract_Melanie_3163,Melanie Prieto,0.59,Abstract,Aluminium,33.0,13.0,,1959,66,Yes,Polished,Inherited Estate,5.25,5.13
Contemporary_John_3164,John Watts,0.74,Contemporary,Marble,24.0,10.0,352969.0,1959,66,Yes,Expressive,Museum Deaccession,1273.7,1638.53
Abstract_David_3165,David Morehead,0.24,Abstract,Clay,29.0,11.0,2311.0,1995,30,Yes,Elegant,Museum Deaccession,4.1,5.76
Abstract_Gary_3166,Gary Fuller,0.46,Abstract,Bronze,41.0,23.0,80601.0,1964,61,Yes,Expressive,Inherited Estate,297.0,394.53
Renaissance_Karen_3167,Karen Terry,0.04,Renaissance,Brass,23.0,9.0,14301.0,1896,129,No,Polished,Museum Deaccession,2.3,3.12
Contemporary_Norma_3168,Norma Lawson,0.48,Contemporary,Stone,8.0,4.0,5164.0,1921,104,No,Intricate,Inherited Estate,22.54,22.36
Abstract_Alma_3169,Alma Matthews,0.63,Abstract,Marble,26.0,6.0,75479.0,1937,88,No,Polished,Auctioned in New York,226.75,261.2
Contemporary_John_3170,John Herbst,0.35,Contemporary,Aluminium,27.0,11.0,2318.0,1851,174,No,Intricate,Museum Deaccession,5.84,6.02
Renaissance_Lindsay_3171,Lindsay Lacey,0.59,Renaissance,Aluminium,45.0,,4519.0,1941,84,No,Elegant,Auctioned in London,8.48,10.81
Baroque_Leslie_3172,Leslie Childers,,Baroque,,17.0,8.0,10055.0,1862,163,No,Expressive,Gallery Exhibition,13.61,16.06
Abstract_Kathy_3173,Kathy Martel,0.27,Abstract,,32.0,7.0,303.0,1861,164,No,Minimal,Museum Deaccession,3.1,3.56
Modern_Thomas_3174,Thomas Pabon,0.11,Modern,,21.0,6.0,,1888,137,No,Minimal,Acquired from Artist,4.12,5.04
Baroque_Lillian_3175,Lillian Jones,0.68,Baroque,Aluminium,25.0,9.0,880.0,1905,120,No,Vibrant,Auctioned in London,3.63,5.46
Renaissance_Esther_3176,Esther Janusz,0.13,Renaissance,Stone,16.0,8.0,,2007,18,Yes,Expressive,Private Collection,297.86,439.24
Renaissance_Patricia_3177,Patricia Jennings,0.6,Renaissance,Stone,13.0,8.0,67826.0,1916,109,No,Expressive,Inherited Estate,241.9,286.54
Abstract_Edward_3178,Edward Domhoff,,Abstract,Wood,39.0,12.0,466.0,1887,138,No,Polished,Auctioned in London,6.35,6.8
Baroque_Emory_3179,Emory Scott,0.65,Baroque,Clay,12.0,6.0,,1867,158,No,Vibrant,Auctioned in New York,6.36,6.27
Abstract_Matthew_3180,Matthew Mcallen,0.7,Abstract,Wood,,8.0,220.0,1904,121,No,Polished,Auctioned in New York,4.43,5.32
Minimalist_Shirley_3181,Shirley Walthall,0.16,Minimalist,Stone,35.0,16.0,3964354.0,1992,33,Yes,Polished,Auctioned in New York,10058.19,12767.33
Renaissance_Robert_3182,Robert Davis,,Renaissance,Bronze,5.0,5.0,189.0,1980,45,Yes,Rustic,Auctioned in London,5.04,6.86
Renaissance_Sara_3183,Sara Carter,0.43,Renaissance,,,13.0,4210076.0,1994,31,Yes,Expressive,Private Collection,6707.09,9154.07
Classical_Karey_3184,Karey Moore,,Classical,,15.0,,74065.0,1887,138,No,Minimal,Private Collection,178.47,234.74
Modern_Tony_3185,Tony Sharkey,0.53,Modern,Wood,18.0,11.0,363.0,1938,87,No,Rustic,Private Collection,5.28,5.49
Baroque_Alan_3186,Alan Rhoades,0.92,Baroque,Brass,6.0,5.0,,1854,171,No,Vibrant,Acquired from Artist,3.11,4.82
Contemporary_Jennifer_3187,Jennifer Oldenburg,0.84,Contemporary,Aluminium,43.0,16.0,3968.0,1962,63,Yes,Intricate,Museum Deaccession,5.3,6.28
Minimalist_Jennifer_3188,Jennifer Palmer,0.36,Minimalist,Aluminium,30.0,12.0,1609.0,1939,86,No,Polished,Auctioned in New York,3.69,5.48
Contemporary_Allison_3189,Allison Myhre,0.34,Contemporary,,34.0,11.0,805828.0,1969,56,Yes,Vibrant,Auctioned in New York,1004.84,1624.58
Renaissance_Beverly_3190,Beverly Howard,0.55,Renaissance,Brass,31.0,14.0,43540.0,1951,74,Yes,Elegant,Auctioned in New York,86.61,135.0
Renaissance_Louis_3191,Louis Salsman,0.58,Renaissance,Clay,24.0,10.0,2273.0,1959,66,Yes,Minimal,Gallery Exhibition,5.22,5.45
Abstract_Joan_3192,Joan Garcia,0.65,Abstract,Stone,12.0,6.0,20314.0,1888,137,No,Intricate,Inherited Estate,30.16,49.81
Baroque_Evan_3193,Evan Hart,0.29,Baroque,Stone,38.0,20.0,8214668.0,1943,82,No,Minimal,Auctioned in New York,4459.02,6665.25
Contemporary_Isabel_3194,Isabel Morales,0.19,Contemporary,Wood,,8.0,203.0,1931,94,No,Elegant,Auctioned in London,5.76,5.5
Classical_Ryan_3195,Ryan Hill,0.48,Classical,Clay,9.0,4.0,133.0,2000,25,Yes,Minimal,Auctioned in New York,4.28,5.01
Minimalist_Kristy_3196,Kristy Rubalcava,0.66,Minimalist,Clay,45.0,29.0,31841.0,1883,142,No,Intricate,Inherited Estate,287.2,280.78
Abstract_Amy_3197,Amy Smith,0.05,Abstract,Marble,22.0,16.0,381349.0,1872,153,No,Vibrant,Gallery Exhibition,898.62,1394.74
Baroque_Maria_3198,Maria Troy,0.3,Baroque,,,10.0,16084.0,1855,170,No,Intricate,Auctioned in London,29.3,47.76
Abstract_Mary_3199,Mary Peterson,0.78,Abstract,Bronze,12.0,8.0,895.0,1983,42,Yes,Elegant,Inherited Estate,3.76,4.34
Modern_Tina_3200,Tina Smith,0.36,Modern,Brass,18.0,6.0,5881.0,1918,107,No,Expressive,Private Collection,9.31,14.1
Abstract_Maria_3201,Maria Wiggins,0.05,Abstract,Marble,6.0,,1311.0,1920,105,No,Minimal,Private Collection,2.52,3.51
Contemporary_Judith_3202,Judith Richards,0.44,Contemporary,Stone,12.0,,52934.0,2009,16,Yes,Rustic,Auctioned in New York,222.5,287.8
Classical_Gail_3203,Gail Bell,0.1,Classical,Marble,29.0,11.0,490720.0,1906,119,No,Intricate,Museum Deaccession,286.96,273.47
Abstract_Ahmed_3204,Ahmed Smith,0.19,Abstract,Bronze,22.0,9.0,6290.0,1983,42,Yes,Rustic,Acquired from Artist,22.08,26.58
Modern_Abby_3205,Abby Gonzales,0.6,Modern,Aluminium,17.0,7.0,474.0,1856,169,No,Rustic,Inherited Estate,4.31,4.91
Renaissance_Joshua_3206,Joshua Bush,0.79,Renaissance,Stone,12.0,6.0,42909.0,1881,144,No,Intricate,Acquired from Artist,120.7,152.83
Abstract_Jaqueline_3207,Jaqueline Carella,0.46,Abstract,Brass,16.0,7.0,4392.0,1919,106,No,Vibrant,Inherited Estate,6.69,6.26
Minimalist_Paul_3208,Paul Burrell,0.1,Minimalist,Bronze,22.0,11.0,5178.0,1928,97,No,Minimal,Private Collection,13.21,17.44
Classical_Barbara_3209,Barbara Cooper,0.44,Classical,Aluminium,5.0,3.0,39.0,1932,93,No,Minimal,Museum Deaccession,4.24,4.49
Minimalist_Rose_3210,Rose Lindley,0.59,Minimalist,Brass,,6.0,16076.0,1861,164,No,Intricate,Gallery Exhibition,37.74,46.95
Abstract_Jeffrey_3211,Jeffrey Bedard,,Abstract,Bronze,10.0,5.0,598.0,2018,7,Yes,Rustic,Acquired from Artist,3.93,4.71
Classical_Ralph_3212,Ralph Denning,0.72,Classical,,5.0,5.0,78.0,1931,94,No,Vibrant,Auctioned in New York,6.39,6.19
Modern_Ethel_3213,Ethel Hutchinson,0.7,Modern,Brass,17.0,8.0,8439.0,1965,60,Yes,Intricate,Museum Deaccession,50.21,74.37
Renaissance_Jeffrey_3214,Jeffrey Osborn,0.54,Renaissance,Marble,28.0,,1597503.0,1935,90,No,Polished,Auctioned in London,3025.56,4942.86
Modern_Richard_3215,Richard Dyer,0.33,Modern,Wood,27.0,9.0,242.0,1943,82,No,Rustic,Acquired from Artist,6.65,6.11
Classical_Stanley_3216,Stanley Plumley,0.12,Classical,Marble,6.0,5.0,2932.0,1858,167,No,Intricate,Inherited Estate,6.28,5.8
Minimalist_Amanda_3217,Amanda Larkins,0.63,Minimalist,Wood,13.0,7.0,141.0,1873,152,No,Rustic,Auctioned in New York,5.76,5.81
Classical_Shane_3218,Shane Blakeley,0.78,Classical,Wood,4.0,4.0,28.0,2000,25,Yes,Minimal,Acquired from Artist,5.42,6.42
Modern_Christopher_3219,Christopher Ramon,0.9,Modern,Brass,32.0,16.0,62438.0,1863,162,No,Expressive,Auctioned in New York,337.41,444.91
Modern_Ngan_3220,Ngan Culver,0.02,Modern,Brass,21.0,11.0,14181.0,1961,64,Yes,Minimal,Auctioned in New York,16.34,23.53
Modern_Jerry_3221,Jerry Hunt,0.68,Modern,Aluminium,4.0,4.0,33.0,2011,14,Yes,Minimal,Inherited Estate,5.64,5.32
Minimalist_Brad_3222,Brad Strom,0.68,Minimalist,Clay,24.0,9.0,2462.0,1942,83,No,Intricate,Private Collection,7.13,7.14
Minimalist_Jennifer_3223,Jennifer Wright,0.78,Minimalist,Bronze,22.0,15.0,9711.0,1869,156,No,Polished,Acquired from Artist,22.18,24.83
Contemporary_Karen_3224,Karen Kou,0.34,Contemporary,Bronze,,8.0,,2003,22,Yes,Polished,Gallery Exhibition,4.93,6.29
Baroque_Thomas_3225,Thomas Mitchell,0.44,Baroque,Stone,13.0,6.0,62796.0,2002,23,Yes,Rustic,Acquired from Artist,188.96,194.76
Renaissance_Rose_3226,Rose Dargis,0.72,Renaissance,Clay,19.0,6.0,910.0,1860,165,No,Rustic,Acquired from Artist,5.01,5.37
Abstract_Francis_3227,Francis Winkle,0.77,Abstract,Clay,34.0,9.0,2511.0,1891,134,No,Elegant,Auctioned in New York,8.76,12.32
Abstract_Kim_3228,Kim Rivera,0.39,Abstract,Aluminium,13.0,6.0,321.0,1860,165,No,Vibrant,Auctioned in London,4.23,4.64
Classical_Autumn_3229,Autumn Young,0.41,Classical,Bronze,6.0,4.0,283.0,1903,122,No,Rustic,Inherited Estate,3.02,3.97
Minimalist_Joseph_3230,Joseph Cyrus,0.16,Minimalist,Bronze,26.0,9.0,,1869,156,No,Polished,Acquired from Artist,23.79,30.44
Modern_Raven_3231,Raven Tyson,0.31,Modern,Clay,4.0,,60.0,1850,175,No,Polished,Acquired from Artist,3.75,3.66
Abstract_Jose_3232,Jose Szymansky,0.69,Abstract,Clay,21.0,7.0,1794.0,1971,54,Yes,Minimal,Acquired from Artist,4.35,4.9
Minimalist_Bertha_3233,Bertha Ford,0.61,Minimalist,Aluminium,14.0,8.0,296.0,1875,150,No,Intricate,Gallery Exhibition,2.83,4.21
Baroque_Tina_3234,Tina Hannon,0.87,Baroque,Marble,25.0,9.0,,1908,117,No,Vibrant,Auctioned in New York,1250.37,1182.5
Minimalist_Louie_3235,Louie Biasi,0.47,Minimalist,Bronze,24.0,10.0,12107.0,1867,158,No,Intricate,Private Collection,13.18,21.73
Abstract_Noreen_3236,Noreen Leonard,0.93,Abstract,,48.0,,1995643.0,1990,35,Yes,Rustic,Auctioned in New York,1656.22,2027.92
Baroque_Catherine_3237,Catherine Everhart,0.77,Baroque,Marble,4.0,4.0,,1986,39,Yes,Polished,Private Collection,1.83,3.02
Classical_Stacey_3238,Stacey Phillips,0.52,Classical,,11.0,6.0,18765.0,1953,72,Yes,Elegant,Private Collection,28.06,26.38
Abstract_Kim_3239,Kim Shull,,Abstract,,15.0,6.0,406.0,1861,164,No,Vibrant,Private Collection,4.31,4.5
Renaissance_Pete_3240,Pete Caldwell,0.09,Renaissance,Bronze,19.0,8.0,4071.0,2012,13,Yes,Polished,Museum Deaccession,4.93,5.47
Abstract_Corinne_3241,Corinne Olmeda,0.75,Abstract,Stone,47.0,7.0,1044578.0,1905,120,No,Vibrant,Inherited Estate,3757.79,4127.9
Abstract_Frances_3242,Frances Favero,0.37,Abstract,Clay,40.0,15.0,10814.0,1986,39,Yes,Elegant,Inherited Estate,29.02,31.52
Renaissance_John_3243,John Robuck,0.62,Renaissance,Brass,20.0,9.0,14995.0,1899,126,No,Minimal,Auctioned in New York,33.11,50.32
Renaissance_David_3244,David Gagliano,0.13,Renaissance,Wood,,6.0,80.0,1884,141,No,Rustic,Museum Deaccession,3.67,3.61
Classical_Susan_3245,Susan Clarke,0.13,Classical,Wood,28.0,9.0,351.0,1856,169,No,Elegant,Auctioned in London,2.62,4.11
Renaissance_Harry_3246,Harry Farquhar,0.16,Renaissance,Bronze,9.0,5.0,519.0,1898,127,No,Vibrant,Museum Deaccession,5.14,6.14
Renaissance_Evelyn_3247,Evelyn Waddell,0.79,Renaissance,Clay,30.0,10.0,1511.0,1956,69,Yes,Minimal,Museum Deaccession,8.22,9.49
Contemporary_James_3248,James Oconnell,0.65,Contemporary,,17.0,,6099.0,1918,107,No,Intricate,Private Collection,19.7,28.04
Contemporary_Cindy_3249,Cindy Lamar,0.25,Contemporary,Wood,21.0,6.0,220.0,1984,41,Yes,Polished,Acquired from Artist,4.16,4.11
Classical_Scott_3250,Scott Richards,0.42,Classical,Aluminium,36.0,18.0,5222.0,2004,21,Yes,Expressive,Acquired from Artist,8.62,8.35
Minimalist_Evelyn_3251,Evelyn Lofquist,0.38,Minimalist,Clay,26.0,10.0,,1860,165,No,Minimal,Auctioned in New York,6.54,6.1
Contemporary_Karl_3252,Karl Smith,,Contemporary,Aluminium,23.0,8.0,780.0,1862,163,No,Vibrant,Auctioned in New York,3.43,3.23
Baroque_Kerrie_3253,Kerrie Greis,0.16,Baroque,Marble,20.0,9.0,116422.0,2018,7,Yes,Expressive,Acquired from Artist,79.83,82.83
Minimalist_Martha_3254,Martha Orcutt,0.53,Minimalist,Stone,23.0,6.0,90258.0,1884,141,No,Elegant,Auctioned in London,204.22,215.68
Abstract_Todd_3255,Todd Pope,0.69,Abstract,Clay,29.0,11.0,5805.0,2007,18,Yes,Polished,Auctioned in New York,21.16,26.15
Minimalist_Elaine_3256,Elaine Shirah,0.29,Minimalist,Wood,25.0,9.0,384.0,1935,90,No,Minimal,Private Collection,2.05,3.14
Renaissance_Elizabeth_3257,Elizabeth Alexander,0.1,Renaissance,Bronze,31.0,12.0,19105.0,1871,154,No,Polished,Auctioned in London,33.03,35.4
Baroque_Eva_3258,Eva Prentice,0.51,Baroque,Aluminium,,6.0,,1855,170,No,Intricate,Gallery Exhibition,2.38,3.52
Minimalist_Ronald_3259,Ronald Jackson,0.09,Minimalist,Brass,35.0,11.0,34085.0,2003,22,Yes,Minimal,Auctioned in London,82.72,84.71
Minimalist_David_3260,David Foster,0.78,Minimalist,Stone,30.0,13.0,2708726.0,1967,58,Yes,Elegant,Auctioned in London,14019.1,15410.87
Contemporary_Susan_3261,Susan Huang,0.17,Contemporary,Aluminium,36.0,21.0,7114.0,1908,117,No,Rustic,Auctioned in London,11.58,13.52
Minimalist_Philip_3262,Philip Lake,0.24,Minimalist,Marble,39.0,15.0,2220506.0,1983,42,Yes,Rustic,Acquired from Artist,1443.3,1662.11
Contemporary_Mary_3263,Mary Stewart,0.39,Contemporary,Brass,25.0,10.0,23399.0,1997,28,Yes,Minimal,Museum Deaccession,29.11,40.28
Minimalist_Lauren_3264,Lauren Adams,0.23,Minimalist,Marble,49.0,14.0,2810985.0,1892,133,No,Expressive,Gallery Exhibition,4475.09,6821.95
Baroque_Patrick_3265,Patrick Gall,0.16,Baroque,Brass,27.0,11.0,23792.0,1850,175,No,Intricate,Inherited Estate,41.22,49.28
Renaissance_Amy_3266,Amy Smith,0.14,Renaissance,Aluminium,38.0,13.0,3643.0,1988,37,Yes,Vibrant,Inherited Estate,5.75,5.73
Minimalist_Betty_3267,Betty Linsley,0.79,Minimalist,Brass,12.0,6.0,2218.0,1972,53,Yes,Vibrant,Gallery Exhibition,9.49,9.03
Renaissance_Bryan_3268,Bryan Hickerson,0.19,Renaissance,Brass,19.0,9.0,6441.0,1863,162,No,Polished,Private Collection,5.5,5.47
Contemporary_Cindy_3269,Cindy Smith,0.53,Contemporary,Aluminium,9.0,4.0,144.0,2000,25,Yes,Rustic,Acquired from Artist,3.37,5.42
Abstract_Rose_3270,Rose Plata,,Abstract,Marble,16.0,,47074.0,2007,18,Yes,Intricate,Gallery Exhibition,57.29,63.98
Contemporary_Jill_3271,Jill Akin,0.58,Contemporary,,8.0,5.0,164.0,1957,68,Yes,Elegant,Private Collection,2.53,3.88
Classical_Debra_3272,Debra Herrera,0.39,Classical,Brass,10.0,4.0,1322.0,1864,161,No,Vibrant,Auctioned in London,2.96,4.18
Classical_Jody_3273,Jody Surface,0.25,Classical,Clay,25.0,8.0,2059.0,1990,35,Yes,Minimal,Auctioned in New York,6.92,7.98
Minimalist_Kim_3274,Kim Watkins,0.57,Minimalist,Clay,40.0,23.0,21377.0,1907,118,No,Elegant,Auctioned in New York,9.64,12.53
Minimalist_Maria_3275,Maria Mccarthy,0.61,Minimalist,Stone,31.0,8.0,,1893,132,No,Vibrant,Gallery Exhibition,1252.6,1173.81
Renaissance_Frederick_3276,Frederick Robinson,0.28,Renaissance,Aluminium,6.0,4.0,78.0,1996,29,Yes,Expressive,Auctioned in New York,4.04,4.08
Abstract_Thomas_3277,Thomas Chapman,,Abstract,Aluminium,,17.0,1529.0,1971,54,Yes,Vibrant,Museum Deaccession,3.12,4.08
Modern_Mitchell_3278,Mitchell Withem,0.2,Modern,Bronze,,4.0,178.0,1999,26,Yes,Minimal,Acquired from Artist,4.25,5.75
Renaissance_Josh_3279,Josh Riley,0.89,Renaissance,Clay,46.0,9.0,7985.0,1944,81,No,Rustic,Private Collection,16.33,20.1
Minimalist_Nathan_3280,Nathan Chavis,0.71,Minimalist,,12.0,7.0,26564.0,1860,165,No,Elegant,Private Collection,118.59,165.69
Contemporary_Jamal_3281,Jamal Delia,0.77,Contemporary,,,8.0,4283.0,1964,61,Yes,Expressive,Private Collection,10.4,16.88
Contemporary_Nelson_3282,Nelson Bledsoe,0.02,Contemporary,Wood,55.0,12.0,1471.0,1872,153,No,Vibrant,Auctioned in London,4.26,5.01
Renaissance_Nicole_3283,Nicole Bartlett,0.46,Renaissance,Bronze,9.0,5.0,,1937,88,No,Elegant,Acquired from Artist,3.15,3.44
Contemporary_Christine_3284,Christine Lozada,0.24,Contemporary,Brass,9.0,5.0,1539.0,2001,24,Yes,Minimal,Private Collection,7.03,6.45
Abstract_Elizabeth_3285,Elizabeth Schillinger,,Abstract,Bronze,22.0,12.0,10438.0,2005,20,Yes,Vibrant,Gallery Exhibition,36.53,51.28
Minimalist_Jeanette_3286,Jeanette Smith,0.76,Minimalist,Clay,24.0,12.0,,1875,150,No,Expressive,Museum Deaccession,33.57,35.16
Baroque_Victor_3287,Victor Pierce,0.95,Baroque,Bronze,38.0,14.0,21260.0,1910,115,No,Polished,Acquired from Artist,58.62,87.88
Baroque_Reyna_3288,Reyna Baldwin,0.74,Baroque,Aluminium,23.0,11.0,1172.0,1865,160,No,Expressive,Gallery Exhibition,3.24,5.19
Classical_Ashlee_3289,Ashlee Range,,Classical,Marble,25.0,17.0,909326.0,1947,78,No,Rustic,Inherited Estate,693.14,855.3
Renaissance_Jillian_3290,Jillian Cubbage,0.59,Renaissance,Brass,14.0,7.0,3605.0,1923,102,No,Vibrant,Inherited Estate,11.38,14.01
Abstract_Sonya_3291,Sonya Simmons,0.7,Abstract,Stone,36.0,,4835745.0,1969,56,Yes,Polished,Auctioned in New York,11026.69,13978.42
Minimalist_Edison_3292,Edison Ochs,0.33,Minimalist,,,4.0,90.0,2014,11,Yes,Rustic,Auctioned in New York,5.64,5.35
Abstract_Sheila_3293,Sheila Kroll,0.38,Abstract,Brass,31.0,25.0,132422.0,1940,85,No,Polished,Auctioned in New York,198.8,275.23
Classical_Barbara_3294,Barbara Vanleer,0.2,Classical,Bronze,43.0,19.0,,1865,160,No,Intricate,Acquired from Artist,93.42,114.21
Baroque_Joe_3295,Joe Hemberger,0.53,Baroque,Brass,8.0,5.0,,2009,16,Yes,Vibrant,Acquired from Artist,5.85,5.55
Minimalist_Frederick_3296,Frederick Flores,0.33,Minimalist,,36.0,7.0,13573.0,1935,90,No,Expressive,Inherited Estate,6.16,8.83
Modern_Mark_3297,Mark Drew,0.85,Modern,Bronze,21.0,16.0,,2006,19,Yes,Expressive,Private Collection,112.81,127.24
Abstract_Bonnie_3298,Bonnie Johnson,0.22,Abstract,Marble,6.0,5.0,2708.0,1913,112,No,Expressive,Auctioned in London,9.62,10.79
Baroque_Shirley_3299,Shirley Mays,0.77,Baroque,Stone,,6.0,85362.0,1991,34,Yes,Polished,Inherited Estate,489.92,626.33
Contemporary_Javier_3300,Javier Espino,0.53,Contemporary,Brass,6.0,5.0,739.0,1942,83,No,Intricate,Private Collection,3.1,4.96
Modern_Eddie_3301,Eddie Rodriguez,0.52,Modern,Wood,7.0,4.0,45.0,1861,164,No,Rustic,Gallery Exhibition,2.96,4.83
Minimalist_Sandra_3302,Sandra Farlow,0.34,Minimalist,Marble,17.0,11.0,56742.0,1965,60,Yes,Rustic,Auctioned in New York,204.62,199.64
Abstract_Garry_3303,Garry Snowden,0.55,Abstract,Stone,20.0,7.0,186299.0,1977,48,Yes,Expressive,Inherited Estate,265.87,347.9
Contemporary_James_3304,James Page,0.37,Contemporary,Wood,22.0,13.0,689.0,1947,78,No,Intricate,Private Collection,2.02,3.04
Renaissance_James_3305,James Hinson,0.24,Renaissance,Aluminium,36.0,16.0,2425.0,1950,75,No,Polished,Private Collection,5.11,6.45
Modern_Johnny_3306,Johnny Campos,0.91,Modern,Wood,37.0,11.0,595.0,1977,48,Yes,Elegant,Inherited Estate,5.04,5.03
Modern_Gregory_3307,Gregory Ruffin,0.88,Modern,Bronze,32.0,16.0,31271.0,1940,85,No,Elegant,Acquired from Artist,38.78,55.47
Abstract_Andrea_3308,Andrea Garcia,0.72,Abstract,Marble,8.0,4.0,4796.0,1972,53,Yes,Expressive,Museum Deaccession,23.26,27.44
Contemporary_Ryan_3309,Ryan Hensley,,Contemporary,Wood,33.0,13.0,1072.0,1970,55,Yes,Intricate,Inherited Estate,3.93,4.13
Minimalist_Harold_3310,Harold Anthony,0.08,Minimalist,Clay,30.0,13.0,4921.0,1929,96,No,Vibrant,Auctioned in New York,16.47,16.38
Classical_Joseph_3311,Joseph Obradovich,0.21,Classical,Brass,11.0,8.0,3249.0,2017,8,Yes,Intricate,Museum Deaccession,3.52,5.37
Abstract_Barry_3312,Barry Elliam,0.33,Abstract,Bronze,8.0,4.0,194.0,1976,49,Yes,Polished,Inherited Estate,4.35,6.24
Contemporary_Constance_3313,Constance Green,0.29,Contemporary,Wood,24.0,13.0,,1941,84,No,Polished,Acquired from Artist,2.79,3.02
Contemporary_Leslie_3314,Leslie Costley,0.24,Contemporary,Bronze,19.0,14.0,15872.0,1885,140,No,Minimal,Inherited Estate,23.52,23.98
Minimalist_Ruby_3315,Ruby Reliford,0.2,Minimalist,Clay,12.0,7.0,398.0,1946,79,No,Elegant,Museum Deaccession,5.02,5.3
Classical_Michael_3316,Michael Reed,0.72,Classical,Wood,24.0,8.0,171.0,1974,51,Yes,Rustic,Acquired from Artist,4.06,4.18
Modern_Aida_3317,Aida Gaffey,0.41,Modern,Clay,22.0,13.0,4438.0,1975,50,Yes,Polished,Acquired from Artist,8.22,8.98
Renaissance_Leah_3318,Leah Olivera,0.26,Renaissance,Marble,16.0,8.0,66693.0,1929,96,No,Rustic,Museum Deaccession,79.23,121.11
Baroque_Linda_3319,Linda Vargas,0.25,Baroque,Bronze,34.0,,24845.0,1921,104,No,Intricate,Auctioned in London,19.44,31.32
Baroque_Dana_3320,Dana Banks,0.8,Baroque,,61.0,28.0,7379.0,1974,51,Yes,Polished,Auctioned in New York,12.24,19.17
Abstract_Helen_3321,Helen Hunter,0.17,Abstract,Clay,12.0,7.0,442.0,1952,73,Yes,Vibrant,Auctioned in London,3.5,5.23
Modern_Susan_3322,Susan Leach,0.09,Modern,Stone,32.0,12.0,1484797.0,1850,175,No,Polished,Private Collection,2202.65,2800.1
Baroque_Jessica_3323,Jessica Gage,0.13,Baroque,Clay,31.0,17.0,7076.0,1964,61,Yes,Elegant,Gallery Exhibition,7.02,7.65
Minimalist_Ashley_3324,Ashley Henry,0.7,Minimalist,Marble,34.0,11.0,491322.0,1879,146,No,Minimal,Acquired from Artist,809.02,1025.5
Baroque_Muriel_3325,Muriel Dudek,0.64,Baroque,Marble,37.0,7.0,268520.0,1956,69,Yes,Vibrant,Gallery Exhibition,294.13,272.18
Classical_Joe_3326,Joe Diver,0.54,Classical,Clay,26.0,12.0,4427.0,1966,59,Yes,Elegant,Inherited Estate,7.99,11.84
Minimalist_Robert_3327,Robert Ackies,0.97,Minimalist,Aluminium,39.0,15.0,3305.0,1861,164,No,Intricate,Gallery Exhibition,26.18,40.21
Abstract_Leslie_3328,Leslie Winchester,0.5,Abstract,Marble,47.0,11.0,1053064.0,1883,142,No,Polished,Private Collection,3443.89,3759.98
Minimalist_Mike_3329,Mike Hill,0.6,Minimalist,Wood,42.0,6.0,272.0,1897,128,No,Expressive,Auctioned in New York,2.35,3.05
Renaissance_Julie_3330,Julie Wright,0.61,Renaissance,,18.0,6.0,57952.0,1877,148,No,Polished,Acquired from Artist,292.21,377.43
Classical_Robin_3331,Robin Semler,0.48,Classical,,19.0,,224.0,1891,134,No,Expressive,Inherited Estate,4.58,6.04
Abstract_Marla_3332,Marla Seaman,0.32,Abstract,,26.0,11.0,13638.0,1953,72,Yes,Intricate,Acquired from Artist,19.54,19.71
Contemporary_Tawana_3333,Tawana Williams,0.44,Contemporary,Wood,20.0,,159.0,1931,94,No,Rustic,Auctioned in London,3.59,4.41
Abstract_Vernon_3334,Vernon Kelly,0.17,Abstract,Brass,19.0,8.0,11943.0,1952,73,Yes,Rustic,Auctioned in New York,4.2,6.53
Modern_Fannie_3335,Fannie Doss,0.5,Modern,Bronze,8.0,4.0,515.0,1876,149,No,Elegant,Museum Deaccession,3.74,5.66
Baroque_Mary_3336,Mary Stamps,0.48,Baroque,Bronze,27.0,7.0,6993.0,1896,129,No,Vibrant,Acquired from Artist,4.02,6.27
Contemporary_Patti_3337,Patti Ostrzyeki,0.78,Contemporary,Brass,9.0,5.0,684.0,1925,100,No,Polished,Auctioned in London,6.23,6.21
Contemporary_James_3338,James Polanco,0.33,Contemporary,Wood,31.0,15.0,758.0,1930,95,No,Elegant,Museum Deaccession,3.22,4.39
Renaissance_Deena_3339,Deena Jacobsen,0.25,Renaissance,Bronze,21.0,,9826.0,2007,18,Yes,Rustic,Gallery Exhibition,33.54,42.35
Modern_Jose_3340,Jose Trimble,0.1,Modern,Aluminium,19.0,8.0,422.0,1905,120,No,Elegant,Museum Deaccession,5.15,6.68
Classical_Larry_3341,Larry Means,0.66,Classical,,35.0,8.0,23960.0,1928,97,No,Vibrant,Acquired from Artist,125.98,126.29
Baroque_Daniel_3342,Daniel Weech,0.71,Baroque,Stone,45.0,26.0,20346568.0,1854,171,No,Rustic,Museum Deaccession,37284.38,36882.7
Baroque_James_3343,James Thomas,0.86,Baroque,Aluminium,10.0,5.0,237.0,1876,149,No,Intricate,Acquired from Artist,4.69,5.42
Renaissance_Peggy_3344,Peggy Burt,,Renaissance,Aluminium,4.0,3.0,34.0,1937,88,No,Vibrant,Gallery Exhibition,3.07,4.77
Renaissance_Jessie_3345,Jessie Fletcher,0.3,Renaissance,Aluminium,50.0,24.0,4321.0,1998,27,Yes,Polished,Private Collection,16.05,17.44
Renaissance_Brenda_3346,Brenda Bradley,0.57,Renaissance,Clay,19.0,11.0,2555.0,1853,172,No,Polished,Auctioned in New York,3.92,4.51
Baroque_Claire_3347,Claire Butler,,Baroque,Marble,20.0,7.0,131650.0,1907,118,No,Intricate,Acquired from Artist,255.17,260.51
Minimalist_Mary_3348,Mary Gram,0.47,Minimalist,,22.0,14.0,9767.0,2005,20,Yes,Vibrant,Auctioned in London,24.7,23.27
Contemporary_Jesse_3349,Jesse Kolden,0.83,Contemporary,Wood,24.0,8.0,164.0,2000,25,Yes,Rustic,Gallery Exhibition,4.45,5.59
Abstract_Jeremy_3350,Jeremy Olney,,Abstract,Marble,18.0,6.0,47878.0,1998,27,Yes,Intricate,Auctioned in New York,80.27,82.52
Modern_Savannah_3351,Savannah Culhane,0.79,Modern,Wood,,7.0,212.0,1960,65,Yes,Elegant,Auctioned in London,3.93,4.01
Baroque_Valerie_3352,Valerie Aguilar,0.2,Baroque,Stone,40.0,20.0,5699424.0,1964,61,Yes,Minimal,Inherited Estate,15996.39,16594.87
Abstract_Mary_3353,Mary Field,,Abstract,,34.0,15.0,2262530.0,1988,37,Yes,Rustic,Inherited Estate,1671.52,2747.24
Contemporary_Teresa_3354,Teresa Mckenzie,,Contemporary,Marble,30.0,10.0,,1875,150,No,Elegant,Auctioned in London,1862.74,1854.78
Renaissance_Randal_3355,Randal Carr,0.75,Renaissance,Wood,33.0,,349.0,1931,94,No,Intricate,Private Collection,2.37,3.09
Renaissance_Kim_3356,Kim Taylor,,Renaissance,,37.0,19.0,4400327.0,2005,20,Yes,Minimal,Gallery Exhibition,5610.11,7964.24
Modern_Carolyn_3357,Carolyn Brooks,,Modern,Clay,44.0,15.0,14821.0,1973,52,Yes,Intricate,Gallery Exhibition,26.33,32.01
Minimalist_Blanche_3358,Blanche Wise,0.84,Minimalist,Bronze,16.0,6.0,2148.0,1984,41,Yes,Intricate,Auctioned in New York,14.03,14.85
Baroque_Jeffrey_3359,Jeffrey Ken,,Baroque,Clay,62.0,,20460.0,2001,24,Yes,Vibrant,Museum Deaccession,82.84,88.43
Modern_Scott_3360,Scott Cervantes,0.37,Modern,Marble,20.0,6.0,93786.0,1956,69,Yes,Intricate,Auctioned in London,87.02,92.02
Classical_Ruben_3361,Ruben Hughes,0.09,Classical,Aluminium,20.0,7.0,564.0,1991,34,Yes,Minimal,Acquired from Artist,4.02,4.2
Renaissance_Carl_3362,Carl Dunseith,0.14,Renaissance,Aluminium,23.0,12.0,493.0,1929,96,No,Elegant,Gallery Exhibition,4.14,4.61
Classical_Serena_3363,Serena Johnson,0.7,Classical,Bronze,31.0,11.0,9661.0,1944,81,No,Intricate,Auctioned in London,32.49,33.31
Abstract_Hattie_3364,Hattie Mcallister,0.03,Abstract,,27.0,19.0,7729.0,2015,10,Yes,Expressive,Gallery Exhibition,5.44,8.37
Contemporary_Timothy_3365,Timothy Franko,0.02,Contemporary,Bronze,25.0,9.0,9411.0,1856,169,No,Rustic,Gallery Exhibition,8.01,11.67
Abstract_Oscar_3366,Oscar Burgess,0.38,Abstract,Brass,26.0,8.0,10952.0,2008,17,Yes,Expressive,Auctioned in New York,18.74,17.33
Modern_Clinton_3367,Clinton Watring,0.15,Modern,,13.0,7.0,591.0,1973,52,Yes,Expressive,Museum Deaccession,4.26,4.58
Contemporary_Lisa_3368,Lisa Morales,0.55,Contemporary,Clay,22.0,10.0,3632.0,1920,105,No,Polished,Auctioned in London,5.03,6.14
Abstract_Bradley_3369,Bradley Vinton,0.59,Abstract,,,10.0,,1954,71,Yes,Minimal,Private Collection,2.76,4.01
Minimalist_Richard_3370,Richard Bell,0.05,Minimalist,Stone,38.0,10.0,1507764.0,1981,44,Yes,Minimal,Inherited Estate,3716.87,3610.86
Abstract_Melanie_3371,Melanie Fleming,0.08,Abstract,Marble,18.0,7.0,74721.0,2019,6,Yes,Minimal,Private Collection,73.9,83.2
Minimalist_Ed_3372,Ed Brower,0.49,Minimalist,Marble,18.0,8.0,81144.0,1923,102,No,Polished,Museum Deaccession,68.95,90.08
Modern_Angelica_3373,Angelica Valcarcel,0.2,Modern,Clay,25.0,13.0,3556.0,1944,81,No,Elegant,Gallery Exhibition,6.77,6.43
Renaissance_Hazel_3374,Hazel Ellis,0.63,Renaissance,Stone,30.0,9.0,1016836.0,1850,175,No,Elegant,Private Collection,1116.06,1695.05
Modern_Kelly_3375,Kelly Franklin,0.7,Modern,Marble,24.0,16.0,520206.0,1861,164,No,Minimal,Gallery Exhibition,2046.77,2404.32
Baroque_Mary_3376,Mary Hailey,0.28,Baroque,Wood,46.0,8.0,567.0,1962,63,Yes,Rustic,Museum Deaccession,3.9,6.06
Contemporary_Royce_3377,Royce Garcia,0.59,Contemporary,Brass,3.0,3.0,43.0,1996,29,Yes,Rustic,Museum Deaccession,4.47,6.02
Baroque_James_3378,James Gonzalez,0.5,Baroque,Clay,12.0,,378.0,2004,21,Yes,Intricate,Inherited Estate,3.21,3.33
Renaissance_Laura_3379,Laura Cornelius,0.79,Renaissance,Brass,19.0,10.0,8844.0,1950,75,No,Minimal,Museum Deaccession,6.67,8.62
Renaissance_Peter_3380,Peter Felix,0.95,Renaissance,,49.0,21.0,6413047.0,1992,33,Yes,Expressive,Acquired from Artist,36531.46,41187.91
Classical_Martha_3381,Martha Welch,0.32,Classical,Aluminium,19.0,10.0,1356.0,1937,88,No,Expressive,Private Collection,5.11,4.9
Modern_Christine_3382,Christine Oaks,0.46,Modern,Clay,10.0,5.0,491.0,1909,116,No,Rustic,Gallery Exhibition,7.47,6.86
Contemporary_Robert_3383,Robert Jones,0.35,Contemporary,Bronze,38.0,,9324.0,1871,154,No,Vibrant,Inherited Estate,5.75,5.7
Abstract_Roy_3384,Roy Ramirez,0.23,Abstract,Stone,41.0,15.0,4227915.0,1897,128,No,Vibrant,Acquired from Artist,4999.72,7852.05
Minimalist_Phillis_3385,Phillis Tritto,0.62,Minimalist,Aluminium,19.0,11.0,814.0,1898,127,No,Polished,Private Collection,3.61,5.64
Modern_Craig_3386,Craig Blount,0.04,Modern,Aluminium,26.0,9.0,399.0,1870,155,No,Expressive,Auctioned in New York,2.97,3.07
Contemporary_Kathryn_3387,Kathryn Gutierrez,,Contemporary,,38.0,18.0,,1895,130,No,Intricate,Gallery Exhibition,11.69,18.16
Minimalist_Robert_3388,Robert Howard,0.47,Minimalist,Aluminium,49.0,20.0,5838.0,1915,110,No,Vibrant,Gallery Exhibition,2.45,3.83
Baroque_Lance_3389,Lance Williams,0.67,Baroque,Brass,,,3328.0,1870,155,No,Elegant,Acquired from Artist,5.41,5.21
Renaissance_Alice_3390,Alice Weed,0.79,Renaissance,Stone,32.0,6.0,270860.0,1968,57,Yes,Minimal,Museum Deaccession,442.64,635.69
Minimalist_Linda_3391,Linda Parnell,0.47,Minimalist,Wood,29.0,6.0,165.0,1859,166,No,Expressive,Auctioned in New York,3.83,3.84
Classical_Martin_3392,Martin Davis,0.94,Classical,Bronze,34.0,10.0,17801.0,1901,124,No,Expressive,Inherited Estate,127.34,167.82
Classical_Joel_3393,Joel Thomas,0.64,Classical,,18.0,6.0,133.0,1981,44,Yes,Rustic,Acquired from Artist,3.18,5.23
Classical_Marie_3394,Marie Konkel,0.7,Classical,Clay,38.0,26.0,19093.0,1980,45,Yes,Elegant,Acquired from Artist,57.01,61.14
Abstract_Brittany_3395,Brittany Bender,0.14,Abstract,Clay,3.0,3.0,39.0,1938,87,No,Minimal,Auctioned in London,4.42,4.81
Renaissance_Mary_3396,Mary Jones,0.66,Renaissance,Bronze,,5.0,970.0,2017,8,Yes,Intricate,Inherited Estate,4.63,4.94
Abstract_Mariann_3397,Mariann Scott,,Abstract,Clay,,12.0,1739.0,1914,111,No,Rustic,Museum Deaccession,6.57,6.42
Baroque_Daniel_3398,Daniel Herder,,Baroque,,32.0,15.0,2850.0,1974,51,Yes,Intricate,Auctioned in New York,5.56,7.62
Minimalist_Joseph_3399,Joseph Perkins,0.16,Minimalist,Clay,16.0,6.0,600.0,1856,169,No,Minimal,Inherited Estate,4.34,4.25
Contemporary_Erica_3400,Erica Ramirez,,Contemporary,,3.0,3.0,18.0,1982,43,Yes,Intricate,Museum Deaccession,4.86,5.78
Modern_Anthony_3401,Anthony Savage,0.39,Modern,Aluminium,3.0,2.0,4.0,1947,78,No,Elegant,Auctioned in New York,1.96,3.13
Modern_Laura_3402,Laura Chamberlin,0.65,Modern,Clay,31.0,11.0,2974.0,1905,120,No,Rustic,Auctioned in New York,14.08,16.82
Baroque_Amy_3403,Amy Noble,0.47,Baroque,,22.0,16.0,1987496.0,2010,15,Yes,Minimal,Gallery Exhibition,10585.11,12630.89
Abstract_Rhonda_3404,Rhonda Woodward,0.86,Abstract,,5.0,,1751.0,1952,73,Yes,Elegant,Private Collection,4.59,6.18
Classical_Cornell_3405,Cornell Alonzo,0.99,Classical,,4.0,4.0,96.0,1924,101,No,Minimal,Museum Deaccession,3.8,3.51
Classical_Christopher_3406,Christopher Loh,0.64,Classical,Wood,16.0,6.0,55.0,1901,124,No,Intricate,Auctioned in London,2.98,4.68
Modern_George_3407,George Hairfield,0.8,Modern,Clay,35.0,20.0,9890.0,1916,109,No,Minimal,Auctioned in New York,34.91,52.99
Classical_Kristie_3408,Kristie Hall,,Classical,Clay,21.0,14.0,1711.0,1865,160,No,Minimal,Acquired from Artist,4.52,6.86
Modern_Isabelle_3409,Isabelle Hannah,0.44,Modern,Bronze,13.0,6.0,2195.0,1925,100,No,Minimal,Gallery Exhibition,5.96,5.56
Modern_Kenneth_3410,Kenneth Riera,0.58,Modern,Stone,30.0,15.0,3754471.0,1944,81,No,Expressive,Auctioned in New York,5036.03,6172.18
Classical_Linda_3411,Linda Sylvester,0.54,Classical,Aluminium,39.0,9.0,2229.0,1867,158,No,Polished,Acquired from Artist,10.25,9.51
Minimalist_Heather_3412,Heather Skoog,0.49,Minimalist,Stone,15.0,6.0,48207.0,1860,165,No,Rustic,Auctioned in New York,62.59,78.51
Minimalist_Cynthia_3413,Cynthia Korn,0.92,Minimalist,Brass,27.0,6.0,8106.0,1886,139,No,Expressive,Acquired from Artist,20.15,28.6
Modern_Nancy_3414,Nancy Ogrady,0.23,Modern,Wood,7.0,4.0,54.0,1851,174,No,Expressive,Auctioned in New York,6.74,6.54
Renaissance_Elmer_3415,Elmer Ward,0.68,Renaissance,Clay,13.0,8.0,775.0,1858,167,No,Elegant,Acquired from Artist,4.62,5.56
Renaissance_Alberta_3416,Alberta Crook,0.64,Renaissance,Bronze,41.0,7.0,11101.0,2003,22,Yes,Minimal,Auctioned in New York,23.42,38.27
Baroque_David_3417,David Whetzel,0.04,Baroque,Brass,17.0,11.0,9861.0,1917,108,No,Minimal,Acquired from Artist,8.17,11.09
Modern_Gayle_3418,Gayle Oliver,0.24,Modern,Marble,5.0,3.0,411.0,1987,38,Yes,Intricate,Acquired from Artist,3.8,5.98
Renaissance_Annie_3419,Annie Mccombs,0.23,Renaissance,Aluminium,18.0,8.0,676.0,1999,26,Yes,Rustic,Museum Deaccession,5.07,6.68
Minimalist_Aracelis_3420,Aracelis Blanding,0.08,Minimalist,Wood,49.0,,2603.0,2007,18,Yes,Elegant,Museum Deaccession,2.61,3.17
Baroque_Michelle_3421,Michelle Kreps,0.06,Baroque,Aluminium,8.0,4.0,125.0,1983,42,Yes,Intricate,Auctioned in New York,4.13,4.89
Modern_Helen_3422,Helen Castro,0.96,Modern,Marble,17.0,6.0,25340.0,1982,43,Yes,Rustic,Inherited Estate,213.44,272.33
Modern_Kyung_3423,Kyung Carmody,0.5,Modern,Aluminium,39.0,6.0,1465.0,1914,111,No,Polished,Acquired from Artist,5.58,5.92
Baroque_Liliana_3424,Liliana Banks,0.83,Baroque,Marble,27.0,20.0,1004464.0,1933,92,No,Vibrant,Auctioned in London,3558.42,3389.32
Contemporary_Grover_3425,Grover Brandes,0.12,Contemporary,Marble,3.0,2.0,81.0,1866,159,No,Polished,Private Collection,5.42,6.49
Renaissance_Lino_3426,Lino Curtis,0.38,Renaissance,Clay,45.0,11.0,10855.0,1952,73,Yes,Expressive,Auctioned in New York,27.0,34.91
Renaissance_John_3427,John Brown,0.31,Renaissance,Aluminium,15.0,7.0,381.0,1916,109,No,Expressive,Gallery Exhibition,4.17,4.3
Modern_Richard_3428,Richard Testerman,0.43,Modern,Brass,15.0,6.0,3542.0,1932,93,No,Rustic,Inherited Estate,10.83,10.25
Classical_Jane_3429,Jane Martorello,0.68,Classical,Aluminium,4.0,4.0,13.0,1909,116,No,Minimal,Gallery Exhibition,4.74,5.57
Baroque_Bobby_3430,Bobby Mccoy,0.32,Baroque,Marble,10.0,4.0,2269.0,1888,137,No,Minimal,Gallery Exhibition,5.54,5.25
Abstract_Julie_3431,Julie Moody,0.93,Abstract,,22.0,,124813.0,1885,140,No,Polished,Gallery Exhibition,744.21,1102.89
Contemporary_Walter_3432,Walter Baum,0.1,Contemporary,Bronze,17.0,,7467.0,1951,74,Yes,Vibrant,Auctioned in London,8.41,10.22
Abstract_Jeffery_3433,Jeffery Ahrens,0.82,Abstract,Stone,4.0,3.0,628.0,1885,140,No,Rustic,Inherited Estate,4.25,4.86
Abstract_Denise_3434,Denise Freed,0.66,Abstract,,32.0,11.0,29441.0,1980,45,Yes,Vibrant,Museum Deaccession,177.28,175.53
Contemporary_James_3435,James Hayes,,Contemporary,Aluminium,21.0,13.0,1172.0,2011,14,Yes,Intricate,Private Collection,6.86,6.53
Renaissance_Christopher_3436,Christopher Cook,0.2,Renaissance,Aluminium,25.0,15.0,2236.0,1958,67,Yes,Polished,Gallery Exhibition,2.33,3.4
Baroque_Lucille_3437,Lucille Wright,0.03,Baroque,Clay,5.0,5.0,86.0,1974,51,Yes,Expressive,Museum Deaccession,5.89,6.88
Abstract_Donna_3438,Donna Couture,0.96,Abstract,Stone,42.0,22.0,19091622.0,1877,148,No,Vibrant,Auctioned in London,16708.23,15266.06
Renaissance_James_3439,James Stewart,,Renaissance,Aluminium,18.0,8.0,972.0,1963,62,Yes,Intricate,Gallery Exhibition,5.95,6.78
Contemporary_Dan_3440,Dan Sheston,0.25,Contemporary,,,7.0,43109.0,2007,18,Yes,Minimal,Private Collection,30.49,49.84
Baroque_Rachel_3441,Rachel Mcnally,0.94,Baroque,Stone,19.0,6.0,113368.0,1990,35,Yes,Rustic,Auctioned in New York,1264.25,1204.74
Modern_Ruby_3442,Ruby West,0.17,Modern,Bronze,17.0,6.0,3109.0,1990,35,Yes,Vibrant,Auctioned in London,3.65,4.23
Renaissance_Maureen_3443,Maureen Mckee,0.23,Renaissance,Bronze,7.0,5.0,287.0,1858,167,No,Rustic,Museum Deaccession,3.84,5.25
Baroque_Antonio_3444,Antonio Kim,0.51,Baroque,Aluminium,30.0,8.0,1640.0,1944,81,No,Intricate,Auctioned in London,9.57,13.1
Modern_Guy_3445,Guy Richardson,0.41,Modern,Aluminium,10.0,5.0,108.0,1967,58,Yes,Intricate,Auctioned in London,5.03,5.83
Baroque_Lisha_3446,Lisha Hatcher,0.44,Baroque,Brass,,9.0,10544.0,1947,78,No,Expressive,Inherited Estate,20.63,23.22
Minimalist_Wayne_3447,Wayne Mahan,,Minimalist,Clay,18.0,,,2015,10,Yes,Elegant,Private Collection,11.25,12.15
Minimalist_Robert_3448,Robert Limmel,0.79,Minimalist,Marble,36.0,6.0,68354.0,1874,151,No,Intricate,Gallery Exhibition,413.76,534.4
Minimalist_Lillian_3449,Lillian Taylor,0.88,Minimalist,Clay,17.0,9.0,,1893,132,No,Rustic,Acquired from Artist,4.88,4.59
Minimalist_Joe_3450,Joe Edwards,,Minimalist,Brass,13.0,,1939.0,1977,48,Yes,Vibrant,Acquired from Artist,5.31,4.83
Classical_John_3451,John Parker,0.33,Classical,Brass,27.0,16.0,38462.0,1918,107,No,Rustic,Inherited Estate,50.8,77.09
Modern_Sonia_3452,Sonia Wagner,0.43,Modern,Marble,18.0,11.0,167572.0,1958,67,Yes,Intricate,Private Collection,762.66,1108.5
Baroque_Michael_3453,Michael White,,Baroque,Stone,55.0,12.0,5281237.0,2014,11,Yes,Expressive,Gallery Exhibition,7880.86,11340.36
Baroque_Ola_3454,Ola Duhe,0.9,Baroque,Clay,8.0,4.0,166.0,1886,139,No,Vibrant,Private Collection,4.14,6.21
Contemporary_Lori_3455,Lori Brown,0.02,Contemporary,Aluminium,25.0,11.0,1461.0,1876,149,No,Minimal,Auctioned in New York,5.19,5.03
Modern_David_3456,David Seals,0.66,Modern,Marble,,11.0,516174.0,1928,97,No,Vibrant,Gallery Exhibition,2554.25,2659.47
Renaissance_Linda_3457,Linda Russell,0.19,Renaissance,Bronze,27.0,11.0,18767.0,1990,35,Yes,Vibrant,Gallery Exhibition,32.77,45.83
Abstract_Dennis_3458,Dennis Wilkerson,0.6,Abstract,Marble,17.0,7.0,47834.0,1884,141,No,Polished,Auctioned in New York,129.96,127.41
Minimalist_Rafael_3459,Rafael Randall,,Minimalist,Clay,35.0,6.0,1652.0,1899,126,No,Intricate,Private Collection,5.28,8.24
Classical_Paul_3460,Paul Lussier,0.86,Classical,Aluminium,28.0,8.0,538.0,2007,18,Yes,Minimal,Inherited Estate,3.59,3.51
Contemporary_Ashley_3461,Ashley Resendez,,Contemporary,Stone,18.0,,122696.0,2015,10,Yes,Intricate,Acquired from Artist,125.31,204.96
Modern_Leon_3462,Leon Alarcon,,Modern,Clay,9.0,5.0,340.0,2001,24,Yes,Expressive,Gallery Exhibition,3.87,4.51
Abstract_Robert_3463,Robert Jenkins,0.86,Abstract,Stone,49.0,7.0,1443776.0,1863,162,No,Elegant,Acquired from Artist,5907.22,9801.84
Baroque_Jose_3464,Jose Chin,0.58,Baroque,Bronze,44.0,14.0,45246.0,1867,158,No,Elegant,Private Collection,101.46,162.13
Contemporary_Viola_3465,Viola Johnson,0.61,Contemporary,,45.0,10.0,1553870.0,1873,152,No,Elegant,Private Collection,6041.12,8896.48
Abstract_Guillermo_3466,Guillermo Turner,0.26,Abstract,Brass,44.0,16.0,104185.0,1906,119,No,Elegant,Acquired from Artist,415.63,483.06
Baroque_Joyce_3467,Joyce Pierro,,Baroque,,,4.0,,1854,171,No,Rustic,Acquired from Artist,164.82,160.81
Renaissance_Matthew_3468,Matthew Bean,0.25,Renaissance,Marble,37.0,12.0,333589.0,2003,22,Yes,Minimal,Private Collection,764.75,951.93
Contemporary_Crystal_3469,Crystal Votaw,0.57,Contemporary,Aluminium,21.0,8.0,,2006,19,Yes,Minimal,Acquired from Artist,3.55,3.95
Classical_Tanya_3470,Tanya Knox,,Classical,Brass,27.0,11.0,14810.0,2010,15,Yes,Minimal,Auctioned in New York,35.92,32.92
Modern_Effie_3471,Effie Young,0.71,Modern,Bronze,10.0,5.0,261.0,1955,70,Yes,Vibrant,Inherited Estate,3.74,5.44
Minimalist_Tricia_3472,Tricia Giorgi,0.97,Minimalist,Marble,15.0,7.0,64455.0,2001,24,Yes,Polished,Gallery Exhibition,356.67,400.07
Baroque_Michael_3473,Michael Shults,,Baroque,Aluminium,28.0,7.0,1408.0,1915,110,No,Expressive,Private Collection,5.4,5.68
Abstract_Terry_3474,Terry Smith,0.18,Abstract,Stone,25.0,11.0,733006.0,1947,78,No,Polished,Gallery Exhibition,2852.66,3802.86
Renaissance_Theresa_3475,Theresa Marlor,0.84,Renaissance,Stone,18.0,8.0,263482.0,1890,135,No,Vibrant,Museum Deaccession,1524.21,1916.76
Classical_Cesar_3476,Cesar Williams,0.73,Classical,Clay,51.0,33.0,,1924,101,No,Elegant,Auctioned in London,102.43,101.55
Renaissance_Samuel_3477,Samuel Krum,,Renaissance,Brass,11.0,,3950.0,1968,57,Yes,Polished,Acquired from Artist,6.93,8.15
Baroque_Mary_3478,Mary Swenson,0.58,Baroque,Bronze,14.0,6.0,1591.0,1957,68,Yes,Intricate,Private Collection,4.11,5.8
Contemporary_Florence_3479,Florence Ward,0.37,Contemporary,Marble,14.0,7.0,,1905,120,No,Intricate,Private Collection,74.5,80.98
Classical_Jose_3480,Jose Kim,0.87,Classical,Brass,35.0,25.0,59520.0,1861,164,No,Expressive,Museum Deaccession,374.74,369.13
Classical_Annie_3481,Annie Powers,0.98,Classical,Aluminium,28.0,7.0,606.0,1914,111,No,Rustic,Acquired from Artist,4.48,5.34
Baroque_Shaun_3482,Shaun Scott,0.3,Baroque,Clay,33.0,22.0,11835.0,1965,60,Yes,Expressive,Auctioned in New York,23.23,24.38
Renaissance_John_3483,John Courtney,0.82,Renaissance,Brass,14.0,7.0,5065.0,1850,175,No,Intricate,Auctioned in New York,17.94,25.33
Modern_John_3484,John Wood,0.47,Modern,Marble,44.0,14.0,2158679.0,1890,135,No,Polished,Private Collection,4111.06,3836.83
Renaissance_Dena_3485,Dena Manthe,,Renaissance,Clay,34.0,14.0,6445.0,1969,56,Yes,Expressive,Museum Deaccession,5.11,7.0
Renaissance_Adrian_3486,Adrian Vaughn,0.08,Renaissance,,18.0,8.0,2531.0,1939,86,No,Polished,Auctioned in New York,3.68,5.31
Contemporary_Robert_3487,Robert Reed,0.74,Contemporary,,31.0,22.0,54505.0,1851,174,No,Intricate,Inherited Estate,252.88,265.0
Abstract_Jason_3488,Jason Baker,0.36,Abstract,Clay,26.0,6.0,1594.0,1977,48,Yes,Rustic,Museum Deaccession,5.05,6.32
Classical_Pauline_3489,Pauline Ritter,0.74,Classical,Aluminium,16.0,8.0,724.0,1888,137,No,Elegant,Inherited Estate,4.99,6.54
Minimalist_William_3490,William Newsom,0.79,Minimalist,Wood,11.0,8.0,138.0,2001,24,Yes,Elegant,Private Collection,3.13,5.19
Contemporary_Christine_3491,Christine Holt,0.36,Contemporary,Wood,20.0,11.0,426.0,2016,9,Yes,Minimal,Gallery Exhibition,2.55,3.35
Minimalist_Alice_3492,Alice Ferrel,0.86,Minimalist,Wood,26.0,13.0,,1957,68,Yes,Expressive,Museum Deaccession,4.65,4.27
Classical_Robert_3493,Robert Pulliam,0.64,Classical,Clay,15.0,,1184.0,1945,80,No,Minimal,Gallery Exhibition,3.96,5.69
Renaissance_Alfred_3494,Alfred Kehew,0.17,Renaissance,Aluminium,25.0,7.0,1229.0,1990,35,Yes,Vibrant,Acquired from Artist,5.2,5.66
Modern_Kathleen_3495,Kathleen Ellis,0.33,Modern,,6.0,5.0,155.0,2014,11,Yes,Minimal,Private Collection,4.58,4.88
Renaissance_Ulrike_3496,Ulrike Trout,0.52,Renaissance,Marble,34.0,14.0,811371.0,1988,37,Yes,Elegant,Gallery Exhibition,3623.85,4078.06
Abstract_Heather_3497,Heather Lopez,0.26,Abstract,Stone,21.0,,501492.0,1993,32,Yes,Elegant,Inherited Estate,2110.08,2006.41
Minimalist_Monica_3498,Monica Perdue,0.34,Minimalist,Marble,51.0,21.0,9117294.0,1952,73,Yes,Polished,Inherited Estate,4001.51,5579.21
Abstract_Mildred_3499,Mildred Lee,0.08,Abstract,Brass,12.0,8.0,1459.0,1887,138,No,Vibrant,Acquired from Artist,4.68,4.3
Minimalist_Juanita_3500,Juanita Timmons,0.44,Minimalist,,18.0,8.0,186324.0,1854,171,No,Minimal,Gallery Exhibition,142.95,143.36
Classical_Archie_3501,Archie Mckee,0.78,Classical,Brass,16.0,6.0,4197.0,2012,13,Yes,Vibrant,Inherited Estate,27.75,27.09
Abstract_Tiffany_3502,Tiffany Tillman,0.32,Abstract,Marble,48.0,,4831383.0,1938,87,No,Minimal,Auctioned in New York,15137.19,14190.43
Minimalist_Millie_3503,Millie Balkcom,,Minimalist,Wood,15.0,8.0,227.0,1985,40,Yes,Rustic,Auctioned in New York,2.69,3.82
Renaissance_Linda_3504,Linda Orellana,,Renaissance,Aluminium,,7.0,570.0,1908,117,No,Polished,Auctioned in London,4.3,4.06
Baroque_Woodrow_3505,Woodrow Johnson,0.57,Baroque,Brass,40.0,9.0,33281.0,2010,15,Yes,Expressive,Acquired from Artist,72.3,101.54
Baroque_Richard_3506,Richard Spears,0.54,Baroque,Stone,20.0,7.0,126426.0,1961,64,Yes,Expressive,Gallery Exhibition,440.46,446.67
Minimalist_Anne_3507,Anne Goldbach,0.79,Minimalist,,28.0,8.0,1294.0,1879,146,No,Rustic,Auctioned in New York,7.61,8.79
Minimalist_Louise_3508,Louise Lindstrom,0.59,Minimalist,Bronze,6.0,5.0,235.0,1901,124,No,Expressive,Auctioned in New York,5.23,6.99
Modern_Phillip_3509,Phillip Ramirez,0.92,Modern,Marble,55.0,31.0,16372329.0,1908,117,No,Minimal,Acquired from Artist,36602.22,48194.33
Renaissance_Jennifer_3510,Jennifer Walker,,Renaissance,Aluminium,5.0,5.0,55.0,1932,93,No,Polished,Acquired from Artist,5.2,5.31
Contemporary_June_3511,June Healy,0.22,Contemporary,Clay,32.0,16.0,,1895,130,No,Minimal,Private Collection,12.35,12.26
Contemporary_Elizabeth_3512,Elizabeth Davies,0.06,Contemporary,Stone,36.0,12.0,,2006,19,Yes,Intricate,Auctioned in London,1571.02,1470.57
Minimalist_Lillian_3513,Lillian Brumfield,0.09,Minimalist,Stone,18.0,8.0,211563.0,1861,164,No,Minimal,Acquired from Artist,238.33,330.8
Contemporary_Diane_3514,Diane Hall,,Contemporary,Brass,26.0,12.0,16373.0,1947,78,No,Elegant,Acquired from Artist,20.34,27.87
Contemporary_Billy_3515,Billy Swenson,0.32,Contemporary,,3.0,2.0,15.0,1971,54,Yes,Polished,Gallery Exhibition,6.63,6.89
Classical_Zachary_3516,Zachary Zimmerman,0.22,Classical,Bronze,11.0,6.0,1302.0,2005,20,Yes,Polished,Auctioned in New York,5.77,6.12
Contemporary_Francis_3517,Francis Reynolds,0.75,Contemporary,Clay,26.0,10.0,3733.0,1898,127,No,Intricate,Inherited Estate,13.91,16.48
Modern_Andrew_3518,Andrew Kappler,0.21,Modern,Wood,32.0,16.0,531.0,1957,68,Yes,Minimal,Private Collection,5.14,5.38
Contemporary_Leslee_3519,Leslee Wilkinson,0.36,Contemporary,Bronze,5.0,4.0,251.0,1893,132,No,Intricate,Museum Deaccession,6.24,6.88
Baroque_Pasquale_3520,Pasquale Biller,0.57,Baroque,Aluminium,31.0,8.0,,1862,163,No,Minimal,Acquired from Artist,4.88,6.07
Abstract_Bobby_3521,Bobby Watkins,0.09,Abstract,Clay,7.0,4.0,145.0,1996,29,Yes,Intricate,Auctioned in London,3.71,4.12
Classical_Dorothy_3522,Dorothy Hawk,0.44,Classical,Stone,35.0,12.0,2009349.0,2003,22,Yes,Polished,Acquired from Artist,6967.49,6935.74
Minimalist_Cleveland_3523,Cleveland Surles,0.9,Minimalist,Wood,,12.0,773.0,1947,78,No,Minimal,Auctioned in London,4.23,6.76
Minimalist_Brett_3524,Brett Milton,0.75,Minimalist,Wood,38.0,15.0,706.0,1912,113,No,Minimal,Museum Deaccession,5.24,4.89
Modern_Elsie_3525,Elsie Bianco,0.75,Modern,Clay,40.0,24.0,7739.0,1966,59,Yes,Rustic,Private Collection,27.44,41.7
Renaissance_Karen_3526,Karen Robinson,0.7,Renaissance,Stone,3.0,2.0,81.0,1878,147,No,Vibrant,Gallery Exhibition,5.66,6.37
Modern_Edwin_3527,Edwin Mccoy,0.33,Modern,Bronze,10.0,5.0,741.0,2014,11,Yes,Vibrant,Auctioned in New York,3.88,5.89
Minimalist_Laura_3528,Laura Tuck,0.57,Minimalist,Brass,14.0,7.0,1622.0,1975,50,Yes,Minimal,Acquired from Artist,4.88,5.24
Modern_Nelly_3529,Nelly Beekman,0.86,Modern,,16.0,7.0,3159.0,1925,100,No,Vibrant,Auctioned in New York,17.93,20.61
Contemporary_Donald_3530,Donald Wolfe,0.21,Contemporary,Clay,50.0,21.0,17324.0,1886,139,No,Minimal,Auctioned in London,16.64,21.18
Modern_Janeth_3531,Janeth Moss,0.42,Modern,Wood,31.0,,284.0,1890,135,No,Intricate,Museum Deaccession,4.52,5.24
Classical_Bernard_3532,Bernard Carpentieri,0.6,Classical,Stone,10.0,4.0,7743.0,1974,51,Yes,Elegant,Private Collection,26.02,30.66
Renaissance_Christopher_3533,Christopher Clark,0.76,Renaissance,Marble,5.0,5.0,1539.0,1927,98,No,Polished,Acquired from Artist,2.72,3.05
Renaissance_David_3534,David Cooper,0.95,Renaissance,Clay,7.0,4.0,77.0,1960,65,Yes,Expressive,Auctioned in London,2.86,3.8
Modern_Lisa_3535,Lisa Jeune,0.49,Modern,Bronze,11.0,7.0,853.0,2001,24,Yes,Minimal,Inherited Estate,6.11,5.85
Contemporary_Thomas_3536,Thomas Kennedy,0.56,Contemporary,Aluminium,5.0,,53.0,1995,30,Yes,Vibrant,Museum Deaccession,5.16,6.6
Modern_Derek_3537,Derek Ratliff,0.38,Modern,Marble,8.0,5.0,3490.0,1969,56,Yes,Expressive,Gallery Exhibition,3.72,4.02
Renaissance_Donald_3538,Donald Cena,0.19,Renaissance,Marble,20.0,,190551.0,1957,68,Yes,Expressive,Inherited Estate,502.84,656.95
Contemporary_Maria_3539,Maria Rivera,0.93,Contemporary,Brass,21.0,10.0,17958.0,1992,33,Yes,Rustic,Inherited Estate,141.0,133.23
Contemporary_Sally_3540,Sally Steinbeck,0.09,Contemporary,Clay,20.0,11.0,2109.0,1897,128,No,Minimal,Gallery Exhibition,4.47,5.47
Abstract_Charlie_3541,Charlie Elzy,,Abstract,,12.0,8.0,,1895,130,No,Elegant,Museum Deaccession,175.62,257.1
Minimalist_Eugene_3542,Eugene Baer,0.65,Minimalist,Brass,10.0,5.0,1468.0,2002,23,Yes,Expressive,Auctioned in London,4.98,6.29
Minimalist_Nicholas_3543,Nicholas Tucker,0.28,Minimalist,Bronze,15.0,8.0,2209.0,1978,47,Yes,Polished,Museum Deaccession,6.85,6.9
Renaissance_Susan_3544,Susan Kelley,0.8,Renaissance,Bronze,12.0,8.0,1377.0,1894,131,No,Minimal,Museum Deaccession,5.28,5.4
Contemporary_Thomas_3545,Thomas Pratt,0.27,Contemporary,Bronze,7.0,5.0,494.0,1989,36,Yes,Minimal,Private Collection,3.64,4.41
Modern_Sheila_3546,Sheila Mitchell,0.08,Modern,Stone,27.0,12.0,1186046.0,1994,31,Yes,Minimal,Gallery Exhibition,2491.58,3288.49
Abstract_Cheryl_3547,Cheryl Ballard,0.56,Abstract,,22.0,,12235.0,1959,66,Yes,Intricate,Auctioned in New York,54.55,51.42
Minimalist_Saul_3548,Saul Delacruz,0.44,Minimalist,Aluminium,23.0,9.0,578.0,1988,37,Yes,Rustic,Auctioned in London,6.47,6.83
Abstract_Tyler_3549,Tyler Brawner,,Abstract,Brass,9.0,4.0,397.0,1874,151,No,Elegant,Inherited Estate,2.64,3.48
Modern_Kristi_3550,Kristi Maurer,0.62,Modern,Aluminium,60.0,35.0,21012.0,1979,46,Yes,Vibrant,Museum Deaccession,89.87,83.06
Abstract_Kathy_3551,Kathy Waitman,0.42,Abstract,Brass,53.0,12.0,75671.0,1914,111,No,Polished,Acquired from Artist,77.32,114.44
Modern_Zachary_3552,Zachary Hickey,0.41,Modern,Stone,16.0,7.0,119618.0,1909,116,No,Intricate,Museum Deaccession,127.9,121.75
Baroque_Linda_3553,Linda Gray,,Baroque,Bronze,5.0,,300.0,1881,144,No,Elegant,Auctioned in London,6.02,6.4
Minimalist_Patricia_3554,Patricia Passarelli,0.03,Minimalist,Aluminium,21.0,9.0,725.0,1950,75,No,Minimal,Inherited Estate,2.85,3.36
Renaissance_Jose_3555,Jose Anderson,,Renaissance,,21.0,12.0,26572.0,1997,28,Yes,Rustic,Auctioned in New York,101.29,106.32
Contemporary_Carmen_3556,Carmen Bird,0.76,Contemporary,Bronze,26.0,10.0,12172.0,1881,144,No,Rustic,Acquired from Artist,36.83,53.37
Abstract_Brenda_3557,Brenda Mckeighan,0.79,Abstract,,4.0,4.0,115.0,1907,118,No,Expressive,Auctioned in London,3.17,3.07
Modern_Adrienne_3558,Adrienne Najera,0.25,Modern,,48.0,22.0,5903.0,1906,119,No,Rustic,Private Collection,26.06,29.53
Classical_Henrietta_3559,Henrietta Aranda,0.29,Classical,Bronze,9.0,5.0,755.0,1985,40,Yes,Polished,Museum Deaccession,4.81,5.79
Modern_Rebecca_3560,Rebecca Gregory,0.73,Modern,Marble,9.0,5.0,6873.0,1974,51,Yes,Minimal,Auctioned in London,46.46,49.96
Contemporary_Gabriel_3561,Gabriel Hesler,0.2,Contemporary,Marble,11.0,6.0,12634.0,1904,121,No,Polished,Inherited Estate,11.03,13.72
Minimalist_Celia_3562,Celia Lincoln,0.27,Minimalist,,11.0,6.0,1440.0,1934,91,No,Minimal,Auctioned in London,6.61,6.05
Abstract_James_3563,James Robinson,0.66,Abstract,Bronze,16.0,,4749.0,1888,137,No,Intricate,Auctioned in New York,10.37,14.7
Contemporary_Debra_3564,Debra Smith,,Contemporary,Stone,,,62433.0,1999,26,Yes,Rustic,Private Collection,97.22,109.65
Contemporary_Joann_3565,Joann Morris,0.23,Contemporary,Brass,4.0,4.0,180.0,1919,106,No,Rustic,Private Collection,6.67,6.94
Baroque_Constance_3566,Constance Tipton,0.16,Baroque,Clay,8.0,,324.0,1956,69,Yes,Vibrant,Private Collection,2.39,3.98
Baroque_Israel_3567,Israel Norris,0.6,Baroque,Clay,32.0,19.0,6897.0,1929,96,No,Elegant,Acquired from Artist,8.68,10.38
Classical_Geraldine_3568,Geraldine Comstock,0.49,Classical,Wood,37.0,10.0,648.0,1881,144,No,Polished,Auctioned in New York,4.38,4.24
Contemporary_Georgia_3569,Georgia Showalter,0.38,Contemporary,Clay,23.0,8.0,734.0,1985,40,Yes,Minimal,Auctioned in London,6.38,6.18
Minimalist_Irene_3570,Irene Chiang,0.49,Minimalist,Stone,23.0,13.0,1606547.0,1904,121,No,Vibrant,Auctioned in New York,4037.5,3950.18
Minimalist_Bradley_3571,Bradley Provost,0.23,Minimalist,Aluminium,11.0,7.0,309.0,1939,86,No,Polished,Acquired from Artist,4.07,4.46
Abstract_Amanda_3572,Amanda Hayes,,Abstract,Stone,14.0,,104492.0,1926,99,No,Intricate,Auctioned in London,71.94,66.16
Contemporary_Jesse_3573,Jesse Fernandez,0.13,Contemporary,Wood,19.0,13.0,334.0,1936,89,No,Polished,Gallery Exhibition,4.14,6.5
Contemporary_Cindy_3574,Cindy Grogan,0.9,Contemporary,Wood,9.0,4.0,55.0,1936,89,No,Elegant,Private Collection,5.27,6.44
Abstract_Daniel_3575,Daniel Elliott,0.29,Abstract,Clay,29.0,6.0,1796.0,1919,106,No,Elegant,Private Collection,7.7,10.07
Modern_Tamera_3576,Tamera Chang,0.34,Modern,Clay,5.0,4.0,108.0,1971,54,Yes,Elegant,Inherited Estate,2.08,3.43
Modern_George_3577,George Varian,0.67,Modern,Aluminium,23.0,9.0,928.0,1916,109,No,Rustic,Private Collection,4.02,5.24
Renaissance_Dorothy_3578,Dorothy Hamilton,0.59,Renaissance,Stone,25.0,9.0,749116.0,1964,61,Yes,Rustic,Gallery Exhibition,1428.17,1690.0
Renaissance_Ethel_3579,Ethel Dowell,0.84,Renaissance,Marble,14.0,7.0,20425.0,1987,38,Yes,Elegant,Private Collection,44.84,50.13
Abstract_Jeffery_3580,Jeffery Krulik,0.5,Abstract,Aluminium,26.0,9.0,1193.0,1887,138,No,Minimal,Acquired from Artist,6.9,6.83
Abstract_Reanna_3581,Reanna Martinez,,Abstract,Wood,,11.0,449.0,1972,53,Yes,Elegant,Auctioned in New York,4.62,4.38
Contemporary_George_3582,George Mcmillan,0.53,Contemporary,,20.0,9.0,6777.0,2007,18,Yes,Rustic,Gallery Exhibition,19.74,25.44
Abstract_Douglas_3583,Douglas Dunbar,0.3,Abstract,Marble,30.0,7.0,222447.0,1890,135,No,Vibrant,Gallery Exhibition,319.67,371.93
Modern_William_3584,William Andrews,0.18,Modern,,16.0,6.0,455.0,2003,22,Yes,Rustic,Auctioned in London,2.63,3.55
Baroque_Alberto_3585,Alberto Caron,,Baroque,Stone,8.0,5.0,5260.0,1854,171,No,Intricate,Private Collection,2.13,3.23
Classical_James_3586,James Andrews,,Classical,Marble,,12.0,,1943,82,No,Polished,Auctioned in London,850.91,1117.67
Renaissance_William_3587,William Mccormick,0.42,Renaissance,,12.0,6.0,257.0,1972,53,Yes,Polished,Gallery Exhibition,2.63,3.73
Baroque_Sheryl_3588,Sheryl Samantha,0.07,Baroque,Stone,19.0,8.0,222862.0,1861,164,No,Rustic,Museum Deaccession,94.93,92.82
Renaissance_Mary_3589,Mary Mowles,0.52,Renaissance,Stone,21.0,9.0,537458.0,2002,23,Yes,Rustic,Museum Deaccession,922.54,1407.43
Renaissance_Catalina_3590,Catalina Harbison,0.8,Renaissance,Bronze,30.0,15.0,15976.0,1871,154,No,Expressive,Inherited Estate,71.4,69.32
Minimalist_Juan_3591,Juan Harris,0.82,Minimalist,Bronze,15.0,7.0,1505.0,1956,69,Yes,Vibrant,Private Collection,4.66,5.32
Classical_Thomas_3592,Thomas Schneider,0.53,Classical,,,7.0,2242.0,1954,71,Yes,Minimal,Museum Deaccession,4.81,7.31
Modern_Lori_3593,Lori Singer,0.69,Modern,Stone,19.0,9.0,340045.0,1931,94,No,Elegant,Auctioned in London,554.69,532.21
Contemporary_Susan_3594,Susan Kelsey,,Contemporary,Clay,25.0,10.0,1990.0,1928,97,No,Intricate,Private Collection,13.65,13.73
Minimalist_Maureen_3595,Maureen Martin,0.68,Minimalist,Aluminium,30.0,13.0,2261.0,1971,54,Yes,Minimal,Gallery Exhibition,5.88,6.27
Abstract_Marlene_3596,Marlene Tripp,0.19,Abstract,Clay,18.0,7.0,1485.0,2001,24,Yes,Polished,Museum Deaccession,3.61,5.46
Abstract_Frieda_3597,Frieda Ruiz,0.63,Abstract,Marble,34.0,14.0,1470095.0,1951,74,Yes,Elegant,Auctioned in New York,3274.87,4198.24
Contemporary_Gerald_3598,Gerald Lamar,,Contemporary,,11.0,6.0,71.0,2013,12,Yes,Rustic,Inherited Estate,4.61,4.66
Classical_Alpha_3599,Alpha Patton,0.95,Classical,Brass,26.0,,11369.0,1970,55,Yes,Intricate,Auctioned in London,106.68,124.17
Modern_Annie_3600,Annie Theroux,0.17,Modern,Clay,12.0,,841.0,1928,97,No,Rustic,Auctioned in London,3.72,5.23
Baroque_Timothy_3601,Timothy Johnson,0.52,Baroque,Aluminium,30.0,14.0,3169.0,1928,97,No,Polished,Auctioned in London,3.72,3.83
Baroque_Elsie_3602,Elsie Cain,0.29,Baroque,Stone,23.0,15.0,1380348.0,1988,37,Yes,Elegant,Auctioned in New York,2135.94,2824.05
Renaissance_Joe_3603,Joe Shipley,0.49,Renaissance,Marble,38.0,17.0,2025541.0,1991,34,Yes,Minimal,Private Collection,9528.64,12189.62
Classical_Diane_3604,Diane Lawson,0.47,Classical,Aluminium,17.0,9.0,666.0,2011,14,Yes,Rustic,Private Collection,3.63,4.48
Minimalist_Candice_3605,Candice Poulin,0.94,Minimalist,Wood,24.0,12.0,591.0,1876,149,No,Vibrant,Private Collection,3.38,5.18
Baroque_Adam_3606,Adam Loepp,0.73,Baroque,Brass,,7.0,3267.0,1864,161,No,Expressive,Acquired from Artist,10.33,16.35
Abstract_William_3607,William Mackley,0.79,Abstract,Wood,40.0,18.0,1275.0,1879,146,No,Elegant,Private Collection,6.23,7.93
Modern_Nora_3608,Nora Grossetete,0.05,Modern,Marble,22.0,9.0,153022.0,1877,148,No,Vibrant,Auctioned in London,193.83,234.36
Abstract_Tambra_3609,Tambra Thompson,0.08,Abstract,Wood,42.0,18.0,,2005,20,Yes,Expressive,Acquired from Artist,3.35,5.17
Classical_Mary_3610,Mary Landry,,Classical,Bronze,25.0,12.0,14417.0,2002,23,Yes,Expressive,Auctioned in New York,81.41,81.76
Contemporary_Joshua_3611,Joshua Lazzara,0.79,Contemporary,Bronze,24.0,,5297.0,2015,10,Yes,Elegant,Private Collection,23.64,38.53
Classical_Gary_3612,Gary Keith,0.2,Classical,Brass,18.0,7.0,5422.0,1957,68,Yes,Expressive,Acquired from Artist,19.97,22.53
Classical_Major_3613,Major Navarro,0.11,Classical,Marble,,12.0,279961.0,1880,145,No,Expressive,Gallery Exhibition,832.56,1112.57
Renaissance_Mark_3614,Mark Lotts,0.09,Renaissance,Clay,19.0,10.0,2649.0,1859,166,No,Polished,Private Collection,3.65,5.1
Baroque_George_3615,George Labriola,0.11,Baroque,Wood,28.0,16.0,593.0,1950,75,No,Expressive,Museum Deaccession,4.75,4.68
Abstract_Robert_3616,Robert Hayes,0.27,Abstract,Marble,13.0,6.0,30392.0,1949,76,No,Expressive,Private Collection,48.13,50.45
Classical_Samuel_3617,Samuel Weatherford,0.12,Classical,,29.0,10.0,,1856,169,No,Vibrant,Private Collection,4.57,5.6
Minimalist_Dorothy_3618,Dorothy Mckenzie,0.84,Minimalist,Wood,38.0,,710.0,1972,53,Yes,Rustic,Inherited Estate,4.0,5.34
Contemporary_Walter_3619,Walter Woods,0.8,Contemporary,Stone,8.0,5.0,3256.0,1955,70,Yes,Intricate,Auctioned in London,3.88,4.26
Renaissance_Cynthia_3620,Cynthia Kwiatkowski,0.67,Renaissance,Marble,25.0,19.0,1801438.0,1908,117,No,Elegant,Inherited Estate,7201.03,6601.7
Modern_Bobby_3621,Bobby Sagers,0.05,Modern,Bronze,4.0,4.0,139.0,1888,137,No,Elegant,Auctioned in London,5.08,5.29
Baroque_Penny_3622,Penny Jackson,0.25,Baroque,Marble,6.0,5.0,2539.0,1941,84,No,Vibrant,Auctioned in New York,6.67,6.62
Classical_Steve_3623,Steve Mack,0.27,Classical,Aluminium,18.0,11.0,991.0,1903,122,No,Vibrant,Acquired from Artist,4.13,5.66
Modern_Matthew_3624,Matthew Lock,0.14,Modern,Bronze,28.0,,31545.0,1973,52,Yes,Vibrant,Gallery Exhibition,34.89,39.36
Renaissance_Michale_3625,Michale Obhof,0.65,Renaissance,Bronze,12.0,8.0,1392.0,1953,72,Yes,Rustic,Auctioned in New York,4.57,6.99
Baroque_Michael_3626,Michael Wulf,0.7,Baroque,Bronze,19.0,11.0,6979.0,2012,13,Yes,Vibrant,Inherited Estate,4.42,4.28
Classical_James_3627,James Yerian,0.6,Classical,Stone,10.0,4.0,10795.0,1901,124,No,Rustic,Museum Deaccession,14.7,23.3
Minimalist_Danny_3628,Danny Stratton,0.22,Minimalist,Bronze,13.0,8.0,3163.0,1937,88,No,Polished,Auctioned in London,11.19,11.41
Renaissance_James_3629,James Alejandre,0.92,Renaissance,Brass,19.0,9.0,3126.0,1863,162,No,Rustic,Museum Deaccession,5.6,5.63
Renaissance_Barry_3630,Barry Allmon,0.28,Renaissance,Brass,11.0,6.0,1057.0,1915,110,No,Minimal,Auctioned in London,4.66,6.56
Renaissance_Janet_3631,Janet Neal,0.1,Renaissance,Brass,15.0,8.0,2335.0,1925,100,No,Elegant,Museum Deaccession,5.69,5.18
Abstract_Julia_3632,Julia Troyer,,Abstract,,34.0,6.0,8251.0,1851,174,No,Intricate,Museum Deaccession,27.73,28.74
Abstract_Linda_3633,Linda Smith,,Abstract,Wood,,6.0,,1950,75,No,Minimal,Acquired from Artist,2.86,4.66
Abstract_Greg_3634,Greg Baldwin,0.61,Abstract,Clay,24.0,8.0,2028.0,1862,163,No,Minimal,Gallery Exhibition,3.97,5.03
Minimalist_Joan_3635,Joan Budd,,Minimalist,,22.0,10.0,419022.0,1958,67,Yes,Rustic,Inherited Estate,1349.63,1351.42
Abstract_Donna_3636,Donna Peterson,,Abstract,Marble,24.0,12.0,,2013,12,Yes,Expressive,Museum Deaccession,1208.71,1099.94
Classical_Darlene_3637,Darlene Eaton,0.59,Classical,Brass,25.0,10.0,24399.0,1987,38,Yes,Rustic,Inherited Estate,42.09,49.67
Modern_Alice_3638,Alice Yoshimura,,Modern,Bronze,30.0,16.0,27101.0,1900,125,No,Rustic,Auctioned in London,86.48,83.84
Baroque_Chad_3639,Chad Veney,0.3,Baroque,,12.0,7.0,3232.0,1866,159,No,Intricate,Inherited Estate,7.38,8.49
Renaissance_Peter_3640,Peter Kelley,,Renaissance,Wood,,6.0,117.0,1987,38,Yes,Expressive,Acquired from Artist,5.63,6.09
Minimalist_Brenda_3641,Brenda Holman,0.82,Minimalist,,26.0,15.0,2662332.0,1865,160,No,Intricate,Auctioned in New York,14718.09,19759.53
Minimalist_Karen_3642,Karen Zajac,0.66,Minimalist,Brass,36.0,7.0,18371.0,1942,83,No,Elegant,Inherited Estate,47.37,58.36
Classical_Holly_3643,Holly Bates,0.8,Classical,Wood,24.0,16.0,690.0,1892,133,No,Expressive,Inherited Estate,2.59,3.91
Contemporary_David_3644,David Kearney,0.68,Contemporary,Stone,,8.0,106300.0,1876,149,No,Expressive,Auctioned in New York,279.54,316.32
Contemporary_Jerry_3645,Jerry Kwan,,Contemporary,Brass,29.0,9.0,10286.0,1905,120,No,Expressive,Museum Deaccession,29.26,27.14
Minimalist_John_3646,John Drake,0.84,Minimalist,Wood,27.0,13.0,,1946,79,No,Elegant,Private Collection,4.53,6.9
Renaissance_Dona_3647,Dona Lloyd,0.16,Renaissance,Marble,8.0,4.0,4081.0,2012,13,Yes,Minimal,Gallery Exhibition,12.25,12.69
Contemporary_Jennifer_3648,Jennifer Gard,0.06,Contemporary,,17.0,12.0,1017.0,1937,88,No,Expressive,Inherited Estate,5.21,4.89
Classical_Otis_3649,Otis Frame,0.08,Classical,Aluminium,25.0,21.0,918.0,2006,19,Yes,Elegant,Private Collection,2.8,3.15
Renaissance_Elena_3650,Elena Dunham,0.67,Renaissance,Brass,50.0,7.0,19255.0,2015,10,Yes,Rustic,Private Collection,40.7,53.9
Abstract_Rose_3651,Rose Wylie,0.22,Abstract,,19.0,9.0,13417.0,2002,23,Yes,Vibrant,Private Collection,23.54,39.19
Contemporary_Michael_3652,Michael Delargy,0.14,Contemporary,Aluminium,18.0,6.0,530.0,1907,118,No,Elegant,Auctioned in New York,3.82,5.23
Renaissance_Donald_3653,Donald Hanauer,0.0,Renaissance,Marble,41.0,21.0,5190779.0,1911,114,No,Polished,Private Collection,2781.88,4508.07
Contemporary_Barbara_3654,Barbara Rodrigues,0.38,Contemporary,Marble,5.0,4.0,959.0,1892,133,No,Intricate,Acquired from Artist,4.72,5.18
Abstract_James_3655,James Dunham,0.42,Abstract,,24.0,6.0,107047.0,1917,108,No,Expressive,Private Collection,168.15,169.31
Abstract_Rose_3656,Rose Meres,0.63,Abstract,Stone,4.0,4.0,679.0,1993,32,Yes,Rustic,Museum Deaccession,3.91,3.68
Baroque_Cathy_3657,Cathy Strader,0.29,Baroque,,27.0,7.0,301.0,1928,97,No,Intricate,Gallery Exhibition,5.23,4.92
Abstract_Deborah_3658,Deborah Scales,0.92,Abstract,Stone,33.0,,,2016,9,Yes,Intricate,Gallery Exhibition,2552.78,2877.65
Renaissance_Gwen_3659,Gwen Russell,0.71,Renaissance,Bronze,3.0,3.0,39.0,1890,135,No,Polished,Acquired from Artist,6.3,6.42
Renaissance_Carly_3660,Carly Mclendon,0.74,Renaissance,Clay,23.0,,2320.0,1924,101,No,Expressive,Inherited Estate,10.59,10.37
Classical_Donna_3661,Donna Dietrich,0.1,Classical,Clay,22.0,14.0,4065.0,1879,146,No,Polished,Private Collection,3.57,3.57
Abstract_Wendell_3662,Wendell Mabry,0.6,Abstract,Marble,18.0,7.0,75909.0,1951,74,Yes,Rustic,Auctioned in London,36.81,35.24
Contemporary_Willie_3663,Willie Sawyers,0.39,Contemporary,Stone,11.0,8.0,62164.0,1968,57,Yes,Rustic,Museum Deaccession,332.2,425.76
Modern_Richard_3664,Richard Carr,0.56,Modern,Wood,30.0,16.0,483.0,1962,63,Yes,Elegant,Museum Deaccession,5.25,5.37
Modern_Annabelle_3665,Annabelle Rader,0.31,Modern,Marble,10.0,,2733.0,1992,33,Yes,Polished,Private Collection,5.35,5.68
Modern_Max_3666,Max Holquin,0.58,Modern,Stone,8.0,4.0,4412.0,1858,167,No,Rustic,Gallery Exhibition,26.81,27.99
Contemporary_Joseph_3667,Joseph Robinson,0.71,Contemporary,Stone,4.0,,376.0,1931,94,No,Minimal,Auctioned in London,3.59,5.72
Renaissance_Marjorie_3668,Marjorie Harris,0.16,Renaissance,Aluminium,17.0,10.0,804.0,1969,56,Yes,Polished,Inherited Estate,4.87,5.97
Contemporary_John_3669,John Perez,0.01,Contemporary,,25.0,10.0,9155.0,1891,134,No,Minimal,Auctioned in New York,7.49,9.59
Classical_Megan_3670,Megan Morrison,0.84,Classical,Bronze,31.0,11.0,13903.0,1874,151,No,Expressive,Inherited Estate,68.34,102.87
Contemporary_William_3671,William Clevenger,0.11,Contemporary,Aluminium,26.0,11.0,1745.0,2003,22,Yes,Expressive,Auctioned in New York,4.18,4.83
Modern_Jessica_3672,Jessica Weiss,0.3,Modern,Clay,4.0,3.0,48.0,1993,32,Yes,Minimal,Auctioned in New York,2.85,4.34
Abstract_Lashanda_3673,Lashanda Knapp,0.73,Abstract,Marble,12.0,7.0,28301.0,1860,165,No,Elegant,Auctioned in London,117.26,176.51
Modern_Robert_3674,Robert Beck,0.58,Modern,,3.0,3.0,58.0,1859,166,No,Elegant,Museum Deaccession,5.89,6.45
Modern_Laura_3675,Laura Caul,0.11,Modern,Wood,19.0,7.0,66.0,1949,76,No,Elegant,Gallery Exhibition,5.95,6.79
Modern_Christy_3676,Christy Bell,0.25,Modern,Aluminium,32.0,11.0,1030.0,1959,66,Yes,Expressive,Gallery Exhibition,3.53,3.72
Contemporary_Solomon_3677,Solomon Decoteau,0.68,Contemporary,Bronze,40.0,8.0,20765.0,1878,147,No,Polished,Museum Deaccession,33.04,46.67
Minimalist_Joel_3678,Joel Williams,0.92,Minimalist,,45.0,8.0,7128.0,1884,141,No,Vibrant,Private Collection,38.88,46.52
Classical_Milton_3679,Milton Horn,0.21,Classical,Aluminium,19.0,11.0,749.0,1902,123,No,Rustic,Auctioned in London,6.3,6.38
Modern_Maria_3680,Maria Weiss,0.19,Modern,Brass,9.0,5.0,1172.0,1982,43,Yes,Polished,Private Collection,3.96,5.07
Contemporary_Thomas_3681,Thomas Baker,0.87,Contemporary,Stone,15.0,7.0,95122.0,1965,60,Yes,Minimal,Inherited Estate,101.61,142.91
Abstract_Gary_3682,Gary Olson,0.29,Abstract,Brass,28.0,7.0,14818.0,1865,160,No,Rustic,Private Collection,9.71,10.19
Contemporary_Israel_3683,Israel Tsang,0.95,Contemporary,,,7.0,11219.0,1895,130,No,Elegant,Inherited Estate,59.08,95.94
Modern_Craig_3684,Craig Stimmell,0.78,Modern,Stone,19.0,,207319.0,1925,100,No,Rustic,Auctioned in New York,1669.46,1807.26
Contemporary_Christopher_3685,Christopher Scott,0.66,Contemporary,Bronze,41.0,12.0,26968.0,1871,154,No,Minimal,Auctioned in London,81.29,123.28
Modern_Eleanor_3686,Eleanor Sharp,0.09,Modern,Bronze,27.0,12.0,23798.0,1899,126,No,Rustic,Auctioned in New York,29.42,42.23
Minimalist_Joseph_3687,Joseph Howard,0.66,Minimalist,Wood,31.0,17.0,652.0,1967,58,Yes,Intricate,Museum Deaccession,4.8,5.73
Minimalist_Neva_3688,Neva Friedman,0.69,Minimalist,Stone,15.0,,59322.0,1965,60,Yes,Intricate,Private Collection,100.66,106.32
Contemporary_Ella_3689,Ella Meadows,0.17,Contemporary,Brass,33.0,16.0,62633.0,2016,9,Yes,Polished,Auctioned in London,12.29,13.38
Modern_Chong_3690,Chong Koller,0.89,Modern,,24.0,11.0,15087.0,1975,50,Yes,Intricate,Auctioned in New York,56.35,72.01
Contemporary_Landon_3691,Landon Mack,0.98,Contemporary,,3.0,3.0,62.0,1931,94,No,Expressive,Gallery Exhibition,4.02,4.65
Renaissance_Roosevelt_3692,Roosevelt Cullen,0.12,Renaissance,Brass,32.0,8.0,29448.0,1886,139,No,Polished,Gallery Exhibition,21.57,20.64
Contemporary_Alexander_3693,Alexander Mullins,0.81,Contemporary,Bronze,19.0,7.0,2535.0,1920,105,No,Polished,Auctioned in London,9.4,9.23
Abstract_Joseph_3694,Joseph Rivers,0.01,Abstract,Brass,23.0,9.0,7768.0,1918,107,No,Intricate,Museum Deaccession,14.32,16.46
Baroque_Daisy_3695,Daisy Masters,0.71,Baroque,Aluminium,14.0,8.0,236.0,1914,111,No,Elegant,Auctioned in London,5.29,4.93
Minimalist_Jamie_3696,Jamie Taylor,,Minimalist,,3.0,2.0,58.0,2013,12,Yes,Expressive,Gallery Exhibition,3.31,5.09
Baroque_Linda_3697,Linda Terrell,,Baroque,Stone,,4.0,2455.0,1977,48,Yes,Minimal,Private Collection,3.65,5.21
Modern_Joseph_3698,Joseph Barnett,0.31,Modern,Aluminium,6.0,4.0,44.0,1898,127,No,Rustic,Private Collection,3.37,5.08
Classical_Jacalyn_3699,Jacalyn Arce,0.57,Classical,Stone,36.0,,5388574.0,1966,59,Yes,Expressive,Inherited Estate,41628.29,38453.27
Minimalist_Kristen_3700,Kristen Hoffarth,,Minimalist,Aluminium,3.0,2.0,11.0,1859,166,No,Polished,Museum Deaccession,3.72,4.01
Classical_Charlie_3701,Charlie Trout,0.13,Classical,Wood,57.0,37.0,2388.0,1932,93,No,Expressive,Gallery Exhibition,3.26,3.44
Baroque_William_3702,William White,0.23,Baroque,Aluminium,5.0,3.0,44.0,1852,173,No,Rustic,Auctioned in London,7.17,6.52
Renaissance_Karl_3703,Karl Marshall,0.51,Renaissance,Aluminium,17.0,8.0,770.0,1869,156,No,Polished,Gallery Exhibition,3.97,5.84
Classical_Willie_3704,Willie Cook,,Classical,,6.0,5.0,2711.0,2004,21,Yes,Elegant,Gallery Exhibition,7.97,8.37
Modern_Amber_3705,Amber Glover,,Modern,Wood,13.0,8.0,,1970,55,Yes,Vibrant,Private Collection,3.21,4.89
Modern_Elmer_3706,Elmer Schmidt,0.43,Modern,Brass,21.0,,9118.0,2010,15,Yes,Vibrant,Auctioned in London,19.49,19.32
Contemporary_Mary_3707,Mary Williams,0.26,Contemporary,Stone,31.0,9.0,802079.0,1968,57,Yes,Intricate,Auctioned in London,915.47,875.84
Abstract_Nelson_3708,Nelson Eychaner,0.08,Abstract,Bronze,18.0,7.0,3521.0,1945,80,No,Minimal,Auctioned in New York,4.29,5.46
Classical_Andy_3709,Andy Anderson,0.17,Classical,Wood,41.0,15.0,577.0,1893,132,No,Rustic,Inherited Estate,3.7,5.65
Modern_Brianne_3710,Brianne May,0.71,Modern,Clay,16.0,6.0,907.0,2007,18,Yes,Expressive,Museum Deaccession,2.42,3.44
Renaissance_Virginia_3711,Virginia Smith,,Renaissance,Marble,15.0,6.0,45264.0,1897,128,No,Expressive,Auctioned in New York,99.53,140.88
Abstract_George_3712,George Loos,0.38,Abstract,Brass,13.0,6.0,1034.0,1971,54,Yes,Intricate,Auctioned in New York,4.05,4.63
Renaissance_Robert_3713,Robert Gaskin,0.13,Renaissance,Aluminium,25.0,9.0,332.0,1970,55,Yes,Elegant,Gallery Exhibition,4.8,5.33
Minimalist_Gerald_3714,Gerald Mccormick,0.54,Minimalist,Brass,34.0,18.0,80943.0,1898,127,No,Polished,Private Collection,427.95,530.27
Renaissance_Stuart_3715,Stuart Wall,0.17,Renaissance,Stone,32.0,15.0,999739.0,1856,169,No,Vibrant,Museum Deaccession,975.66,1405.89
Minimalist_Wendy_3716,Wendy Hicks,0.26,Minimalist,Marble,52.0,27.0,13037599.0,1994,31,Yes,Minimal,Acquired from Artist,2934.75,2892.21
Classical_Melvin_3717,Melvin Franks,0.25,Classical,Stone,19.0,8.0,281646.0,1971,54,Yes,Polished,Gallery Exhibition,552.55,755.78
Abstract_Louis_3718,Louis Lent,0.35,Abstract,,34.0,21.0,7593.0,1992,33,Yes,Elegant,Museum Deaccession,15.39,22.76
Contemporary_Betty_3719,Betty Winkleman,0.78,Contemporary,Wood,19.0,6.0,250.0,1965,60,Yes,Elegant,Acquired from Artist,5.03,5.49
Abstract_Stella_3720,Stella Smith,0.09,Abstract,Marble,35.0,19.0,3997714.0,1965,60,Yes,Intricate,Auctioned in London,2510.94,3130.51
Contemporary_Jean_3721,Jean Patterson,0.97,Contemporary,Brass,25.0,8.0,9752.0,1931,94,No,Expressive,Acquired from Artist,78.3,91.74
Classical_Isaac_3722,Isaac Burks,,Classical,Brass,18.0,7.0,4847.0,2003,22,Yes,Elegant,Museum Deaccession,5.25,5.19
Classical_Lynne_3723,Lynne Mcilhinney,0.46,Classical,,23.0,10.0,15895.0,1972,53,Yes,Elegant,Auctioned in New York,42.54,62.24
Renaissance_Harry_3724,Harry Lysiak,0.38,Renaissance,Stone,8.0,5.0,11611.0,1927,98,No,Elegant,Acquired from Artist,8.68,11.38
Classical_Dennis_3725,Dennis Lomasney,,Classical,Brass,26.0,12.0,33054.0,1974,51,Yes,Elegant,Gallery Exhibition,97.25,94.16
Renaissance_Erich_3726,Erich Choate,0.69,Renaissance,Marble,19.0,7.0,45181.0,1920,105,No,Intricate,Acquired from Artist,234.54,302.44
Modern_Paula_3727,Paula Moore,0.41,Modern,Clay,11.0,7.0,,1988,37,Yes,Rustic,Auctioned in New York,5.03,6.62
Renaissance_Kimberly_3728,Kimberly English,0.37,Renaissance,Aluminium,25.0,15.0,1492.0,1981,44,Yes,Rustic,Inherited Estate,5.32,6.66
Renaissance_Patrick_3729,Patrick Walsh,0.57,Renaissance,Bronze,25.0,6.0,2862.0,1957,68,Yes,Polished,Private Collection,5.12,8.18
Modern_Jeanelle_3730,Jeanelle Carpino,0.62,Modern,Wood,46.0,17.0,1110.0,1936,89,No,Rustic,Auctioned in London,5.62,6.52
Contemporary_Jesse_3731,Jesse Martinez,0.43,Contemporary,Bronze,35.0,13.0,,1956,69,Yes,Rustic,Museum Deaccession,132.14,161.95
Baroque_Penny_3732,Penny Cribb,0.56,Baroque,Marble,23.0,13.0,679881.0,1938,87,No,Elegant,Acquired from Artist,756.65,876.29
Abstract_Susan_3733,Susan Woodall,0.57,Abstract,Bronze,22.0,15.0,5352.0,2005,20,Yes,Polished,Acquired from Artist,33.79,35.67
Baroque_Donald_3734,Donald Rincon,,Baroque,Clay,7.0,4.0,,2011,14,Yes,Intricate,Gallery Exhibition,3.09,4.95
Modern_Florrie_3735,Florrie Giuffrida,0.85,Modern,Bronze,36.0,20.0,80924.0,1920,105,No,Elegant,Auctioned in London,270.56,307.61
Minimalist_Susan_3736,Susan Strong,0.72,Minimalist,Aluminium,25.0,13.0,1829.0,1929,96,No,Vibrant,Private Collection,5.59,5.93
Contemporary_Marion_3737,Marion Drake,,Contemporary,Marble,22.0,13.0,409614.0,1860,165,No,Rustic,Museum Deaccession,2131.98,2120.37
Abstract_Kara_3738,Kara Paulin,0.81,Abstract,Marble,14.0,8.0,35758.0,1910,115,No,Elegant,Auctioned in New York,197.72,198.16
Modern_Louis_3739,Louis Merritt,0.33,Modern,Bronze,32.0,9.0,8273.0,1942,83,No,Rustic,Acquired from Artist,4.18,5.97
Modern_Christopher_3740,Christopher Stephen,0.51,Modern,Wood,16.0,6.0,178.0,1971,54,Yes,Minimal,Auctioned in London,5.42,6.14
Baroque_Alvin_3741,Alvin Gay,0.37,Baroque,Wood,21.0,6.0,207.0,1963,62,Yes,Minimal,Museum Deaccession,3.8,4.42
Baroque_Margot_3742,Margot Swayzer,0.58,Baroque,Aluminium,14.0,7.0,440.0,1946,79,No,Minimal,Auctioned in London,3.7,3.45
Classical_Mary_3743,Mary Johnson,0.43,Classical,Marble,9.0,4.0,4138.0,1952,73,Yes,Intricate,Auctioned in New York,16.1,16.31
Abstract_Candice_3744,Candice Young,0.57,Abstract,Bronze,17.0,9.0,5960.0,1855,170,No,Rustic,Auctioned in London,17.11,16.05
Contemporary_Hazel_3745,Hazel Nikolic,0.45,Contemporary,Marble,21.0,10.0,159037.0,1857,168,No,Vibrant,Museum Deaccession,217.29,271.39
Baroque_Robert_3746,Robert Flax,,Baroque,Wood,24.0,6.0,155.0,2015,10,Yes,Expressive,Inherited Estate,4.55,6.68
Classical_Judy_3747,Judy Russell,,Classical,,39.0,,,1890,135,No,Vibrant,Private Collection,59.44,55.47
Renaissance_Brian_3748,Brian Turner,,Renaissance,,22.0,10.0,13313.0,1873,152,No,Vibrant,Auctioned in New York,81.6,74.38
Modern_Francisco_3749,Francisco Jones,0.27,Modern,Brass,3.0,2.0,41.0,1968,57,Yes,Elegant,Private Collection,2.54,3.51
Renaissance_Judith_3750,Judith Miller,0.06,Renaissance,Marble,22.0,7.0,55542.0,1940,85,No,Polished,Museum Deaccession,154.13,199.14
Baroque_Edgar_3751,Edgar Lopez,0.11,Baroque,Aluminium,40.0,10.0,1626.0,1973,52,Yes,Polished,Acquired from Artist,2.66,3.01
Abstract_Andre_3752,Andre Mast,0.38,Abstract,Marble,18.0,9.0,68615.0,1997,28,Yes,Rustic,Auctioned in New York,398.98,380.96
Abstract_Douglas_3753,Douglas Tondreau,,Abstract,Aluminium,19.0,6.0,457.0,1934,91,No,Expressive,Auctioned in London,4.96,5.93
Modern_Sara_3754,Sara Michaud,0.69,Modern,Stone,11.0,6.0,25430.0,1858,167,No,Elegant,Inherited Estate,162.97,247.65
Renaissance_Lisa_3755,Lisa Zuniga,0.17,Renaissance,,11.0,8.0,,1921,104,No,Minimal,Auctioned in New York,4.39,5.74
Contemporary_Leona_3756,Leona Gravel,0.6,Contemporary,Marble,12.0,8.0,57131.0,1878,147,No,Vibrant,Gallery Exhibition,342.05,332.89
Contemporary_Myra_3757,Myra Hancock,0.12,Contemporary,Marble,22.0,9.0,230104.0,1972,53,Yes,Expressive,Inherited Estate,548.8,742.21
Minimalist_James_3758,James Picard,0.51,Minimalist,Bronze,47.0,7.0,5694.0,1988,37,Yes,Minimal,Museum Deaccession,28.36,26.02
Contemporary_Wesley_3759,Wesley Chavez,0.18,Contemporary,Clay,6.0,5.0,197.0,2010,15,Yes,Elegant,Inherited Estate,4.0,4.17
Renaissance_Francis_3760,Francis Henry,0.33,Renaissance,Brass,21.0,11.0,21370.0,2014,11,Yes,Elegant,Inherited Estate,17.58,18.63
Abstract_Jeremiah_3761,Jeremiah Griggs,0.89,Abstract,Wood,13.0,8.0,135.0,1922,103,No,Expressive,Inherited Estate,4.57,5.57
Minimalist_Mary_3762,Mary Lasenby,0.46,Minimalist,Wood,17.0,11.0,98.0,1969,56,Yes,Elegant,Private Collection,4.17,5.42
Abstract_Carol_3763,Carol Smith,0.13,Abstract,Aluminium,28.0,11.0,1043.0,1893,132,No,Minimal,Private Collection,5.17,6.48
Contemporary_Gerald_3764,Gerald Thompson,0.22,Contemporary,Stone,10.0,5.0,15206.0,1988,37,Yes,Rustic,Private Collection,27.63,26.23
Abstract_Karl_3765,Karl Cochran,0.42,Abstract,Stone,16.0,8.0,209013.0,2006,19,Yes,Polished,Acquired from Artist,168.91,226.64
Classical_Walter_3766,Walter Mode,0.22,Classical,Wood,22.0,8.0,258.0,1873,152,No,Polished,Private Collection,3.44,4.76
Baroque_Tara_3767,Tara Ditto,0.28,Baroque,Wood,18.0,7.0,243.0,1866,159,No,Intricate,Inherited Estate,4.06,3.92
Baroque_Jeremiah_3768,Jeremiah Fraction,0.48,Baroque,Stone,12.0,7.0,26367.0,1866,159,No,Minimal,Inherited Estate,125.63,157.67
Contemporary_Traci_3769,Traci Dishman,0.56,Contemporary,Stone,47.0,15.0,7929007.0,1928,97,No,Rustic,Gallery Exhibition,26273.47,34009.33
Minimalist_Brian_3770,Brian Clement,0.8,Minimalist,Wood,29.0,7.0,220.0,1915,110,No,Rustic,Auctioned in London,2.04,3.34
Abstract_Bonnie_3771,Bonnie Keller,0.7,Abstract,Stone,11.0,7.0,15138.0,1954,71,Yes,Elegant,Private Collection,47.57,43.58
Renaissance_Carolyn_3772,Carolyn Foster,0.16,Renaissance,,9.0,5.0,84.0,1944,81,No,Vibrant,Gallery Exhibition,3.32,5.36
Renaissance_William_3773,William Franco,0.72,Renaissance,,5.0,5.0,2850.0,1956,69,Yes,Elegant,Gallery Exhibition,7.36,10.28
Classical_Sharon_3774,Sharon Owens,0.77,Classical,Wood,36.0,17.0,375.0,1954,71,Yes,Expressive,Acquired from Artist,1.95,3.03
Contemporary_Charlette_3775,Charlette Horn,0.29,Contemporary,Clay,37.0,9.0,4151.0,2004,21,Yes,Rustic,Inherited Estate,8.57,9.07
Abstract_Jennifer_3776,Jennifer Washington,0.47,Abstract,Aluminium,8.0,4.0,47.0,2018,7,Yes,Polished,Gallery Exhibition,6.18,5.8
Classical_Candy_3777,Candy Berry,0.79,Classical,Brass,21.0,10.0,10005.0,1971,54,Yes,Elegant,Auctioned in New York,48.4,47.01
Minimalist_John_3778,John Jaeger,0.23,Minimalist,Stone,24.0,11.0,522326.0,1935,90,No,Polished,Acquired from Artist,1299.34,2148.94
Abstract_Luis_3779,Luis Harris,0.23,Abstract,Brass,34.0,11.0,59131.0,1983,42,Yes,Minimal,Museum Deaccession,113.4,145.61
Modern_Ashley_3780,Ashley Steere,0.12,Modern,Brass,13.0,6.0,1103.0,1970,55,Yes,Expressive,Private Collection,4.38,5.2
Renaissance_Trudi_3781,Trudi Neel,0.26,Renaissance,Aluminium,18.0,10.0,456.0,1877,148,No,Vibrant,Private Collection,6.93,6.58
Abstract_Tom_3782,Tom Duran,0.54,Abstract,Stone,24.0,11.0,473744.0,1885,140,No,Polished,Auctioned in New York,1104.13,1767.43
Renaissance_Betty_3783,Betty Price,0.89,Renaissance,Marble,16.0,8.0,56467.0,1969,56,Yes,Intricate,Inherited Estate,89.94,122.63
Minimalist_Heather_3784,Heather Alexander,0.65,Minimalist,Clay,13.0,8.0,396.0,1999,26,Yes,Expressive,Museum Deaccession,2.4,3.47
Abstract_Chad_3785,Chad Moore,0.73,Abstract,Marble,19.0,7.0,23520.0,2003,22,Yes,Vibrant,Gallery Exhibition,64.33,68.75
Modern_Erin_3786,Erin Robertson,0.41,Modern,Bronze,8.0,4.0,432.0,2017,8,Yes,Minimal,Gallery Exhibition,4.03,5.53
Abstract_Janet_3787,Janet Allison,0.16,Abstract,Brass,24.0,17.0,50717.0,1950,75,No,Vibrant,Acquired from Artist,68.7,92.22
Classical_Helen_3788,Helen Pittman,,Classical,Bronze,32.0,10.0,18651.0,2010,15,Yes,Vibrant,Auctioned in London,29.33,30.68
Minimalist_Amanda_3789,Amanda Drakes,0.81,Minimalist,,27.0,15.0,18958.0,1851,174,No,Minimal,Acquired from Artist,36.39,43.8
Renaissance_Emma_3790,Emma Greer,0.61,Renaissance,Brass,,,,1875,150,No,Expressive,Auctioned in New York,39.13,38.13
Contemporary_James_3791,James Richards,0.54,Contemporary,Wood,44.0,13.0,387.0,1935,90,No,Minimal,Auctioned in New York,3.74,5.99
Contemporary_Kimberly_3792,Kimberly Weathers,0.73,Contemporary,Brass,9.0,4.0,434.0,1962,63,Yes,Vibrant,Museum Deaccession,4.15,6.02
Contemporary_Sean_3793,Sean Boyte,0.11,Contemporary,Clay,18.0,11.0,1298.0,2005,20,Yes,Expressive,Private Collection,3.92,4.57
Classical_Gary_3794,Gary Phelps,0.79,Classical,Stone,26.0,9.0,628661.0,1881,144,No,Elegant,Inherited Estate,832.38,870.19
Abstract_Jimmy_3795,Jimmy Dixon,0.19,Abstract,Bronze,9.0,5.0,395.0,1904,121,No,Vibrant,Inherited Estate,4.24,4.19
Contemporary_Karen_3796,Karen Ortiz,0.51,Contemporary,Brass,26.0,8.0,14194.0,2000,25,Yes,Rustic,Gallery Exhibition,30.16,31.24
Abstract_James_3797,James Tipler,0.05,Abstract,Marble,20.0,13.0,381630.0,1913,112,No,Elegant,Museum Deaccession,380.31,523.37
Renaissance_Kyle_3798,Kyle Lindo,0.27,Renaissance,Bronze,45.0,7.0,18289.0,2020,5,Yes,Expressive,Auctioned in London,10.9,14.62
Modern_Kristin_3799,Kristin Jackson,0.09,Modern,,23.0,10.0,285530.0,1914,111,No,Polished,Private Collection,623.02,691.11
Baroque_Nikole_3800,Nikole Parks,0.76,Baroque,Bronze,30.0,15.0,31074.0,1922,103,No,Minimal,Auctioned in New York,34.61,41.07
Minimalist_Larry_3801,Larry Brooks,0.53,Minimalist,Aluminium,49.0,23.0,8417.0,1980,45,Yes,Rustic,Museum Deaccession,9.19,8.6
Classical_Perry_3802,Perry Collins,0.22,Classical,Wood,8.0,5.0,80.0,1851,174,No,Elegant,Auctioned in New York,4.64,6.08
Classical_Patricia_3803,Patricia Stovall,0.56,Classical,Marble,35.0,10.0,567613.0,1945,80,No,Minimal,Auctioned in New York,2576.09,2455.67
Contemporary_Gina_3804,Gina Ward,0.38,Contemporary,Marble,12.0,8.0,36829.0,1918,107,No,Rustic,Gallery Exhibition,180.59,222.23
Minimalist_Fred_3805,Fred Bachman,0.24,Minimalist,Stone,19.0,10.0,435642.0,1983,42,Yes,Expressive,Museum Deaccession,486.67,647.72
Classical_Diane_3806,Diane Fine,0.58,Classical,Bronze,5.0,5.0,265.0,1883,142,No,Rustic,Auctioned in London,3.84,5.06
Renaissance_Stephanie_3807,Stephanie Tyler,,Renaissance,Bronze,35.0,17.0,35542.0,1875,150,No,Rustic,Auctioned in New York,41.32,45.02
Renaissance_Sharon_3808,Sharon Greene,0.37,Renaissance,Stone,13.0,,121463.0,1878,147,No,Vibrant,Acquired from Artist,469.11,601.86
Contemporary_April_3809,April Dewitt,0.59,Contemporary,Marble,8.0,4.0,1065.0,1970,55,Yes,Minimal,Gallery Exhibition,3.6,3.56
Modern_Sandra_3810,Sandra Trejo,0.87,Modern,Clay,40.0,9.0,2989.0,1944,81,No,Polished,Auctioned in London,3.24,3.56
Renaissance_Mattie_3811,Mattie Gerhardt,0.61,Renaissance,Aluminium,29.0,6.0,529.0,2020,5,Yes,Minimal,Auctioned in London,3.52,5.74
Modern_Joseph_3812,Joseph Moss,,Modern,Bronze,30.0,22.0,52276.0,1895,130,No,Elegant,Acquired from Artist,20.94,22.08
Modern_Melissa_3813,Melissa Morris,0.63,Modern,Clay,34.0,14.0,5507.0,1969,56,Yes,Minimal,Acquired from Artist,19.94,18.18
Renaissance_Walter_3814,Walter Pensinger,0.41,Renaissance,Aluminium,12.0,8.0,406.0,1862,163,No,Intricate,Gallery Exhibition,6.22,6.28
Contemporary_Gayle_3815,Gayle Sorenson,0.41,Contemporary,Wood,18.0,8.0,,1996,29,Yes,Polished,Inherited Estate,3.09,4.53
Modern_Lori_3816,Lori Patricio,0.91,Modern,Wood,7.0,4.0,45.0,1931,94,No,Intricate,Acquired from Artist,2.21,3.1
Modern_Scott_3817,Scott Palmer,0.47,Modern,Clay,26.0,10.0,3031.0,1874,151,No,Vibrant,Auctioned in New York,7.06,9.56
Minimalist_Willie_3818,Willie Miles,0.46,Minimalist,Stone,8.0,5.0,9063.0,1921,104,No,Vibrant,Auctioned in New York,12.16,15.02
Classical_James_3819,James Hendley,0.56,Classical,Bronze,34.0,10.0,14435.0,2009,16,Yes,Intricate,Acquired from Artist,14.13,22.68
Modern_Earl_3820,Earl Powers,0.41,Modern,Wood,18.0,7.0,189.0,1856,169,No,Polished,Acquired from Artist,4.55,6.58
Classical_Terrence_3821,Terrence Hamilton,0.99,Classical,Brass,52.0,19.0,,1885,140,No,Vibrant,Acquired from Artist,181.88,256.71
Classical_Jorge_3822,Jorge Parks,0.69,Classical,Wood,26.0,12.0,640.0,1865,160,No,Elegant,Gallery Exhibition,3.47,4.52
Modern_Richard_3823,Richard Swink,,Modern,Bronze,41.0,,77974.0,1868,157,No,Elegant,Auctioned in New York,349.07,337.98
Abstract_Grace_3824,Grace Loudermilk,0.81,Abstract,Bronze,33.0,,34602.0,1914,111,No,Polished,Auctioned in London,15.33,17.29
Abstract_Robert_3825,Robert Roach,0.58,Abstract,Aluminium,18.0,9.0,1090.0,2019,6,Yes,Rustic,Gallery Exhibition,6.05,7.03
Abstract_James_3826,James Badger,0.72,Abstract,,33.0,20.0,1180.0,2016,9,Yes,Expressive,Gallery Exhibition,4.09,6.17
Baroque_Christine_3827,Christine Brown,0.25,Baroque,Clay,34.0,18.0,9354.0,1949,76,No,Vibrant,Auctioned in New York,16.47,21.89
Contemporary_Oscar_3828,Oscar Davis,,Contemporary,Stone,21.0,15.0,,1989,36,Yes,Intricate,Private Collection,1914.18,1805.44
Renaissance_Cheryl_3829,Cheryl Kurohara,0.21,Renaissance,Stone,24.0,7.0,257075.0,1857,168,No,Elegant,Gallery Exhibition,261.57,424.18
Renaissance_Christina_3830,Christina Tackett,0.52,Renaissance,Stone,26.0,,,1927,98,No,Elegant,Private Collection,5062.99,5268.58
Baroque_Robert_3831,Robert Morris,0.59,Baroque,Brass,3.0,3.0,60.0,1958,67,Yes,Polished,Museum Deaccession,3.99,4.51
Modern_Carrie_3832,Carrie Henderson,0.52,Modern,Wood,12.0,8.0,114.0,1882,143,No,Intricate,Museum Deaccession,6.76,6.2
Contemporary_Kathleen_3833,Kathleen Anderson,0.58,Contemporary,Bronze,9.0,4.0,625.0,1939,86,No,Vibrant,Museum Deaccession,5.12,6.64
Minimalist_Nanci_3834,Nanci Au,0.24,Minimalist,Brass,,4.0,258.0,1894,131,No,Expressive,Auctioned in London,2.3,3.62
Minimalist_Thomas_3835,Thomas Forte,0.06,Minimalist,Stone,21.0,10.0,279574.0,1886,139,No,Polished,Auctioned in London,734.54,771.63
Contemporary_Lynda_3836,Lynda Butler,0.68,Contemporary,Bronze,19.0,,8915.0,1975,50,Yes,Elegant,Gallery Exhibition,25.98,29.61
Baroque_Janet_3837,Janet Goldstein,0.84,Baroque,Brass,17.0,6.0,3486.0,1960,65,Yes,Minimal,Gallery Exhibition,12.41,12.74
Renaissance_Kathleen_3838,Kathleen Akin,0.16,Renaissance,Marble,16.0,7.0,59081.0,1869,156,No,Elegant,Auctioned in New York,90.75,97.47
Contemporary_Vincent_3839,Vincent Kruchten,0.46,Contemporary,Wood,27.0,,479.0,1952,73,Yes,Elegant,Auctioned in New York,4.2,4.19
Contemporary_Lance_3840,Lance Madrid,0.21,Contemporary,Bronze,5.0,5.0,273.0,1988,37,Yes,Rustic,Acquired from Artist,2.14,3.17
Modern_Angelo_3841,Angelo Jeffery,0.88,Modern,Stone,8.0,,6920.0,1940,85,No,Expressive,Gallery Exhibition,52.39,65.44
Minimalist_Jacqueline_3842,Jacqueline Stack,0.22,Minimalist,Clay,21.0,11.0,3492.0,1975,50,Yes,Intricate,Inherited Estate,7.24,6.73
Minimalist_Debra_3843,Debra Amezcua,0.66,Minimalist,Wood,24.0,11.0,426.0,1931,94,No,Rustic,Auctioned in London,3.9,5.79
Abstract_Milton_3844,Milton Macias,0.74,Abstract,Aluminium,10.0,5.0,150.0,1861,164,No,Polished,Acquired from Artist,5.66,6.75
Minimalist_Grace_3845,Grace Skoog,,Minimalist,,25.0,16.0,31305.0,1883,142,No,Minimal,Museum Deaccession,77.81,89.74
Renaissance_Charles_3846,Charles Santana,0.77,Renaissance,Brass,30.0,13.0,30361.0,1969,56,Yes,Minimal,Auctioned in London,96.58,99.92
Renaissance_Barbara_3847,Barbara Dabney,0.2,Renaissance,,9.0,4.0,9739.0,1964,61,Yes,Polished,Gallery Exhibition,12.93,18.23
Abstract_Crystal_3848,Crystal Gold,0.73,Abstract,Stone,12.0,6.0,23126.0,1970,55,Yes,Intricate,Private Collection,130.32,163.64
Contemporary_Marion_3849,Marion Hernandez,0.81,Contemporary,Brass,21.0,6.0,8356.0,1930,95,No,Vibrant,Inherited Estate,6.23,8.56
Classical_Dexter_3850,Dexter Polk,0.52,Classical,Wood,12.0,6.0,,1859,166,No,Vibrant,Gallery Exhibition,3.38,5.29
Contemporary_Lamar_3851,Lamar Bosworth,0.29,Contemporary,Stone,10.0,4.0,8872.0,1930,95,No,Vibrant,Inherited Estate,8.28,7.67
Minimalist_Travis_3852,Travis Bachorski,0.21,Minimalist,Stone,15.0,,45965.0,1939,86,No,Expressive,Auctioned in London,120.31,188.55
Modern_Stanley_3853,Stanley Jolicoeur,0.59,Modern,Marble,23.0,11.0,476719.0,1947,78,No,Polished,Acquired from Artist,2460.98,2694.37
Classical_Donna_3854,Donna Rademacher,0.29,Classical,Wood,13.0,8.0,164.0,1868,157,No,Vibrant,Gallery Exhibition,4.59,4.52
Baroque_Kevin_3855,Kevin Mayfield,0.27,Baroque,Brass,4.0,4.0,171.0,1902,123,No,Rustic,Auctioned in New York,3.48,3.22
Modern_Meredith_3856,Meredith Wilson,,Modern,Bronze,21.0,7.0,,1898,127,No,Expressive,Gallery Exhibition,25.58,30.06
Modern_Myrtle_3857,Myrtle Brightwell,,Modern,Wood,,11.0,244.0,1963,62,Yes,Rustic,Acquired from Artist,4.63,5.98
Contemporary_Lawrence_3858,Lawrence Richards,0.23,Contemporary,Marble,15.0,6.0,36904.0,1946,79,No,Intricate,Acquired from Artist,130.51,132.02
Modern_Janet_3859,Janet Hawkins,0.63,Modern,Brass,33.0,,84689.0,1887,138,No,Vibrant,Auctioned in New York,285.23,311.59
Modern_Frank_3860,Frank Driscoll,0.38,Modern,Wood,5.0,5.0,41.0,1996,29,Yes,Expressive,Inherited Estate,5.19,5.08
Abstract_George_3861,George Edie,0.29,Abstract,Stone,11.0,7.0,59056.0,2004,21,Yes,Minimal,Inherited Estate,82.83,124.57
Baroque_Jeffrey_3862,Jeffrey Ford,,Baroque,Brass,20.0,8.0,10532.0,1981,44,Yes,Minimal,Inherited Estate,7.13,7.39
Contemporary_Clara_3863,Clara Wagner,0.94,Contemporary,Aluminium,,14.0,2254.0,1957,68,Yes,Rustic,Private Collection,5.66,5.75
Renaissance_Maureen_3864,Maureen Fortin,0.69,Renaissance,Brass,11.0,7.0,2027.0,1928,97,No,Expressive,Inherited Estate,3.71,3.72
Minimalist_Raymond_3865,Raymond Pete,0.46,Minimalist,Bronze,7.0,5.0,483.0,1958,67,Yes,Rustic,Private Collection,3.77,4.42
Abstract_Robert_3866,Robert Clark,,Abstract,Marble,3.0,3.0,242.0,1872,153,No,Minimal,Auctioned in London,3.07,3.82
Classical_Jacob_3867,Jacob Headley,0.4,Classical,Brass,30.0,14.0,38846.0,2005,20,Yes,Expressive,Private Collection,34.21,42.12
Minimalist_Roger_3868,Roger Kader,0.12,Minimalist,Wood,33.0,12.0,676.0,1990,35,Yes,Polished,Auctioned in London,2.18,3.48
Classical_Malcolm_3869,Malcolm Hogarth,0.92,Classical,Marble,35.0,7.0,276869.0,1977,48,Yes,Elegant,Acquired from Artist,1202.63,1749.03
Baroque_Pedro_3870,Pedro Jackman,0.38,Baroque,Clay,32.0,10.0,2493.0,1852,173,No,Minimal,Auctioned in London,5.01,5.56
Classical_Candace_3871,Candace Cecil,,Classical,Brass,32.0,,,1869,156,No,Minimal,Auctioned in London,301.01,294.4
Abstract_John_3872,John Cooper,0.8,Abstract,Marble,33.0,17.0,1142570.0,1932,93,No,Rustic,Gallery Exhibition,1757.35,1751.41
Classical_Stephen_3873,Stephen Roberto,0.45,Classical,Wood,,,429.0,1919,106,No,Vibrant,Auctioned in New York,5.83,5.79
Modern_Benjamin_3874,Benjamin Hale,0.62,Modern,Bronze,20.0,10.0,7129.0,1972,53,Yes,Minimal,Museum Deaccession,21.76,33.86
Contemporary_Richard_3875,Richard Sanders,,Contemporary,Marble,26.0,6.0,129309.0,1942,83,No,Vibrant,Inherited Estate,545.68,812.21
Classical_James_3876,James Pumper,,Classical,,30.0,8.0,,1872,153,No,Vibrant,Auctioned in London,2.5,3.08
Minimalist_Jose_3877,Jose Wallace,0.71,Minimalist,,,,312444.0,2009,16,Yes,Intricate,Auctioned in New York,1987.51,2546.03
Abstract_Carla_3878,Carla Graham,,Abstract,Stone,29.0,21.0,4618056.0,1891,134,No,Minimal,Auctioned in New York,13308.84,18975.45
Modern_Deborah_3879,Deborah Pilcher,0.17,Modern,Marble,13.0,7.0,33635.0,2014,11,Yes,Polished,Inherited Estate,94.83,140.32
Baroque_Raymond_3880,Raymond Menze,,Baroque,Clay,12.0,8.0,515.0,1933,92,No,Polished,Inherited Estate,5.1,6.86
Minimalist_Judith_3881,Judith Ochoa,0.81,Minimalist,Stone,13.0,7.0,66230.0,1927,98,No,Vibrant,Private Collection,255.82,365.42
Modern_Kim_3882,Kim Cruz,0.55,Modern,Wood,18.0,6.0,128.0,1981,44,Yes,Vibrant,Private Collection,3.2,3.72
Baroque_Elena_3883,Elena Garcia,0.07,Baroque,Bronze,42.0,14.0,56495.0,1994,31,Yes,Elegant,Acquired from Artist,77.06,86.23
Abstract_Nancy_3884,Nancy Glass,0.08,Abstract,Clay,4.0,,39.0,1913,112,No,Polished,Gallery Exhibition,4.23,5.47
Abstract_Leonor_3885,Leonor Gaines,0.32,Abstract,Bronze,29.0,14.0,19595.0,1876,149,No,Expressive,Private Collection,42.14,41.85
Abstract_Beatrice_3886,Beatrice Mathison,,Abstract,Marble,5.0,5.0,1392.0,1976,49,Yes,Rustic,Inherited Estate,2.61,3.81
Renaissance_Randall_3887,Randall Ransdell,0.98,Renaissance,Aluminium,13.0,7.0,415.0,1929,96,No,Intricate,Auctioned in London,7.38,6.74
Classical_Harold_3888,Harold Holly,,Classical,Marble,25.0,11.0,189314.0,1985,40,Yes,Elegant,Auctioned in London,360.2,334.69
Classical_Audrey_3889,Audrey Malekan,0.33,Classical,Wood,11.0,8.0,139.0,1900,125,No,Minimal,Acquired from Artist,7.09,6.73
Contemporary_Gilbert_3890,Gilbert Monti,0.72,Contemporary,Marble,57.0,19.0,9502360.0,1901,124,No,Intricate,Inherited Estate,29260.45,33271.54
Minimalist_Michele_3891,Michele Young,0.63,Minimalist,Brass,12.0,8.0,3237.0,1936,89,No,Vibrant,Auctioned in New York,15.76,14.46
Modern_Rebecca_3892,Rebecca Green,0.13,Modern,Wood,33.0,19.0,808.0,1998,27,Yes,Elegant,Inherited Estate,2.61,3.78
Renaissance_James_3893,James Saunders,0.31,Renaissance,Stone,4.0,3.0,590.0,1891,134,No,Polished,Private Collection,4.41,6.59
Baroque_Marjorie_3894,Marjorie Robles,0.1,Baroque,Stone,38.0,12.0,1769081.0,1874,151,No,Expressive,Auctioned in New York,347.29,467.75
Modern_Susan_3895,Susan Tirado,0.82,Modern,Bronze,16.0,8.0,,1941,84,No,Elegant,Private Collection,8.51,9.51
Classical_Greg_3896,Greg Franks,0.53,Classical,Marble,5.0,3.0,875.0,1979,46,Yes,Elegant,Private Collection,5.47,5.48
Classical_Pauline_3897,Pauline Hossack,0.19,Classical,Wood,25.0,12.0,503.0,1968,57,Yes,Elegant,Acquired from Artist,3.13,3.48
Contemporary_Celia_3898,Celia Bailey,0.74,Contemporary,Brass,23.0,6.0,6575.0,1987,38,Yes,Rustic,Private Collection,43.85,42.11
Classical_Donald_3899,Donald Worek,0.09,Classical,Marble,25.0,15.0,912267.0,1869,156,No,Elegant,Private Collection,292.97,420.36
Abstract_Victoria_3900,Victoria Beers,0.49,Abstract,,38.0,,,2005,20,Yes,Intricate,Acquired from Artist,9.25,9.47
Renaissance_Edwardo_3901,Edwardo Taylor,0.16,Renaissance,Marble,4.0,3.0,437.0,2001,24,Yes,Rustic,Auctioned in New York,4.4,5.38
Baroque_Megan_3902,Megan Dunham,0.35,Baroque,Aluminium,,8.0,277.0,1936,89,No,Polished,Acquired from Artist,4.69,5.51
Modern_Stephanie_3903,Stephanie Clark,0.19,Modern,Aluminium,20.0,6.0,478.0,1901,124,No,Vibrant,Auctioned in London,2.82,4.2
Minimalist_Jimmy_3904,Jimmy Gloss,0.58,Minimalist,Marble,43.0,9.0,525172.0,1997,28,Yes,Polished,Auctioned in New York,1536.36,1665.64
Contemporary_Susan_3905,Susan Weber,0.39,Contemporary,Bronze,37.0,13.0,36871.0,1886,139,No,Polished,Inherited Estate,185.56,238.59
Baroque_Sandra_3906,Sandra Torre,0.51,Baroque,Bronze,44.0,15.0,28896.0,1896,129,No,Expressive,Auctioned in New York,72.72,113.83
Abstract_Sara_3907,Sara Washington,0.16,Abstract,Brass,35.0,14.0,25481.0,1944,81,No,Intricate,Auctioned in London,74.63,83.03
Renaissance_Billy_3908,Billy Knowles,0.54,Renaissance,Stone,26.0,7.0,240565.0,1865,160,No,Elegant,Auctioned in New York,115.36,140.4
Classical_Mark_3909,Mark Murphy,0.9,Classical,Bronze,16.0,6.0,2176.0,1958,67,Yes,Expressive,Acquired from Artist,2.59,4.29
Abstract_Cynthia_3910,Cynthia Dinkins,0.18,Abstract,Wood,17.0,11.0,,2009,16,Yes,Intricate,Inherited Estate,5.38,5.2
Contemporary_William_3911,William Ferris,,Contemporary,Bronze,27.0,16.0,17205.0,1857,168,No,Intricate,Auctioned in London,13.78,17.58
Minimalist_Maryann_3912,Maryann Vandyke,0.54,Minimalist,Brass,13.0,6.0,,2006,19,Yes,Vibrant,Auctioned in New York,4.2,6.23
Classical_Ruth_3913,Ruth Campbell,,Classical,Stone,3.0,3.0,216.0,2000,25,Yes,Vibrant,Auctioned in London,7.19,6.77
Baroque_Macy_3914,Macy Cochrane,0.82,Baroque,Marble,3.0,3.0,314.0,1975,50,Yes,Minimal,Private Collection,3.83,3.55
Renaissance_Bianca_3915,Bianca Parker,0.73,Renaissance,Wood,19.0,6.0,154.0,2005,20,Yes,Rustic,Gallery Exhibition,4.59,6.16
Minimalist_Leonard_3916,Leonard Taylor,0.52,Minimalist,Clay,3.0,2.0,25.0,1927,98,No,Polished,Gallery Exhibition,4.71,6.36
Classical_Chad_3917,Chad Smyer,0.49,Classical,Aluminium,23.0,7.0,617.0,1990,35,Yes,Intricate,Auctioned in New York,4.24,4.26
Contemporary_Mark_3918,Mark Torres,0.02,Contemporary,Bronze,6.0,5.0,508.0,1990,35,Yes,Minimal,Auctioned in London,5.41,5.85
Baroque_Jennifer_3919,Jennifer Albers,0.36,Baroque,Marble,4.0,3.0,387.0,1915,110,No,Elegant,Museum Deaccession,5.19,6.25
Classical_Jean_3920,Jean Kunkle,0.64,Classical,,59.0,21.0,1934.0,2004,21,Yes,Intricate,Inherited Estate,6.57,6.45
Baroque_Felipe_3921,Felipe Burns,0.34,Baroque,,21.0,,588.0,1898,127,No,Intricate,Auctioned in New York,6.1,5.73
Minimalist_Megan_3922,Megan Jones,0.73,Minimalist,Stone,5.0,4.0,2625.0,1881,144,No,Elegant,Gallery Exhibition,25.93,26.18
Renaissance_James_3923,James Moore,0.52,Renaissance,Clay,16.0,8.0,783.0,1985,40,Yes,Vibrant,Auctioned in London,2.74,3.78
Baroque_Debra_3924,Debra Griggs,0.99,Baroque,Stone,48.0,21.0,27317777.0,1891,134,No,Polished,Acquired from Artist,32858.55,38586.85
Classical_Earnest_3925,Earnest Lawson,0.69,Classical,Brass,15.0,6.0,2533.0,1889,136,No,Elegant,Museum Deaccession,7.68,10.08
Modern_Richard_3926,Richard Soto,,Modern,Bronze,17.0,10.0,2469.0,1892,133,No,Minimal,Acquired from Artist,3.79,4.12
Baroque_Zachary_3927,Zachary Leblanc,0.64,Baroque,,19.0,6.0,3652.0,1984,41,Yes,Polished,Museum Deaccession,5.24,6.83
Contemporary_Dennis_3928,Dennis Landers,0.52,Contemporary,,,8.0,,1998,27,Yes,Polished,Inherited Estate,114.74,168.22
Classical_Irene_3929,Irene Pike,0.25,Classical,Marble,14.0,8.0,56028.0,1955,70,Yes,Minimal,Auctioned in New York,158.11,234.5
Abstract_Sara_3930,Sara Herrera,0.53,Abstract,,,6.0,2898.0,1932,93,No,Intricate,Private Collection,4.01,3.92
Renaissance_Elisha_3931,Elisha Brown,0.84,Renaissance,,28.0,14.0,1715179.0,1927,98,No,Minimal,Auctioned in New York,1624.8,2044.76
Baroque_Carolyn_3932,Carolyn Walters,,Baroque,Wood,18.0,13.0,,1962,63,Yes,Vibrant,Acquired from Artist,3.07,3.57
Abstract_Thomas_3933,Thomas Ayres,0.37,Abstract,Bronze,29.0,10.0,18390.0,1981,44,Yes,Polished,Inherited Estate,47.64,58.97
Baroque_Kevin_3934,Kevin Wolf,,Baroque,Aluminium,4.0,4.0,35.0,1851,174,No,Expressive,Auctioned in London,4.76,5.99
Modern_Kevin_3935,Kevin Waters,0.54,Modern,Marble,,,139361.0,1964,61,Yes,Vibrant,Gallery Exhibition,86.48,100.73
Contemporary_Brian_3936,Brian Barr,0.26,Contemporary,,16.0,6.0,285.0,1872,153,No,Rustic,Auctioned in London,3.11,3.6
Abstract_Lori_3937,Lori Bearden,,Abstract,Wood,24.0,6.0,209.0,1881,144,No,Polished,Auctioned in London,3.29,5.11
Renaissance_Patricia_3938,Patricia Jaimes,0.36,Renaissance,Marble,,16.0,1605514.0,1872,153,No,Intricate,Gallery Exhibition,5280.39,7259.52
Renaissance_Kelvin_3939,Kelvin Hyppolite,0.86,Renaissance,,14.0,,546.0,1981,44,Yes,Minimal,Inherited Estate,4.39,6.12
Baroque_James_3940,James Wilson,0.74,Baroque,Brass,34.0,15.0,50234.0,1973,52,Yes,Minimal,Acquired from Artist,200.74,307.44
Contemporary_Lindsey_3941,Lindsey Heron,0.31,Contemporary,Aluminium,,8.0,181.0,1854,171,No,Vibrant,Auctioned in London,4.88,4.93
Renaissance_Frances_3942,Frances Gerber,0.58,Renaissance,Aluminium,8.0,5.0,153.0,1916,109,No,Elegant,Inherited Estate,4.28,4.92
Abstract_Dorothy_3943,Dorothy Easter,0.12,Abstract,Bronze,26.0,13.0,13110.0,1921,104,No,Vibrant,Museum Deaccession,41.61,54.91
Modern_David_3944,David Sweeney,0.63,Modern,Stone,13.0,6.0,37126.0,1967,58,Yes,Elegant,Private Collection,40.47,51.25
Modern_Antionette_3945,Antionette Rogers,0.47,Modern,Brass,19.0,7.0,4222.0,1887,138,No,Elegant,Inherited Estate,5.31,5.64
Baroque_Joseph_3946,Joseph Jones,,Baroque,Clay,35.0,12.0,7955.0,1926,99,No,Elegant,Auctioned in New York,18.36,29.49
Classical_Theodora_3947,Theodora Hesseltine,0.23,Classical,Bronze,20.0,10.0,11911.0,1882,143,No,Elegant,Acquired from Artist,7.15,7.12
Minimalist_Brian_3948,Brian Durbin,0.52,Minimalist,Stone,13.0,7.0,87279.0,1882,143,No,Vibrant,Gallery Exhibition,289.73,330.95
Classical_Elke_3949,Elke Rabenold,0.33,Classical,Clay,31.0,6.0,2696.0,1879,146,No,Vibrant,Gallery Exhibition,3.94,6.06
Contemporary_Gayle_3950,Gayle Gronlund,0.73,Contemporary,Bronze,18.0,10.0,,1973,52,Yes,Elegant,Inherited Estate,25.53,23.61
Renaissance_Julio_3951,Julio Mcdonough,0.39,Renaissance,Wood,27.0,14.0,507.0,1959,66,Yes,Polished,Auctioned in New York,2.42,3.8
Baroque_Danny_3952,Danny Tatum,0.74,Baroque,Brass,8.0,5.0,1038.0,1905,120,No,Vibrant,Inherited Estate,5.13,7.82
Modern_Jason_3953,Jason Wiggins,0.17,Modern,Marble,28.0,14.0,,1895,130,No,Rustic,Museum Deaccession,5173.54,4894.62
Contemporary_Charlie_3954,Charlie Porter,0.67,Contemporary,Bronze,42.0,8.0,26154.0,2007,18,Yes,Minimal,Auctioned in London,47.11,44.97
Renaissance_Shamika_3955,Shamika Emmert,0.38,Renaissance,Wood,5.0,3.0,21.0,1942,83,No,Minimal,Inherited Estate,3.22,4.38
Minimalist_Sally_3956,Sally Poling,0.5,Minimalist,Wood,48.0,18.0,1353.0,1856,169,No,Rustic,Inherited Estate,6.22,9.85
Baroque_Agnes_3957,Agnes Ford,0.73,Baroque,Marble,37.0,21.0,,1911,114,No,Minimal,Museum Deaccession,2986.48,3995.91
Minimalist_Robert_3958,Robert Dodson,0.46,Minimalist,Clay,12.0,7.0,880.0,1866,159,No,Elegant,Acquired from Artist,3.11,4.95
Contemporary_Nellie_3959,Nellie Cain,0.68,Contemporary,Clay,9.0,5.0,257.0,1910,115,No,Minimal,Inherited Estate,3.25,3.27
Minimalist_Meaghan_3960,Meaghan Notice,0.38,Minimalist,Brass,12.0,6.0,1921.0,1912,113,No,Vibrant,Acquired from Artist,4.63,4.54
Abstract_Dee_3961,Dee Santiago,0.23,Abstract,Brass,22.0,7.0,6720.0,1852,173,No,Expressive,Auctioned in London,4.1,5.67
Baroque_Dennis_3962,Dennis Marquez,0.35,Baroque,Marble,21.0,12.0,200288.0,1929,96,No,Elegant,Acquired from Artist,373.25,453.81
Contemporary_Etsuko_3963,Etsuko Banks,0.11,Contemporary,Wood,16.0,8.0,286.0,1877,148,No,Polished,Auctioned in New York,2.28,3.0
Baroque_Adam_3964,Adam Patel,0.45,Baroque,Wood,36.0,20.0,1243.0,1968,57,Yes,Minimal,Auctioned in London,3.25,3.74
Baroque_Wendy_3965,Wendy Richardson,0.14,Baroque,Aluminium,8.0,4.0,112.0,1932,93,No,Elegant,Acquired from Artist,6.07,6.95
Abstract_Guy_3966,Guy Sumpter,0.22,Abstract,Bronze,27.0,13.0,24822.0,1894,131,No,Intricate,Auctioned in London,54.44,90.71
Baroque_Leo_3967,Leo Moreland,0.13,Baroque,Brass,12.0,8.0,2296.0,1905,120,No,Intricate,Auctioned in London,7.24,8.03
Modern_Chadwick_3968,Chadwick Voorhis,0.78,Modern,Aluminium,13.0,6.0,112.0,1912,113,No,Polished,Auctioned in New York,5.82,6.05
Contemporary_Harry_3969,Harry Keating,0.26,Contemporary,Wood,18.0,7.0,227.0,1983,42,Yes,Polished,Inherited Estate,5.17,6.16
Minimalist_Glenn_3970,Glenn Wallner,0.3,Minimalist,Clay,5.0,5.0,100.0,1962,63,Yes,Intricate,Gallery Exhibition,6.27,5.95
Renaissance_Michael_3971,Michael Matthews,0.81,Renaissance,Brass,10.0,5.0,1410.0,1952,73,Yes,Expressive,Private Collection,4.85,6.46
Contemporary_James_3972,James Green,0.56,Contemporary,Wood,5.0,3.0,35.0,1980,45,Yes,Minimal,Private Collection,4.0,4.15
Minimalist_Ricky_3973,Ricky Mclean,0.58,Minimalist,Clay,16.0,6.0,660.0,1913,112,No,Rustic,Acquired from Artist,4.47,5.5
Contemporary_Don_3974,Don Martinez,0.1,Contemporary,Wood,28.0,9.0,418.0,2010,15,Yes,Rustic,Acquired from Artist,5.52,6.24
Classical_Herbert_3975,Herbert Bennett,0.05,Classical,Aluminium,24.0,8.0,824.0,1957,68,Yes,Minimal,Museum Deaccession,5.33,5.16
Minimalist_Shirley_3976,Shirley Sin,0.81,Minimalist,Wood,28.0,19.0,266.0,1950,75,No,Expressive,Auctioned in New York,2.5,3.04
Contemporary_Carolyn_3977,Carolyn Gooslin,0.03,Contemporary,Brass,,8.0,7572.0,2004,21,Yes,Vibrant,Auctioned in New York,11.24,11.88
Abstract_Alice_3978,Alice Longsworth,,Abstract,Brass,25.0,13.0,9314.0,1956,69,Yes,Intricate,Inherited Estate,21.69,22.2
Contemporary_Maria_3979,Maria Smith,0.81,Contemporary,Stone,24.0,10.0,746952.0,2017,8,Yes,Elegant,Auctioned in New York,1972.28,2099.37
Contemporary_Matthew_3980,Matthew Johnson,0.39,Contemporary,Clay,15.0,7.0,935.0,1932,93,No,Rustic,Auctioned in New York,3.77,3.92
Modern_Kathryn_3981,Kathryn Fitzgerald,0.49,Modern,Clay,13.0,7.0,926.0,1858,167,No,Minimal,Auctioned in London,5.46,5.65
Modern_Letha_3982,Letha Paquette,0.95,Modern,Marble,13.0,7.0,32136.0,1907,118,No,Polished,Private Collection,48.73,51.32
Contemporary_Don_3983,Don Tavares,0.06,Contemporary,Stone,33.0,11.0,796617.0,1887,138,No,Rustic,Inherited Estate,1029.54,1159.26
Abstract_Melissa_3984,Melissa Chavez,0.11,Abstract,Wood,36.0,6.0,108.0,2008,17,Yes,Rustic,Gallery Exhibition,4.66,6.12
Modern_Stephen_3985,Stephen George,0.4,Modern,Clay,10.0,4.0,216.0,1860,165,No,Vibrant,Gallery Exhibition,4.47,5.65
Minimalist_Mary_3986,Mary Shelton,0.14,Minimalist,Aluminium,34.0,16.0,2470.0,1892,133,No,Expressive,Auctioned in London,4.12,5.17
Modern_Juanita_3987,Juanita Parfitt,,Modern,Bronze,3.0,3.0,43.0,1971,54,Yes,Vibrant,Inherited Estate,6.23,6.21
Contemporary_Joanne_3988,Joanne Lafreniere,0.69,Contemporary,Bronze,17.0,6.0,961.0,1857,168,No,Rustic,Private Collection,4.29,4.91
Abstract_Angela_3989,Angela Bernardo,0.37,Abstract,Stone,17.0,8.0,65266.0,1994,31,Yes,Minimal,Auctioned in New York,144.76,140.77
Minimalist_Justin_3990,Justin Logue,0.43,Minimalist,Stone,35.0,,,1882,143,No,Elegant,Auctioned in London,42246.23,41709.75
Abstract_Richard_3991,Richard Reid,0.64,Abstract,Clay,21.0,7.0,952.0,1965,60,Yes,Polished,Gallery Exhibition,4.29,6.22
Contemporary_Rebecca_3992,Rebecca Nail,0.18,Contemporary,Bronze,8.0,4.0,410.0,1900,125,No,Rustic,Auctioned in New York,4.87,5.17
Minimalist_Judith_3993,Judith Robbins,,Minimalist,Stone,20.0,15.0,,1866,159,No,Elegant,Gallery Exhibition,4097.29,5504.54
Renaissance_Linda_3994,Linda Wilson,0.59,Renaissance,Stone,12.0,8.0,72044.0,1882,143,No,Intricate,Acquired from Artist,237.13,216.85
Abstract_Charles_3995,Charles Glover,0.35,Abstract,Clay,21.0,12.0,1600.0,1923,102,No,Minimal,Inherited Estate,4.74,4.36
Minimalist_William_3996,William Mcgaha,,Minimalist,Marble,28.0,8.0,179951.0,1975,50,Yes,Minimal,Acquired from Artist,134.24,200.41
Classical_Elizabeth_3997,Elizabeth Hunter,0.43,Classical,Marble,19.0,8.0,97646.0,1883,142,No,Rustic,Gallery Exhibition,177.81,200.07
Minimalist_Clara_3998,Clara Hamel,0.09,Minimalist,Marble,,19.0,5291038.0,1905,120,No,Minimal,Acquired from Artist,16910.49,18791.71
Classical_Larry_3999,Larry Hunt,,Classical,Bronze,37.0,10.0,28654.0,2015,10,Yes,Minimal,Acquired from Artist,136.54,203.0
Contemporary_Allison_4000,Allison Snyder,0.18,Contemporary,,,4.0,81.0,1875,150,No,Vibrant,Gallery Exhibition,4.04,6.09
Modern_Darlene_4001,Darlene Spooner,0.77,Modern,Clay,4.0,4.0,34.0,1874,151,No,Vibrant,Museum Deaccession,4.94,6.92
Abstract_Kevin_4002,Kevin Barnett,,Abstract,Stone,19.0,,339901.0,1948,77,No,Elegant,Auctioned in New York,228.67,225.22
Renaissance_Edgar_4003,Edgar Williams,0.26,Renaissance,,36.0,14.0,88771.0,1922,103,No,Rustic,Acquired from Artist,128.92,123.98
Modern_April_4004,April Lewis,0.58,Modern,Wood,22.0,,345.0,1976,49,Yes,Minimal,Museum Deaccession,5.33,5.21
Modern_Minnie_4005,Minnie Holley,0.93,Modern,Bronze,28.0,8.0,8323.0,1901,124,No,Intricate,Private Collection,59.74,97.9
Renaissance_Mary_4006,Mary Lee,0.04,Renaissance,Marble,18.0,,47782.0,1910,115,No,Elegant,Acquired from Artist,111.87,154.26
Baroque_Rosemary_4007,Rosemary Sierra,0.64,Baroque,Clay,7.0,5.0,120.0,1861,164,No,Minimal,Private Collection,3.37,3.53
Baroque_Rosemary_4008,Rosemary Arriaga,0.32,Baroque,Marble,11.0,6.0,16234.0,1951,74,Yes,Minimal,Private Collection,9.6,13.68
Modern_Charles_4009,Charles Austin,0.65,Modern,Clay,15.0,8.0,1310.0,1958,67,Yes,Polished,Museum Deaccession,6.41,6.22
Classical_Michael_4010,Michael Cuevas,0.35,Classical,Brass,25.0,8.0,13489.0,2006,19,Yes,Minimal,Auctioned in New York,35.55,45.31
Contemporary_Terry_4011,Terry Bryant,,Contemporary,,5.0,4.0,,1869,156,No,Intricate,Museum Deaccession,4.94,5.55
Classical_Mildred_4012,Mildred Cote,,Classical,Aluminium,7.0,,76.0,1904,121,No,Intricate,Auctioned in New York,4.42,5.6
Baroque_Sarah_4013,Sarah Reese,0.65,Baroque,,6.0,5.0,,1974,51,Yes,Elegant,Acquired from Artist,11.22,13.81
Classical_Nancy_4014,Nancy Foster,0.16,Classical,Brass,8.0,5.0,,1972,53,Yes,Intricate,Private Collection,3.47,4.64
Renaissance_Craig_4015,Craig Rival,0.12,Renaissance,Wood,36.0,11.0,644.0,1856,169,No,Expressive,Private Collection,3.52,4.65
Renaissance_Robert_4016,Robert Thurston,0.51,Renaissance,Bronze,33.0,17.0,,1862,163,No,Intricate,Acquired from Artist,92.15,114.49
Renaissance_Brandon_4017,Brandon Baskerville,0.89,Renaissance,Brass,18.0,8.0,6537.0,1894,131,No,Intricate,Auctioned in London,9.72,10.74
Classical_Linda_4018,Linda Merrill,0.79,Classical,Marble,24.0,19.0,890596.0,1933,92,No,Polished,Auctioned in London,2856.51,4723.58
Abstract_Ralph_4019,Ralph Westmark,0.35,Abstract,Bronze,34.0,17.0,,1924,101,No,Vibrant,Gallery Exhibition,41.77,67.38
Minimalist_Corey_4020,Corey Johnson,0.59,Minimalist,Stone,10.0,4.0,,1983,42,Yes,Rustic,Gallery Exhibition,21.04,33.3
Minimalist_Mary_4021,Mary Martin,0.11,Minimalist,Brass,12.0,8.0,5011.0,1900,125,No,Rustic,Museum Deaccession,6.87,9.88
Abstract_Thomas_4022,Thomas Fortney,0.68,Abstract,Marble,10.0,4.0,3734.0,1969,56,Yes,Expressive,Museum Deaccession,3.66,5.09
Abstract_Robert_4023,Robert Bucklew,0.52,Abstract,Marble,17.0,9.0,114716.0,1889,136,No,Intricate,Gallery Exhibition,312.67,292.86
Contemporary_Carolyn_4024,Carolyn Smith,0.57,Contemporary,Marble,26.0,14.0,916374.0,1969,56,Yes,Intricate,Auctioned in New York,1463.57,1395.66
Contemporary_William_4025,William Ferguson,0.51,Contemporary,Aluminium,7.0,5.0,83.0,1880,145,No,Expressive,Gallery Exhibition,5.09,6.87
Baroque_Tammy_4026,Tammy Rogers,0.51,Baroque,Clay,26.0,19.0,8651.0,1935,90,No,Elegant,Auctioned in New York,13.31,16.27
Modern_Richard_4027,Richard Aguilera,0.85,Modern,Brass,22.0,10.0,7610.0,1993,32,Yes,Polished,Museum Deaccession,6.69,10.87
Minimalist_Clara_4028,Clara Johnson,0.21,Minimalist,Marble,4.0,3.0,302.0,1855,170,No,Polished,Auctioned in London,3.42,5.3
Contemporary_Danielle_4029,Danielle Demarest,,Contemporary,Stone,,6.0,,1983,42,Yes,Elegant,Acquired from Artist,80.59,79.26
Contemporary_Richard_4030,Richard Wellman,0.48,Contemporary,Stone,20.0,11.0,799159.0,1996,29,Yes,Intricate,Acquired from Artist,1040.23,1263.32
Contemporary_Elizabeth_4031,Elizabeth Mak,0.62,Contemporary,Brass,23.0,6.0,6640.0,1948,77,No,Polished,Private Collection,9.83,12.59
Minimalist_Teresa_4032,Teresa Murphy,0.14,Minimalist,Marble,38.0,22.0,1342220.0,1876,149,No,Vibrant,Gallery Exhibition,2368.85,2297.62
Renaissance_Gary_4033,Gary Brooks,0.79,Renaissance,Bronze,40.0,17.0,81070.0,2017,8,Yes,Vibrant,Private Collection,268.86,307.47
Renaissance_Lynn_4034,Lynn Vaughn,0.6,Renaissance,Marble,41.0,9.0,995706.0,1876,149,No,Polished,Private Collection,1245.62,1401.65
Contemporary_Dora_4035,Dora Rudolph,,Contemporary,Marble,,6.0,86607.0,1979,46,Yes,Polished,Gallery Exhibition,96.4,148.56
Classical_Myra_4036,Myra Quesada,0.16,Classical,,44.0,20.0,1214.0,2014,11,Yes,Expressive,Auctioned in New York,3.19,3.85
Baroque_Cassandra_4037,Cassandra Posey,0.9,Baroque,Clay,20.0,15.0,3145.0,1927,98,No,Expressive,Auctioned in New York,5.97,6.38
Minimalist_William_4038,William Williams,0.4,Minimalist,Clay,18.0,9.0,1802.0,1875,150,No,Expressive,Auctioned in London,6.9,6.85
Abstract_Elizabeth_4039,Elizabeth Frank,0.17,Abstract,Stone,4.0,4.0,578.0,1871,154,No,Minimal,Museum Deaccession,4.3,4.31
Baroque_Bobbie_4040,Bobbie Fuson,0.02,Baroque,Stone,12.0,8.0,27948.0,1949,76,No,Intricate,Museum Deaccession,17.14,26.89
Baroque_Wanda_4041,Wanda Rickon,0.02,Baroque,Stone,30.0,12.0,1039949.0,1947,78,No,Intricate,Auctioned in London,1875.44,2181.94
Modern_Bill_4042,Bill Yenz,,Modern,Wood,7.0,,44.0,1979,46,Yes,Polished,Museum Deaccession,3.22,3.07
Minimalist_Stephen_4043,Stephen Christensen,0.75,Minimalist,Aluminium,46.0,,1329.0,2018,7,Yes,Minimal,Inherited Estate,3.74,3.51
Minimalist_Jack_4044,Jack Bone,0.35,Minimalist,Wood,73.0,36.0,5072.0,1978,47,Yes,Rustic,Acquired from Artist,8.65,10.46
Baroque_Joe_4045,Joe Patton,0.08,Baroque,,9.0,5.0,278.0,1854,171,No,Elegant,Gallery Exhibition,2.93,4.69
Baroque_Edward_4046,Edward Tresvant,0.34,Baroque,Clay,31.0,18.0,10691.0,1872,153,No,Minimal,Private Collection,13.22,19.86
Renaissance_Jill_4047,Jill Garibay,0.56,Renaissance,Marble,40.0,10.0,1255942.0,2002,23,Yes,Intricate,Auctioned in London,3471.92,3556.59
Classical_Michelle_4048,Michelle Harman,0.54,Classical,Marble,29.0,11.0,269716.0,1991,34,Yes,Rustic,Gallery Exhibition,2148.84,2079.33
Contemporary_Leslie_4049,Leslie Mccoy,0.2,Contemporary,Wood,24.0,9.0,311.0,1972,53,Yes,Elegant,Museum Deaccession,5.02,5.67
Minimalist_Jenifer_4050,Jenifer Veale,0.42,Minimalist,Wood,37.0,14.0,395.0,2014,11,Yes,Intricate,Private Collection,3.72,5.43
Renaissance_Lindsay_4051,Lindsay Brown,0.31,Renaissance,Brass,,8.0,10271.0,2015,10,Yes,Vibrant,Private Collection,18.81,21.05
Renaissance_Jeffrey_4052,Jeffrey Coplan,,Renaissance,Bronze,26.0,10.0,,1880,145,No,Expressive,Auctioned in London,9.58,11.48
Modern_Terry_4053,Terry Sharp,0.46,Modern,Wood,20.0,11.0,,1862,163,No,Expressive,Gallery Exhibition,4.09,4.37
Abstract_Caroline_4054,Caroline Ringhouse,0.15,Abstract,,25.0,18.0,1011.0,2019,6,Yes,Polished,Acquired from Artist,3.27,3.14
Contemporary_Patrick_4055,Patrick Lashley,0.6,Contemporary,Brass,16.0,8.0,7766.0,1888,137,No,Minimal,Auctioned in London,15.91,23.43
Modern_Vincent_4056,Vincent Ng,0.37,Modern,Wood,44.0,22.0,1521.0,1971,54,Yes,Elegant,Private Collection,9.76,10.05
Baroque_Lindsey_4057,Lindsey Maraldo,0.64,Baroque,Clay,43.0,,9579.0,1916,109,No,Polished,Auctioned in London,5.98,6.18
Abstract_Craig_4058,Craig Sloan,,Abstract,Marble,7.0,4.0,2056.0,2013,12,Yes,Vibrant,Acquired from Artist,4.78,6.92
Contemporary_Kathleen_4059,Kathleen Champion,0.4,Contemporary,Wood,3.0,3.0,11.0,2020,5,Yes,Intricate,Acquired from Artist,4.48,5.2
Minimalist_Mary_4060,Mary Bingham,0.21,Minimalist,Marble,31.0,10.0,702304.0,1872,153,No,Intricate,Inherited Estate,2226.3,2867.68
Contemporary_Gloria_4061,Gloria Fischer,0.97,Contemporary,Marble,23.0,6.0,96126.0,1930,95,No,Vibrant,Auctioned in London,583.95,573.69
Contemporary_John_4062,John Witzke,0.42,Contemporary,Stone,4.0,4.0,1076.0,1889,136,No,Rustic,Gallery Exhibition,3.02,3.25
Contemporary_Donald_4063,Donald White,0.6,Contemporary,Bronze,27.0,13.0,29541.0,1935,90,No,Vibrant,Private Collection,136.82,124.96
Modern_Gail_4064,Gail Pierce,,Modern,Aluminium,17.0,6.0,433.0,1916,109,No,Rustic,Auctioned in New York,4.91,6.97
Abstract_Latoya_4065,Latoya Carrillo,0.47,Abstract,Bronze,11.0,6.0,1784.0,1942,83,No,Minimal,Museum Deaccession,3.66,5.62
Classical_Rose_4066,Rose Craddock,0.56,Classical,Wood,12.0,8.0,177.0,1851,174,No,Elegant,Inherited Estate,4.45,4.19
Modern_Betty_4067,Betty Lindquist,0.38,Modern,Aluminium,30.0,16.0,2490.0,1895,130,No,Rustic,Acquired from Artist,3.49,5.6
Classical_Roberta_4068,Roberta Brooks,0.35,Classical,Brass,29.0,18.0,62230.0,1923,102,No,Elegant,Private Collection,157.98,161.56
Minimalist_Karen_4069,Karen Oconnor,,Minimalist,Aluminium,31.0,,,1954,71,Yes,Rustic,Private Collection,7.94,9.55
Modern_Lisa_4070,Lisa Free,0.31,Modern,Stone,28.0,13.0,521865.0,2012,13,Yes,Intricate,Inherited Estate,1031.26,1655.68
Contemporary_Susan_4071,Susan Merlette,0.38,Contemporary,Marble,16.0,6.0,36018.0,1867,158,No,Minimal,Auctioned in London,125.67,126.35
Baroque_Maria_4072,Maria Bass,0.01,Baroque,Wood,6.0,5.0,26.0,1923,102,No,Expressive,Museum Deaccession,4.76,6.1
Baroque_Debra_4073,Debra Baremore,0.3,Baroque,Wood,24.0,8.0,384.0,1941,84,No,Elegant,Inherited Estate,4.02,4.77
Abstract_Jason_4074,Jason Breisch,0.67,Abstract,Aluminium,44.0,7.0,1864.0,1951,74,Yes,Minimal,Museum Deaccession,4.81,4.51
Abstract_Sarah_4075,Sarah Foster,0.66,Abstract,Wood,,13.0,749.0,1860,165,No,Elegant,Gallery Exhibition,4.16,5.0
Modern_Robert_4076,Robert Rogers,0.01,Modern,Brass,30.0,8.0,,2019,6,Yes,Elegant,Acquired from Artist,37.29,36.08
Contemporary_Christopher_4077,Christopher Ragland,0.44,Contemporary,Bronze,,,4423.0,1972,53,Yes,Polished,Auctioned in London,7.82,7.69
Abstract_Michael_4078,Michael Moore,0.66,Abstract,Brass,14.0,6.0,,1896,129,No,Minimal,Acquired from Artist,5.8,5.91
Renaissance_Amy_4079,Amy Linkous,0.97,Renaissance,Clay,37.0,7.0,2794.0,1960,65,Yes,Rustic,Inherited Estate,8.1,8.64
Abstract_Terri_4080,Terri Tovar,,Abstract,Bronze,26.0,8.0,4711.0,1959,66,Yes,Minimal,Private Collection,20.33,18.93
Contemporary_Sam_4081,Sam Zoll,0.2,Contemporary,Aluminium,13.0,7.0,560.0,1908,117,No,Elegant,Gallery Exhibition,4.38,5.64
Minimalist_Augusta_4082,Augusta Ashe,0.33,Minimalist,Stone,26.0,13.0,1362733.0,2013,12,Yes,Rustic,Acquired from Artist,1728.71,1709.47
Contemporary_Annie_4083,Annie Grant,0.98,Contemporary,Aluminium,21.0,9.0,860.0,1925,100,No,Vibrant,Gallery Exhibition,5.31,5.11
Baroque_Helen_4084,Helen Clark,0.73,Baroque,Bronze,33.0,15.0,26774.0,1913,112,No,Expressive,Inherited Estate,155.56,248.72
Modern_Stephen_4085,Stephen Keys,,Modern,Clay,29.0,10.0,1704.0,1901,124,No,Elegant,Gallery Exhibition,7.22,9.69
Contemporary_Thomas_4086,Thomas Buczek,0.56,Contemporary,Aluminium,24.0,12.0,2234.0,1924,101,No,Intricate,Gallery Exhibition,11.56,13.67
Baroque_Jose_4087,Jose Hillin,0.71,Baroque,Clay,9.0,4.0,128.0,2009,16,Yes,Intricate,Auctioned in New York,2.48,3.15
Baroque_Carlos_4088,Carlos Roorda,0.17,Baroque,Stone,45.0,12.0,3446844.0,2005,20,Yes,Vibrant,Private Collection,4446.96,5692.8
Modern_Jack_4089,Jack Farmer,,Modern,Wood,3.0,3.0,4.0,2020,5,Yes,Expressive,Inherited Estate,4.1,5.14
Classical_Zachary_4090,Zachary Lazenby,0.87,Classical,Stone,28.0,11.0,1415173.0,1965,60,Yes,Polished,Private Collection,9926.67,12222.32
Baroque_Janet_4091,Janet Webber,0.81,Baroque,,19.0,9.0,404.0,2006,19,Yes,Rustic,Acquired from Artist,6.23,6.57
Contemporary_Ruth_4092,Ruth Padilla,0.6,Contemporary,Bronze,24.0,6.0,3432.0,1887,138,No,Intricate,Private Collection,7.34,7.76
Classical_Geraldine_4093,Geraldine Steele,0.42,Classical,Stone,13.0,6.0,51759.0,1929,96,No,Minimal,Museum Deaccession,66.07,86.83
Minimalist_Socorro_4094,Socorro Guerra,0.6,Minimalist,,,11.0,3232.0,1890,135,No,Rustic,Museum Deaccession,15.79,17.51
Modern_Juan_4095,Juan Ridenhour,0.94,Modern,Marble,30.0,13.0,996709.0,1873,152,No,Expressive,Auctioned in New York,5752.56,5519.02
Renaissance_Roger_4096,Roger Ho,,Renaissance,Clay,9.0,5.0,184.0,1908,117,No,Intricate,Museum Deaccession,5.56,5.76
Modern_Yvette_4097,Yvette Milla,0.08,Modern,Wood,9.0,5.0,40.0,1921,104,No,Expressive,Museum Deaccession,6.11,6.61
Renaissance_Sergio_4098,Sergio Barlow,0.05,Renaissance,Clay,28.0,13.0,4199.0,1957,68,Yes,Polished,Auctioned in New York,4.09,5.79
Contemporary_Irwin_4099,Irwin Shephard,0.5,Contemporary,Wood,30.0,9.0,589.0,1867,158,No,Polished,Gallery Exhibition,2.88,3.3
Baroque_Rose_4100,Rose Barrios,0.82,Baroque,Stone,16.0,7.0,111795.0,1985,40,Yes,Polished,Museum Deaccession,527.37,616.48
Classical_Michael_4101,Michael White,,Classical,Marble,3.0,3.0,134.0,2020,5,Yes,Intricate,Auctioned in New York,3.18,3.45
Minimalist_Diane_4102,Diane Jones,0.29,Minimalist,,26.0,7.0,226558.0,1965,60,Yes,Polished,Auctioned in New York,724.97,771.95
Modern_Brandon_4103,Brandon Ayala,0.69,Modern,Clay,7.0,5.0,,1873,152,No,Elegant,Inherited Estate,3.04,3.31
Classical_David_4104,David Delia,0.39,Classical,Brass,5.0,4.0,343.0,2001,24,Yes,Minimal,Inherited Estate,3.62,4.87
Abstract_Bruce_4105,Bruce Allard,0.17,Abstract,Stone,36.0,11.0,1328104.0,1936,89,No,Polished,Auctioned in New York,3009.89,3706.96
Baroque_Daniel_4106,Daniel Soto,0.05,Baroque,Stone,32.0,6.0,305949.0,1984,41,Yes,Minimal,Inherited Estate,120.33,158.34
Baroque_Robert_4107,Robert Crabtree,0.19,Baroque,,19.0,,4294.0,1997,28,Yes,Expressive,Gallery Exhibition,5.82,5.87
Classical_Suellen_4108,Suellen Rash,0.4,Classical,Clay,15.0,8.0,830.0,1996,29,Yes,Rustic,Acquired from Artist,4.87,5.05
Modern_Angelica_4109,Angelica Joe,0.16,Modern,Wood,30.0,14.0,,1861,164,No,Intricate,Auctioned in New York,2.75,3.54
Abstract_Anna_4110,Anna Ward,0.43,Abstract,Bronze,18.0,12.0,11310.0,1956,69,Yes,Minimal,Auctioned in New York,29.28,44.23
Renaissance_Theda_4111,Theda Knowles,0.67,Renaissance,Clay,22.0,8.0,1603.0,1993,32,Yes,Polished,Auctioned in London,5.96,6.41
Minimalist_Grace_4112,Grace Tagle,,Minimalist,Clay,12.0,,614.0,2010,15,Yes,Rustic,Auctioned in New York,4.87,6.27
Contemporary_Rose_4113,Rose Strain,0.73,Contemporary,Stone,30.0,9.0,990084.0,1921,104,No,Minimal,Museum Deaccession,1955.49,3096.24
Renaissance_Patrice_4114,Patrice Philbert,0.32,Renaissance,Clay,12.0,6.0,595.0,1978,47,Yes,Rustic,Inherited Estate,4.8,5.37
Classical_Shirley_4115,Shirley Freeze,0.2,Classical,Stone,13.0,8.0,91912.0,1879,146,No,Minimal,Gallery Exhibition,129.83,196.69
Contemporary_Jimmie_4116,Jimmie Kelly,,Contemporary,,51.0,16.0,1396.0,1964,61,Yes,Elegant,Museum Deaccession,6.38,6.98
Baroque_Deborah_4117,Deborah Soderberg,0.99,Baroque,Brass,10.0,4.0,971.0,1912,113,No,Intricate,Inherited Estate,3.64,5.34
Baroque_Angela_4118,Angela Clarke,0.56,Baroque,Wood,22.0,17.0,533.0,1873,152,No,Elegant,Auctioned in London,3.02,4.24
Minimalist_Mark_4119,Mark Toombs,0.33,Minimalist,Clay,14.0,6.0,398.0,1876,149,No,Minimal,Gallery Exhibition,3.26,3.31
Classical_Marion_4120,Marion Harvey,0.76,Classical,Clay,9.0,5.0,218.0,1930,95,No,Minimal,Private Collection,5.1,5.5
Classical_Dena_4121,Dena Rodriguez,0.52,Classical,,20.0,7.0,113230.0,1923,102,No,Vibrant,Museum Deaccession,97.27,128.72
Minimalist_Beatrice_4122,Beatrice Santillan,0.36,Minimalist,Clay,9.0,5.0,256.0,2011,14,Yes,Rustic,Inherited Estate,6.53,5.98
Contemporary_Linda_4123,Linda Hagans,,Contemporary,,41.0,12.0,1884.0,1868,157,No,Minimal,Acquired from Artist,2.04,3.02
Abstract_Betty_4124,Betty Anderson,0.31,Abstract,Clay,17.0,,,1983,42,Yes,Expressive,Gallery Exhibition,6.1,6.26
Baroque_Daniel_4125,Daniel John,0.63,Baroque,,27.0,,578.0,1877,148,No,Elegant,Inherited Estate,2.81,3.44
Classical_Derrick_4126,Derrick Morris,0.25,Classical,,4.0,3.0,6.0,1853,172,No,Elegant,Acquired from Artist,3.12,4.63
Minimalist_Luis_4127,Luis Roes,0.61,Minimalist,Brass,28.0,7.0,5943.0,1971,54,Yes,Rustic,Auctioned in New York,11.8,19.62
Abstract_Demetrius_4128,Demetrius Sudbury,0.9,Abstract,Marble,33.0,14.0,938495.0,1963,62,Yes,Intricate,Private Collection,5356.18,5518.48
Baroque_Michael_4129,Michael Ruschmeyer,0.41,Baroque,Bronze,19.0,9.0,7649.0,1997,28,Yes,Rustic,Acquired from Artist,5.54,9.16
Minimalist_Scott_4130,Scott Humphries,0.82,Minimalist,Brass,27.0,9.0,28409.0,2004,21,Yes,Polished,Private Collection,41.61,65.19
Modern_Joyce_4131,Joyce Oneill,0.12,Modern,Marble,6.0,5.0,2420.0,1983,42,Yes,Rustic,Gallery Exhibition,4.54,4.33
Renaissance_Irma_4132,Irma Jenkins,0.86,Renaissance,Aluminium,11.0,7.0,408.0,2004,21,Yes,Minimal,Auctioned in London,4.64,6.59
Baroque_Hattie_4133,Hattie Barr,,Baroque,Stone,12.0,,,1915,110,No,Polished,Auctioned in New York,36.19,55.2
Abstract_Marilyn_4134,Marilyn Reid,0.07,Abstract,Stone,10.0,,12528.0,1852,173,No,Elegant,Private Collection,19.64,19.0
Abstract_Rodney_4135,Rodney Friesen,0.77,Abstract,,,13.0,404.0,1919,106,No,Rustic,Acquired from Artist,5.09,4.9
Contemporary_Russell_4136,Russell Carter,0.06,Contemporary,Bronze,16.0,7.0,,1939,86,No,Intricate,Auctioned in London,4.98,5.18
Minimalist_Shirley_4137,Shirley Esche,0.04,Minimalist,,21.0,11.0,343.0,1945,80,No,Vibrant,Inherited Estate,3.18,4.5
Classical_Christopher_4138,Christopher Gruber,0.15,Classical,Wood,8.0,5.0,64.0,1975,50,Yes,Minimal,Museum Deaccession,6.0,6.49
Abstract_Robert_4139,Robert Bateman,,Abstract,Aluminium,18.0,,545.0,1933,92,No,Rustic,Inherited Estate,2.67,3.21
Classical_Karen_4140,Karen Quinones,0.87,Classical,Aluminium,24.0,7.0,986.0,1954,71,Yes,Vibrant,Museum Deaccession,4.57,5.9
Contemporary_Lynne_4141,Lynne Fields,0.32,Contemporary,Wood,16.0,7.0,180.0,1963,62,Yes,Minimal,Private Collection,6.29,6.73
Renaissance_Jennie_4142,Jennie Siller,0.03,Renaissance,Clay,29.0,14.0,5376.0,1868,157,No,Intricate,Inherited Estate,6.74,6.41
Abstract_Susan_4143,Susan Larson,0.11,Abstract,Wood,42.0,15.0,1266.0,1870,155,No,Vibrant,Gallery Exhibition,4.07,5.15
Contemporary_Elizabeth_4144,Elizabeth Wilson,0.19,Contemporary,Wood,6.0,4.0,48.0,2010,15,Yes,Polished,Auctioned in London,5.0,4.75
Renaissance_Roger_4145,Roger Roberson,0.75,Renaissance,Marble,,15.0,737276.0,1866,159,No,Expressive,Private Collection,473.71,473.64
Abstract_Edwin_4146,Edwin Dotson,0.98,Abstract,Wood,26.0,9.0,215.0,1886,139,No,Vibrant,Inherited Estate,4.96,5.99
Contemporary_Tamara_4147,Tamara Devera,,Contemporary,Stone,38.0,10.0,1166878.0,1993,32,Yes,Elegant,Auctioned in New York,2200.32,3107.87
Contemporary_Jerome_4148,Jerome Jacklin,0.02,Contemporary,Aluminium,28.0,14.0,1164.0,1891,134,No,Rustic,Auctioned in London,4.79,5.88
Contemporary_Elsa_4149,Elsa Robinson,0.48,Contemporary,Brass,17.0,9.0,6285.0,1895,130,No,Intricate,Private Collection,10.77,17.64
Modern_Thomas_4150,Thomas Hooper,0.15,Modern,Bronze,3.0,2.0,17.0,1946,79,No,Vibrant,Museum Deaccession,3.84,5.86
Abstract_Myron_4151,Myron Bump,0.53,Abstract,Aluminium,30.0,6.0,840.0,2005,20,Yes,Elegant,Gallery Exhibition,4.35,5.94
Baroque_Richard_4152,Richard Robbins,0.52,Baroque,Stone,32.0,22.0,9773200.0,1990,35,Yes,Vibrant,Gallery Exhibition,31141.42,37746.96
Renaissance_Annie_4153,Annie Lindsey,0.89,Renaissance,Bronze,26.0,6.0,4754.0,1945,80,No,Expressive,Gallery Exhibition,16.12,15.87
Abstract_Julie_4154,Julie Hinderman,0.36,Abstract,Marble,20.0,11.0,313206.0,1982,43,Yes,Elegant,Auctioned in London,543.32,507.97
Abstract_Elwood_4155,Elwood Mcninch,1.0,Abstract,Marble,29.0,11.0,454331.0,1947,78,No,Intricate,Private Collection,2745.22,2873.59
Baroque_Frederick_4156,Frederick Morris,0.9,Baroque,Stone,32.0,7.0,456780.0,1975,50,Yes,Polished,Museum Deaccession,1587.99,1707.88
Minimalist_Troy_4157,Troy White,0.93,Minimalist,Wood,25.0,12.0,440.0,1951,74,Yes,Minimal,Museum Deaccession,3.77,4.08
Abstract_Inez_4158,Inez Mckinley,,Abstract,Aluminium,26.0,10.0,,1996,29,Yes,Polished,Gallery Exhibition,4.84,5.65
Baroque_Annie_4159,Annie Popham,0.79,Baroque,Stone,34.0,21.0,7960494.0,1878,147,No,Expressive,Inherited Estate,16933.34,21169.9
Classical_Timothy_4160,Timothy Studdard,0.88,Classical,Wood,12.0,7.0,74.0,1920,105,No,Intricate,Auctioned in London,5.38,5.89
Classical_Michael_4161,Michael Whitley,0.85,Classical,Stone,6.0,5.0,4905.0,1939,86,No,Minimal,Acquired from Artist,26.47,24.86
Baroque_Gordon_4162,Gordon Shay,0.02,Baroque,,34.0,,2142.0,1873,152,No,Intricate,Private Collection,2.55,3.36
Classical_Justin_4163,Justin Leahy,0.31,Classical,,7.0,,2860.0,1928,97,No,Rustic,Gallery Exhibition,2.32,3.4
Classical_Anna_4164,Anna Cutler,0.17,Classical,Stone,,13.0,451747.0,1956,69,Yes,Elegant,Private Collection,786.23,830.83
Contemporary_Pete_4165,Pete Harding,0.97,Contemporary,Clay,,20.0,4760.0,1865,160,No,Rustic,Inherited Estate,26.45,37.23
Baroque_Geraldine_4166,Geraldine Song,0.16,Baroque,Marble,6.0,4.0,2118.0,1937,88,No,Intricate,Gallery Exhibition,4.88,6.79
Abstract_Julie_4167,Julie Bedsole,0.34,Abstract,Aluminium,22.0,7.0,473.0,1949,76,No,Vibrant,Inherited Estate,2.64,4.28
Contemporary_Danielle_4168,Danielle Cantu,0.94,Contemporary,Clay,28.0,12.0,3588.0,1879,146,No,Rustic,Museum Deaccession,13.58,16.92
Baroque_Brian_4169,Brian Wilcutt,0.94,Baroque,Aluminium,15.0,7.0,371.0,1934,91,No,Expressive,Museum Deaccession,3.93,5.39
Abstract_Adeline_4170,Adeline Vann,,Abstract,Bronze,66.0,,44761.0,1927,98,No,Vibrant,Private Collection,18.13,17.43
Modern_Edgar_4171,Edgar Nakamura,,Modern,Marble,27.0,16.0,623658.0,1931,94,No,Minimal,Museum Deaccession,2044.19,3064.21
Modern_Johnny_4172,Johnny Nunez,0.63,Modern,Clay,43.0,,20788.0,1979,46,Yes,Intricate,Auctioned in New York,78.02,73.52
Contemporary_Julie_4173,Julie Persaud,0.15,Contemporary,Marble,22.0,14.0,552882.0,2015,10,Yes,Polished,Auctioned in London,1873.55,2373.92
Baroque_Alvin_4174,Alvin Nelson,0.72,Baroque,Wood,30.0,11.0,617.0,1990,35,Yes,Intricate,Museum Deaccession,2.29,3.52
Minimalist_Paula_4175,Paula Dollar,0.8,Minimalist,Bronze,16.0,7.0,2662.0,1947,78,No,Vibrant,Auctioned in London,13.88,15.13
Minimalist_Timothy_4176,Timothy Bunch,0.59,Minimalist,Clay,4.0,3.0,47.0,1966,59,Yes,Elegant,Gallery Exhibition,3.38,4.45
Renaissance_Lisa_4177,Lisa Wilson,0.15,Renaissance,Bronze,12.0,8.0,1998.0,1904,121,No,Vibrant,Museum Deaccession,7.22,7.62
Renaissance_Victor_4178,Victor Lavoie,0.6,Renaissance,,34.0,6.0,419.0,1996,29,Yes,Intricate,Museum Deaccession,6.45,6.68
Modern_Robert_4179,Robert Gove,0.76,Modern,Stone,5.0,4.0,2543.0,1947,78,No,Elegant,Museum Deaccession,9.24,14.04
Baroque_Roger_4180,Roger Stein,0.72,Baroque,Wood,25.0,17.0,408.0,2002,23,Yes,Intricate,Auctioned in London,4.62,5.07
Modern_John_4181,John Leaks,,Modern,Aluminium,33.0,17.0,2524.0,2006,19,Yes,Minimal,Acquired from Artist,6.19,6.62
Minimalist_Doris_4182,Doris Williams,0.58,Minimalist,Aluminium,7.0,4.0,89.0,1991,34,Yes,Expressive,Inherited Estate,5.0,5.98
Baroque_Edith_4183,Edith Duque,0.24,Baroque,Aluminium,14.0,8.0,538.0,1943,82,No,Expressive,Auctioned in London,4.0,4.09
Abstract_Florence_4184,Florence Hale,0.74,Abstract,Stone,33.0,7.0,658333.0,1858,167,No,Expressive,Auctioned in New York,685.34,852.52
Minimalist_Raymond_4185,Raymond Chiu,0.65,Minimalist,Brass,10.0,4.0,1000.0,1880,145,No,Polished,Museum Deaccession,7.24,8.02
Modern_Grace_4186,Grace Rowles,0.3,Modern,Bronze,3.0,2.0,33.0,1966,59,Yes,Expressive,Auctioned in New York,5.21,4.81
Renaissance_Anton_4187,Anton Joslin,0.19,Renaissance,Bronze,28.0,15.0,14351.0,1983,42,Yes,Vibrant,Acquired from Artist,41.82,59.06
Abstract_Merle_4188,Merle Merritt,0.68,Abstract,Brass,3.0,2.0,33.0,2009,16,Yes,Polished,Private Collection,5.62,6.14
Abstract_Joyce_4189,Joyce Smith,0.37,Abstract,Brass,7.0,,844.0,1938,87,No,Vibrant,Auctioned in New York,4.24,5.7
Modern_Christopher_4190,Christopher Sjogren,0.65,Modern,Wood,21.0,7.0,73.0,1946,79,No,Rustic,Museum Deaccession,3.79,4.02
Abstract_Franklin_4191,Franklin Murphy,0.05,Abstract,,8.0,5.0,77.0,1856,169,No,Expressive,Auctioned in London,2.8,3.96
Classical_Deloris_4192,Deloris Howell,0.61,Classical,Wood,33.0,9.0,736.0,1878,147,No,Intricate,Gallery Exhibition,4.49,4.68
Baroque_Darrell_4193,Darrell Gargus,,Baroque,Marble,46.0,,6357373.0,1993,32,Yes,Rustic,Auctioned in London,19908.75,21049.04
Renaissance_Brian_4194,Brian Murphy,,Renaissance,,20.0,12.0,,1899,126,No,Intricate,Auctioned in London,4.45,5.28
Abstract_Jason_4195,Jason Hodgdon,0.36,Abstract,Clay,23.0,11.0,2553.0,1967,58,Yes,Expressive,Auctioned in London,11.91,11.4
Baroque_Linda_4196,Linda Gomez,,Baroque,,,,,1969,56,Yes,Elegant,Acquired from Artist,2.88,3.43
Modern_Carolina_4197,Carolina Allen,0.76,Modern,Aluminium,17.0,6.0,333.0,1887,138,No,Elegant,Auctioned in New York,2.97,3.52
Baroque_Samuel_4198,Samuel Pederson,0.49,Baroque,Wood,15.0,7.0,225.0,1981,44,Yes,Minimal,Inherited Estate,6.63,6.09
Modern_Jeffrey_4199,Jeffrey Hall,,Modern,Stone,13.0,6.0,26621.0,1876,149,No,Vibrant,Auctioned in New York,131.78,171.08
Minimalist_Richard_4200,Richard Armstrong,0.59,Minimalist,,22.0,10.0,21928.0,1906,119,No,Polished,Auctioned in New York,94.92,115.41
Contemporary_Lawrence_4201,Lawrence Green,0.0,Contemporary,Marble,37.0,17.0,2390433.0,1962,63,Yes,Expressive,Auctioned in New York,1865.35,2006.78
Abstract_William_4202,William Myers,,Abstract,,31.0,9.0,3048.0,1943,82,No,Elegant,Auctioned in London,14.07,15.17
Renaissance_Megan_4203,Megan Perez,0.44,Renaissance,Wood,11.0,8.0,151.0,1869,156,No,Expressive,Auctioned in London,2.97,3.67
Modern_David_4204,David Lott,0.06,Modern,Aluminium,,4.0,117.0,1995,30,Yes,Rustic,Auctioned in New York,3.68,4.27
Minimalist_Patricia_4205,Patricia Gomez,0.78,Minimalist,,11.0,6.0,42413.0,1880,145,No,Vibrant,Auctioned in New York,212.67,201.86
Minimalist_Nicholas_4206,Nicholas Park,0.29,Minimalist,Marble,19.0,9.0,95985.0,1886,139,No,Expressive,Auctioned in London,97.37,161.78
Renaissance_Paul_4207,Paul Takaki,0.56,Renaissance,Aluminium,35.0,,2854.0,1967,58,Yes,Intricate,Acquired from Artist,4.02,4.27
Modern_Steve_4208,Steve Breland,0.45,Modern,Aluminium,20.0,11.0,1007.0,1857,168,No,Intricate,Acquired from Artist,3.89,5.4
Abstract_Eileen_4209,Eileen Ryans,,Abstract,Aluminium,13.0,7.0,,1953,72,Yes,Elegant,Gallery Exhibition,4.18,3.87
Abstract_June_4210,June Browen,0.23,Abstract,Bronze,18.0,8.0,3090.0,1932,93,No,Vibrant,Inherited Estate,11.26,12.96
Contemporary_Theresa_4211,Theresa Boyd,0.86,Contemporary,Brass,55.0,37.0,593389.0,1984,41,Yes,Polished,Gallery Exhibition,926.31,1294.48
Contemporary_Robert_4212,Robert Murray,0.77,Contemporary,Marble,16.0,7.0,34835.0,1975,50,Yes,Elegant,Auctioned in New York,66.5,71.39
Contemporary_Todd_4213,Todd Lynn,0.49,Contemporary,Bronze,26.0,,7592.0,1959,66,Yes,Expressive,Auctioned in New York,11.9,12.76
Baroque_Ava_4214,Ava Hanson,0.33,Baroque,Bronze,55.0,14.0,70909.0,1985,40,Yes,Minimal,Auctioned in London,248.92,283.89
Minimalist_Sun_4215,Sun Moore,0.66,Minimalist,Stone,26.0,11.0,957403.0,1970,55,Yes,Minimal,Inherited Estate,907.01,959.36
Contemporary_Jesse_4216,Jesse Maryland,0.44,Contemporary,,14.0,7.0,729.0,1861,164,No,Polished,Acquired from Artist,2.11,3.19
Renaissance_Esther_4217,Esther Mcdaniel,,Renaissance,Aluminium,15.0,8.0,156.0,1968,57,Yes,Expressive,Auctioned in New York,4.43,4.07
Modern_Stella_4218,Stella Canfield,0.24,Modern,Brass,3.0,2.0,10.0,1921,104,No,Polished,Museum Deaccession,4.5,6.11
Baroque_Sharlene_4219,Sharlene Morse,0.53,Baroque,Stone,33.0,17.0,5371463.0,1871,154,No,Expressive,Museum Deaccession,29987.52,40397.16
Renaissance_Arthur_4220,Arthur Olenick,0.13,Renaissance,Clay,29.0,17.0,2159.0,1965,60,Yes,Vibrant,Gallery Exhibition,2.37,3.55
Baroque_Randy_4221,Randy Hollingsworth,0.12,Baroque,Clay,16.0,6.0,640.0,1924,101,No,Minimal,Auctioned in New York,2.46,3.44
Baroque_Norma_4222,Norma Graza,0.07,Baroque,Brass,40.0,9.0,14896.0,1893,132,No,Elegant,Auctioned in New York,25.91,37.44
Minimalist_Catherine_4223,Catherine Calvin,,Minimalist,,19.0,,125784.0,1996,29,Yes,Rustic,Private Collection,312.86,289.47
Baroque_Henry_4224,Henry Allen,0.21,Baroque,Marble,23.0,10.0,281919.0,1937,88,No,Elegant,Acquired from Artist,528.45,680.37
Minimalist_Stanley_4225,Stanley Mimbs,0.57,Minimalist,Brass,14.0,6.0,2296.0,1887,138,No,Polished,Private Collection,7.34,6.98
Minimalist_Ernesto_4226,Ernesto Palmer,0.32,Minimalist,Marble,14.0,,,1965,60,Yes,Minimal,Inherited Estate,19.93,18.13
Contemporary_Carmen_4227,Carmen Johnson,0.75,Contemporary,Aluminium,19.0,11.0,625.0,1931,94,No,Vibrant,Private Collection,5.37,5.9
Abstract_Dawn_4228,Dawn Coles,0.49,Abstract,Clay,6.0,4.0,78.0,1859,166,No,Minimal,Auctioned in London,4.12,3.95
Renaissance_Jose_4229,Jose Johnson,0.41,Renaissance,Brass,32.0,10.0,16993.0,2011,14,Yes,Vibrant,Auctioned in London,72.21,83.81
Baroque_Victor_4230,Victor Ellerbe,,Baroque,Stone,21.0,8.0,,1852,173,No,Rustic,Gallery Exhibition,1570.88,2280.37
Modern_Frank_4231,Frank Hunter,0.56,Modern,Wood,44.0,11.0,691.0,1967,58,Yes,Elegant,Acquired from Artist,3.19,4.36
Classical_Matthew_4232,Matthew Keenum,0.22,Classical,Marble,12.0,8.0,29917.0,1868,157,No,Minimal,Private Collection,66.21,76.99
Baroque_Dion_4233,Dion Skidmore,0.2,Baroque,Brass,14.0,8.0,,1888,137,No,Rustic,Auctioned in New York,4.6,5.28
Minimalist_Fred_4234,Fred Price,0.05,Minimalist,Stone,,6.0,15019.0,1885,140,No,Elegant,Auctioned in New York,7.1,9.32
Renaissance_Brian_4235,Brian Haines,,Renaissance,Marble,26.0,16.0,738896.0,1956,69,Yes,Expressive,Inherited Estate,1297.26,1712.44
Modern_Peter_4236,Peter Giard,0.85,Modern,Bronze,15.0,8.0,2834.0,1984,41,Yes,Minimal,Acquired from Artist,12.73,13.39
Renaissance_Evia_4237,Evia Cook,,Renaissance,Bronze,22.0,11.0,14964.0,1952,73,Yes,Polished,Inherited Estate,21.38,25.35
Abstract_Violet_4238,Violet Gausman,0.87,Abstract,Clay,7.0,5.0,303.0,1949,76,No,Elegant,Private Collection,2.99,4.24
Minimalist_Gena_4239,Gena Lofton,0.05,Minimalist,Stone,14.0,6.0,24155.0,1867,158,No,Minimal,Acquired from Artist,73.63,67.93
Minimalist_Frank_4240,Frank Wood,0.17,Minimalist,Marble,51.0,26.0,11075102.0,1931,94,No,Intricate,Private Collection,42473.32,41614.21
Contemporary_Frances_4241,Frances Stigers,,Contemporary,Bronze,26.0,17.0,39715.0,1953,72,Yes,Polished,Auctioned in London,50.84,67.25
Contemporary_Laura_4242,Laura Hicks,0.27,Contemporary,Bronze,,24.0,96802.0,1853,172,No,Expressive,Auctioned in London,232.01,313.65
Contemporary_Ian_4243,Ian Schwartz,,Contemporary,Stone,27.0,9.0,722417.0,1969,56,Yes,Rustic,Inherited Estate,6861.86,6527.48
Renaissance_James_4244,James Weigel,0.82,Renaissance,Brass,19.0,10.0,11733.0,1994,31,Yes,Polished,Auctioned in New York,17.06,27.42
Modern_Laura_4245,Laura Weeks,0.15,Modern,,25.0,7.0,176839.0,1979,46,Yes,Expressive,Gallery Exhibition,108.15,104.72
Contemporary_Beverly_4246,Beverly Edwards,0.94,Contemporary,Stone,10.0,5.0,13736.0,2015,10,Yes,Minimal,Inherited Estate,19.46,21.82
Classical_Norma_4247,Norma Johnson,0.35,Classical,Bronze,35.0,19.0,71033.0,1915,110,No,Rustic,Gallery Exhibition,94.14,94.32
Abstract_Gerald_4248,Gerald Johnson,0.84,Abstract,Aluminium,5.0,3.0,35.0,2010,15,Yes,Rustic,Auctioned in London,4.06,3.78
Abstract_Loretta_4249,Loretta Powell,0.12,Abstract,Clay,9.0,4.0,176.0,2002,23,Yes,Vibrant,Acquired from Artist,5.72,6.78
Modern_Jessica_4250,Jessica Godzik,0.55,Modern,Bronze,12.0,7.0,2557.0,1878,147,No,Vibrant,Auctioned in London,3.83,4.77
Contemporary_Betty_4251,Betty Miller,0.14,Contemporary,Aluminium,23.0,7.0,432.0,1863,162,No,Elegant,Private Collection,4.26,6.86
Abstract_Nathan_4252,Nathan Olson,0.08,Abstract,,12.0,8.0,1258.0,1855,170,No,Elegant,Auctioned in London,3.96,4.44
Renaissance_Allen_4253,Allen Sanders,,Renaissance,,14.0,7.0,2715.0,1870,155,No,Rustic,Museum Deaccession,1.99,3.24
Contemporary_Bradley_4254,Bradley Gerdes,0.41,Contemporary,Brass,29.0,7.0,10637.0,1864,161,No,Rustic,Private Collection,43.33,49.81
Renaissance_Jerry_4255,Jerry Rose,0.57,Renaissance,Aluminium,48.0,15.0,4355.0,1972,53,Yes,Polished,Auctioned in London,30.53,33.45
Classical_Charles_4256,Charles Obrien,0.35,Classical,Bronze,23.0,10.0,7442.0,2015,10,Yes,Polished,Museum Deaccession,13.38,15.78
Baroque_Renee_4257,Renee Finch,0.7,Baroque,Marble,45.0,23.0,2147033.0,1954,71,Yes,Elegant,Museum Deaccession,10295.54,14732.83
Classical_Linda_4258,Linda Dibble,0.09,Classical,Stone,38.0,10.0,1742574.0,1945,80,No,Minimal,Acquired from Artist,2858.85,2781.72
Minimalist_Sylvia_4259,Sylvia Thames,0.36,Minimalist,Marble,11.0,,22522.0,1854,171,No,Minimal,Auctioned in New York,63.78,71.12
Abstract_Devin_4260,Devin Goetzinger,0.18,Abstract,Wood,46.0,21.0,1212.0,1889,136,No,Expressive,Gallery Exhibition,3.39,3.1
Modern_Jesse_4261,Jesse Riggleman,,Modern,,8.0,4.0,763.0,1931,94,No,Intricate,Inherited Estate,3.38,3.85
Modern_Kurt_4262,Kurt Alesci,0.18,Modern,Marble,10.0,5.0,4984.0,1955,70,Yes,Intricate,Acquired from Artist,12.1,12.18
Abstract_Marilyn_4263,Marilyn Briggs,0.27,Abstract,,20.0,12.0,15990.0,1875,150,No,Intricate,Auctioned in London,38.98,46.48
Modern_Mike_4264,Mike Johnson,0.5,Modern,,49.0,26.0,25165789.0,1987,38,Yes,Expressive,Gallery Exhibition,70869.69,65974.56
Baroque_Pamela_4265,Pamela Kitt,0.01,Baroque,Clay,,3.0,41.0,1959,66,Yes,Rustic,Museum Deaccession,5.29,5.66
Baroque_Joan_4266,Joan Ryan,0.88,Baroque,Clay,39.0,19.0,,1948,77,No,Polished,Auctioned in London,119.58,111.03
Classical_Aaron_4267,Aaron Schmitt,0.4,Classical,,33.0,,1665.0,1944,81,No,Intricate,Auctioned in London,6.46,7.05
Abstract_Kaye_4268,Kaye Doty,,Abstract,Marble,,4.0,4517.0,1970,55,Yes,Intricate,Museum Deaccession,8.16,9.2
Modern_Eileen_4269,Eileen Sevilla,0.38,Modern,,6.0,5.0,1438.0,2004,21,Yes,Vibrant,Auctioned in London,3.64,5.11
Modern_Angela_4270,Angela Britton,0.8,Modern,Wood,3.0,2.0,8.0,2008,17,Yes,Intricate,Auctioned in London,3.28,3.06
Abstract_Michael_4271,Michael Brooks,0.06,Abstract,Brass,17.0,9.0,12939.0,1909,116,No,Expressive,Auctioned in London,13.79,15.06
Minimalist_Anne_4272,Anne White,0.89,Minimalist,Stone,36.0,21.0,8315113.0,1944,81,No,Minimal,Museum Deaccession,7067.09,6938.76
Contemporary_Lynn_4273,Lynn Mabry,0.68,Contemporary,Clay,23.0,12.0,2578.0,1876,149,No,Intricate,Private Collection,21.86,21.41
Renaissance_Janice_4274,Janice Jimenez,,Renaissance,Stone,4.0,,1280.0,2002,23,Yes,Polished,Private Collection,6.23,6.18
Baroque_John_4275,John Warren,0.5,Baroque,Aluminium,21.0,8.0,467.0,1875,150,No,Rustic,Auctioned in New York,4.2,4.46
Baroque_Alma_4276,Alma Weckhorst,0.48,Baroque,Aluminium,24.0,7.0,528.0,1881,144,No,Intricate,Gallery Exhibition,5.9,5.91
Renaissance_Pamela_4277,Pamela Humphreys,0.61,Renaissance,,10.0,5.0,747.0,2008,17,Yes,Vibrant,Museum Deaccession,2.57,3.25
Contemporary_Pamela_4278,Pamela Barnett,0.77,Contemporary,Wood,24.0,10.0,197.0,1928,97,No,Elegant,Private Collection,4.68,5.21
Renaissance_Tim_4279,Tim Szot,0.8,Renaissance,Clay,31.0,16.0,7333.0,1937,88,No,Polished,Auctioned in New York,9.97,12.02
Abstract_Mark_4280,Mark Compton,0.4,Abstract,Aluminium,26.0,15.0,643.0,1882,143,No,Polished,Acquired from Artist,6.2,5.84
Classical_Alicia_4281,Alicia Parente,0.31,Classical,,14.0,6.0,246.0,1853,172,No,Expressive,Gallery Exhibition,4.43,6.96
Modern_Nathaniel_4282,Nathaniel Green,0.66,Modern,Stone,12.0,8.0,99166.0,1929,96,No,Elegant,Private Collection,340.55,394.86
Modern_Leon_4283,Leon Berner,0.24,Modern,Aluminium,60.0,28.0,18548.0,1963,62,Yes,Polished,Gallery Exhibition,14.01,14.87
Contemporary_Shirley_4284,Shirley Geimer,0.02,Contemporary,Wood,8.0,5.0,20.0,1880,145,No,Expressive,Gallery Exhibition,2.81,3.29
Abstract_Marian_4285,Marian Petch,0.02,Abstract,Wood,24.0,6.0,222.0,1993,32,Yes,Intricate,Private Collection,3.69,4.7
Baroque_Rolland_4286,Rolland Tucker,0.34,Baroque,,34.0,,76893.0,1979,46,Yes,Elegant,Auctioned in London,86.42,83.14
Minimalist_George_4287,George Krohn,0.17,Minimalist,,24.0,7.0,80899.0,1939,86,No,Minimal,Inherited Estate,103.6,101.27
Baroque_Karl_4288,Karl Torres,0.57,Baroque,,25.0,6.0,1211.0,1912,113,No,Polished,Auctioned in New York,3.93,5.68
Renaissance_Jean_4289,Jean Tucker,0.06,Renaissance,Wood,23.0,9.0,198.0,1910,115,No,Elegant,Auctioned in New York,6.12,6.69
Modern_Debra_4290,Debra Jones,0.3,Modern,Wood,4.0,4.0,20.0,1878,147,No,Vibrant,Gallery Exhibition,4.8,5.19
Abstract_Amanda_4291,Amanda Milton,0.37,Abstract,Brass,20.0,8.0,8847.0,1966,59,Yes,Intricate,Inherited Estate,29.86,40.85
Classical_Joseph_4292,Joseph Bekins,0.07,Classical,Stone,13.0,8.0,119449.0,1995,30,Yes,Intricate,Museum Deaccession,75.67,91.41
Renaissance_Michael_4293,Michael Mcghee,,Renaissance,Clay,41.0,12.0,,1862,163,No,Minimal,Auctioned in New York,33.22,44.34
Modern_Stephanie_4294,Stephanie Canclini,0.7,Modern,Marble,49.0,27.0,14797323.0,1959,66,Yes,Expressive,Auctioned in New York,73284.52,70117.2
Modern_Shana_4295,Shana Boelter,0.19,Modern,Stone,,8.0,27478.0,1992,33,Yes,Expressive,Auctioned in New York,87.94,135.95
Modern_Peter_4296,Peter Limon,,Modern,Brass,10.0,4.0,809.0,2010,15,Yes,Expressive,Auctioned in New York,2.4,3.39
Contemporary_Jane_4297,Jane Bushey,0.24,Contemporary,Clay,12.0,7.0,859.0,1876,149,No,Polished,Acquired from Artist,2.78,3.82
Modern_Karen_4298,Karen Papadopoulos,0.12,Modern,Stone,20.0,6.0,89952.0,1862,163,No,Rustic,Private Collection,66.64,81.6
Renaissance_Robbin_4299,Robbin Wagner,0.13,Renaissance,Wood,28.0,10.0,424.0,1852,173,No,Intricate,Gallery Exhibition,4.47,4.33
Baroque_Janie_4300,Janie Bowman,,Baroque,,24.0,11.0,17820.0,1937,88,No,Rustic,Gallery Exhibition,31.39,36.98
Contemporary_Clarice_4301,Clarice Ellerbe,,Contemporary,Clay,3.0,3.0,29.0,1893,132,No,Elegant,Auctioned in London,6.21,6.19
Modern_Bruce_4302,Bruce Pere,,Modern,Brass,26.0,14.0,37505.0,1853,172,No,Vibrant,Acquired from Artist,15.75,21.11
Classical_Terry_4303,Terry Jackson,0.24,Classical,Brass,,8.0,1697.0,1967,58,Yes,Rustic,Gallery Exhibition,3.15,4.14
Abstract_Jonathan_4304,Jonathan Cobb,0.42,Abstract,,15.0,,97197.0,1891,134,No,Minimal,Private Collection,23.47,35.81
Minimalist_Carin_4305,Carin Mason,0.75,Minimalist,Stone,35.0,16.0,4295103.0,2019,6,Yes,Intricate,Acquired from Artist,27673.62,30743.89
Minimalist_Teresa_4306,Teresa Caricofe,0.2,Minimalist,Bronze,21.0,6.0,4664.0,1872,153,No,Polished,Gallery Exhibition,3.51,5.4
Modern_Roberto_4307,Roberto Hershenson,0.04,Modern,Marble,37.0,12.0,1546212.0,1961,64,Yes,Expressive,Acquired from Artist,1537.0,1538.25
Abstract_Pearl_4308,Pearl Thorn,0.31,Abstract,Clay,15.0,8.0,1057.0,1858,167,No,Minimal,Inherited Estate,6.14,6.32
Baroque_Julie_4309,Julie Derouen,0.14,Baroque,Bronze,16.0,7.0,2496.0,1878,147,No,Polished,Auctioned in London,7.91,7.66
Baroque_April_4310,April Garcia,0.8,Baroque,Stone,8.0,5.0,11406.0,1968,57,Yes,Intricate,Private Collection,29.5,43.58
Baroque_Nona_4311,Nona King,0.95,Baroque,Aluminium,15.0,7.0,285.0,1920,105,No,Expressive,Auctioned in New York,1.93,3.06
Renaissance_Katheryn_4312,Katheryn Oshea,0.9,Renaissance,Brass,21.0,10.0,,1851,174,No,Rustic,Inherited Estate,44.94,69.27
Minimalist_Joseph_4313,Joseph Montello,0.35,Minimalist,,6.0,5.0,287.0,1866,159,No,Intricate,Auctioned in New York,4.4,4.3
Renaissance_Toby_4314,Toby Cowan,0.48,Renaissance,,14.0,8.0,,1880,145,No,Expressive,Auctioned in London,3.33,3.71
Minimalist_Ruby_4315,Ruby Bennion,0.31,Minimalist,Wood,20.0,,133.0,1968,57,Yes,Vibrant,Auctioned in New York,2.21,3.45
Minimalist_Gary_4316,Gary Grady,0.01,Minimalist,,31.0,8.0,954.0,1926,99,No,Vibrant,Private Collection,2.56,4.03
Renaissance_Christina_4317,Christina Durham,1.0,Renaissance,Wood,12.0,8.0,111.0,1993,32,Yes,Rustic,Museum Deaccession,4.46,6.98
Modern_Alejandro_4318,Alejandro Patterson,0.35,Modern,,,6.0,12827.0,1954,71,Yes,Minimal,Auctioned in New York,14.87,17.38
Abstract_Kathy_4319,Kathy Scobee,0.96,Abstract,Brass,30.0,15.0,63140.0,1862,163,No,Elegant,Museum Deaccession,245.92,371.49
Renaissance_Caroline_4320,Caroline Hernandez,0.1,Renaissance,Bronze,18.0,7.0,2816.0,1860,165,No,Intricate,Acquired from Artist,4.04,6.26
Contemporary_Elizabeth_4321,Elizabeth Gibbs,0.23,Contemporary,Bronze,20.0,16.0,13120.0,1949,76,No,Expressive,Gallery Exhibition,50.36,59.83
Abstract_Barbara_4322,Barbara Stevens,0.12,Abstract,Clay,20.0,12.0,2917.0,2008,17,Yes,Elegant,Auctioned in New York,4.97,7.65
Contemporary_Timothy_4323,Timothy Slaughter,0.31,Contemporary,Bronze,9.0,5.0,220.0,1996,29,Yes,Vibrant,Auctioned in New York,4.26,6.91
Baroque_Lawrence_4324,Lawrence Graczyk,,Baroque,,46.0,15.0,,1996,29,Yes,Vibrant,Inherited Estate,90.22,110.45
Baroque_Beulah_4325,Beulah Thomas,0.3,Baroque,Bronze,16.0,7.0,3187.0,2020,5,Yes,Intricate,Auctioned in London,6.53,7.89
Contemporary_Leroy_4326,Leroy Barr,,Contemporary,Bronze,14.0,6.0,1874.0,1859,166,No,Elegant,Auctioned in London,3.94,6.1
Baroque_Adam_4327,Adam Mitchell,0.55,Baroque,Wood,30.0,6.0,325.0,1968,57,Yes,Polished,Inherited Estate,7.05,6.83
Minimalist_Keith_4328,Keith Allen,0.61,Minimalist,Aluminium,17.0,6.0,367.0,1866,159,No,Elegant,Gallery Exhibition,3.15,4.64
Baroque_Amanda_4329,Amanda Vega,0.73,Baroque,Clay,23.0,11.0,2847.0,1929,96,No,Minimal,Auctioned in London,17.34,18.4
Modern_Christina_4330,Christina Blandy,0.87,Modern,Stone,,6.0,147479.0,1965,60,Yes,Expressive,Auctioned in London,472.35,752.62
Minimalist_Nicole_4331,Nicole Wall,0.64,Minimalist,Wood,,24.0,1998.0,1964,61,Yes,Intricate,Auctioned in London,3.25,3.63
Minimalist_Ruby_4332,Ruby Abrams,0.1,Minimalist,Brass,27.0,22.0,47815.0,1879,146,No,Intricate,Inherited Estate,65.89,66.78
Baroque_Todd_4333,Todd Draper,0.17,Baroque,,24.0,10.0,,1946,79,No,Elegant,Inherited Estate,1779.59,2182.51
Renaissance_Mack_4334,Mack Miller,,Renaissance,Bronze,32.0,16.0,44883.0,1939,86,No,Expressive,Museum Deaccession,68.66,114.07
Minimalist_Jake_4335,Jake Engman,0.11,Minimalist,Marble,7.0,5.0,4532.0,2013,12,Yes,Expressive,Inherited Estate,3.39,3.18
Renaissance_Donna_4336,Donna Drummond,0.2,Renaissance,Bronze,11.0,8.0,,1976,49,Yes,Expressive,Acquired from Artist,5.67,5.87
Baroque_Annie_4337,Annie Powell,,Baroque,Bronze,22.0,6.0,4081.0,1911,114,No,Elegant,Inherited Estate,8.3,11.23
Minimalist_Roy_4338,Roy Morgan,0.36,Minimalist,Marble,33.0,6.0,127132.0,1929,96,No,Expressive,Inherited Estate,275.88,258.59
Baroque_Kelly_4339,Kelly Farrar,0.61,Baroque,Brass,7.0,,316.0,1966,59,Yes,Polished,Auctioned in New York,5.61,5.64
Modern_Kristin_4340,Kristin Venegas,0.78,Modern,Clay,,4.0,159.0,1932,93,No,Rustic,Auctioned in New York,4.08,3.96
Modern_Reyna_4341,Reyna Mckillip,0.2,Modern,Wood,23.0,7.0,280.0,1918,107,No,Elegant,Gallery Exhibition,4.27,5.19
Contemporary_Natasha_4342,Natasha Mays,0.17,Contemporary,,22.0,,,1961,64,Yes,Intricate,Acquired from Artist,419.78,482.7
Modern_Gary_4343,Gary Mintz,0.28,Modern,Clay,10.0,5.0,371.0,1967,58,Yes,Elegant,Private Collection,3.48,3.32
Renaissance_Angie_4344,Angie Hernandez,0.73,Renaissance,,26.0,7.0,151190.0,1965,60,Yes,Elegant,Acquired from Artist,202.49,294.13
Baroque_Heather_4345,Heather Vigor,,Baroque,,8.0,4.0,6590.0,1945,80,No,Minimal,Acquired from Artist,23.3,22.28
Minimalist_Theresa_4346,Theresa Reed,0.55,Minimalist,Marble,19.0,7.0,,1988,37,Yes,Polished,Gallery Exhibition,77.57,85.3
Contemporary_Susan_4347,Susan Holguin,0.03,Contemporary,Clay,12.0,8.0,667.0,1950,75,No,Elegant,Inherited Estate,3.75,5.52
Renaissance_Harry_4348,Harry Sherer,0.36,Renaissance,Stone,9.0,5.0,10896.0,1850,175,No,Vibrant,Auctioned in New York,26.19,39.06
Minimalist_Anthony_4349,Anthony Walker,0.32,Minimalist,Marble,44.0,15.0,3989667.0,2016,9,Yes,Minimal,Acquired from Artist,6446.3,7096.07
Abstract_Richie_4350,Richie Odom,0.61,Abstract,Wood,48.0,29.0,1645.0,1970,55,Yes,Rustic,Acquired from Artist,4.1,5.51
Baroque_Carolyn_4351,Carolyn Hernandez,0.69,Baroque,Clay,,5.0,63.0,1970,55,Yes,Polished,Acquired from Artist,2.93,3.38
Classical_Jerry_4352,Jerry Flores,0.07,Classical,Stone,21.0,7.0,122697.0,2013,12,Yes,Minimal,Auctioned in London,80.11,77.24
Modern_Travis_4353,Travis Shaffer,0.2,Modern,Stone,12.0,7.0,55016.0,1996,29,Yes,Elegant,Private Collection,121.66,158.44
Minimalist_Camille_4354,Camille Araujo,,Minimalist,Clay,16.0,8.0,774.0,1868,157,No,Elegant,Museum Deaccession,4.65,5.03
Contemporary_Theresa_4355,Theresa Baumberger,0.39,Contemporary,Brass,11.0,6.0,1638.0,1898,127,No,Expressive,Gallery Exhibition,3.73,5.77
Renaissance_John_4356,John Heavener,0.42,Renaissance,Clay,57.0,25.0,27612.0,1996,29,Yes,Vibrant,Auctioned in London,22.17,24.87
Modern_Leigh_4357,Leigh Mosholder,0.6,Modern,Clay,36.0,6.0,1194.0,1935,90,No,Expressive,Private Collection,7.23,8.51
Abstract_Thelma_4358,Thelma Cotton,0.46,Abstract,Bronze,4.0,4.0,97.0,1865,160,No,Vibrant,Private Collection,4.38,4.37
Classical_Dennis_4359,Dennis Iverson,0.07,Classical,Wood,17.0,11.0,302.0,1882,143,No,Elegant,Private Collection,4.21,4.77
Classical_Mildred_4360,Mildred Lucas,0.09,Classical,,29.0,6.0,1429.0,1874,151,No,Elegant,Inherited Estate,4.74,6.71
Minimalist_James_4361,James Zahn,0.56,Minimalist,,17.0,11.0,,2014,11,Yes,Expressive,Auctioned in New York,17.94,25.35
Minimalist_Sharon_4362,Sharon Joyce,0.06,Minimalist,,9.0,5.0,99.0,1963,62,Yes,Minimal,Museum Deaccession,3.26,3.8
Classical_Eric_4363,Eric Cain,0.67,Classical,Bronze,8.0,5.0,716.0,1981,44,Yes,Elegant,Private Collection,2.67,3.65
Minimalist_John_4364,John Kinney,0.1,Minimalist,Wood,20.0,11.0,,1952,73,Yes,Minimal,Gallery Exhibition,5.39,6.08
Classical_Mary_4365,Mary Rosario,0.26,Classical,Bronze,4.0,3.0,75.0,1992,33,Yes,Vibrant,Private Collection,7.06,6.86
Modern_Jane_4366,Jane James,0.77,Modern,Clay,11.0,,,1946,79,No,Vibrant,Museum Deaccession,3.02,4.37
Minimalist_Anne_4367,Anne Gordon,0.27,Minimalist,Stone,11.0,6.0,29701.0,1970,55,Yes,Vibrant,Gallery Exhibition,33.69,55.5
Modern_Joan_4368,Joan George,0.04,Modern,,21.0,14.0,3274.0,1975,50,Yes,Rustic,Auctioned in New York,3.74,6.1
Renaissance_Kristen_4369,Kristen Hopping,0.81,Renaissance,,35.0,21.0,1073.0,1867,158,No,Expressive,Gallery Exhibition,6.32,6.0
Contemporary_Regina_4370,Regina Lisowski,,Contemporary,Clay,5.0,3.0,42.0,2011,14,Yes,Minimal,Acquired from Artist,4.24,4.77
Baroque_Charlie_4371,Charlie Price,0.32,Baroque,Clay,19.0,9.0,1752.0,1932,93,No,Elegant,Acquired from Artist,7.32,6.92
Contemporary_Alberto_4372,Alberto Guthrie,0.19,Contemporary,Stone,,21.0,9294079.0,1934,91,No,Elegant,Auctioned in London,8302.88,13570.34
Abstract_Kelly_4373,Kelly Vallejo,1.0,Abstract,Wood,13.0,,131.0,1892,133,No,Vibrant,Auctioned in London,2.41,3.97
Classical_Soledad_4374,Soledad Turner,0.12,Classical,Bronze,30.0,11.0,24794.0,1903,122,No,Expressive,Gallery Exhibition,31.1,37.02
Baroque_Jan_4375,Jan Markowitz,0.73,Baroque,Brass,19.0,,7846.0,1859,166,No,Minimal,Auctioned in London,13.56,20.37
Baroque_Robert_4376,Robert Wadsworth,0.93,Baroque,Marble,28.0,10.0,310032.0,1888,137,No,Intricate,Inherited Estate,669.43,782.16
Abstract_Tina_4377,Tina Woods,0.32,Abstract,Marble,32.0,18.0,2293017.0,1861,164,No,Vibrant,Gallery Exhibition,1518.45,1673.06
Minimalist_Marsha_4378,Marsha Sanders,0.27,Minimalist,Bronze,37.0,14.0,19703.0,2015,10,Yes,Intricate,Inherited Estate,35.7,55.97
Minimalist_Nathan_4379,Nathan Jasso,,Minimalist,Wood,23.0,9.0,289.0,1974,51,Yes,Intricate,Gallery Exhibition,6.9,6.9
Contemporary_Todd_4380,Todd Robertson,0.13,Contemporary,Marble,28.0,12.0,377884.0,1877,148,No,Rustic,Auctioned in London,976.77,1205.08
Baroque_Jason_4381,Jason Payne,0.54,Baroque,Marble,24.0,8.0,106545.0,1932,93,No,Rustic,Inherited Estate,446.78,683.44
Classical_Matthew_4382,Matthew Griffin,0.01,Classical,Marble,,6.0,,1856,169,No,Elegant,Acquired from Artist,170.13,174.07
Baroque_Margaret_4383,Margaret Germain,0.5,Baroque,Clay,7.0,4.0,144.0,1859,166,No,Rustic,Acquired from Artist,4.32,6.74
Renaissance_Dolores_4384,Dolores Donegan,0.3,Renaissance,Stone,29.0,,631362.0,1996,29,Yes,Vibrant,Auctioned in London,840.84,811.16
Classical_Matthew_4385,Matthew Minick,0.62,Classical,Clay,31.0,7.0,2729.0,1862,163,No,Intricate,Auctioned in London,6.15,9.2
Modern_Loree_4386,Loree Robinson,0.81,Modern,Bronze,,21.0,103667.0,1904,121,No,Elegant,Auctioned in New York,289.29,372.46
Classical_Linda_4387,Linda Bell,0.45,Classical,Bronze,,9.0,7791.0,1866,159,No,Rustic,Auctioned in New York,13.09,13.73
Renaissance_Flor_4388,Flor Holder,0.47,Renaissance,,16.0,6.0,399.0,1960,65,Yes,Expressive,Museum Deaccession,4.01,4.47
Abstract_Susan_4389,Susan Wichmann,0.23,Abstract,Clay,40.0,11.0,2128.0,2000,25,Yes,Elegant,Museum Deaccession,4.89,6.79
Modern_Barbara_4390,Barbara Knight,0.94,Modern,Wood,13.0,7.0,157.0,1888,137,No,Expressive,Inherited Estate,2.52,4.06
Renaissance_Christopher_4391,Christopher Sharp,0.71,Renaissance,Clay,25.0,6.0,1553.0,1868,157,No,Elegant,Inherited Estate,4.73,5.37
Modern_Christina_4392,Christina Hockins,0.3,Modern,Stone,32.0,,597079.0,1863,162,No,Rustic,Gallery Exhibition,834.97,1279.22
Modern_Daniel_4393,Daniel Sutherland,0.51,Modern,Marble,25.0,,361740.0,1899,126,No,Polished,Acquired from Artist,633.16,618.37
Classical_Luther_4394,Luther Youngman,,Classical,Bronze,21.0,11.0,11000.0,1918,107,No,Expressive,Gallery Exhibition,38.38,49.0
Minimalist_Milagros_4395,Milagros Serrano,0.02,Minimalist,Brass,16.0,8.0,6125.0,2009,16,Yes,Vibrant,Gallery Exhibition,4.58,5.34
Contemporary_Randall_4396,Randall Vargas,0.6,Contemporary,Stone,25.0,7.0,99108.0,1875,150,No,Elegant,Acquired from Artist,374.74,465.95
Modern_John_4397,John Inabinet,0.65,Modern,Stone,28.0,,3205249.0,1893,132,No,Polished,Inherited Estate,1715.73,2625.88
Classical_Ronald_4398,Ronald Ellis,0.32,Classical,Stone,10.0,4.0,10742.0,2006,19,Yes,Expressive,Auctioned in London,18.0,16.67
Baroque_Cristina_4399,Cristina Obrien,0.93,Baroque,Clay,10.0,5.0,98.0,1910,115,No,Polished,Inherited Estate,2.89,4.2
Baroque_Alexis_4400,Alexis Tyler,,Baroque,Marble,34.0,8.0,287590.0,1954,71,Yes,Vibrant,Auctioned in New York,378.09,352.08
Abstract_Robert_4401,Robert Gary,0.76,Abstract,Bronze,14.0,7.0,2448.0,1966,59,Yes,Vibrant,Acquired from Artist,4.32,6.42
Minimalist_Robert_4402,Robert Anderson,0.62,Minimalist,Brass,,13.0,27638.0,2006,19,Yes,Vibrant,Gallery Exhibition,33.23,31.65
Classical_Anne_4403,Anne Mccluskey,0.61,Classical,Aluminium,16.0,6.0,447.0,1930,95,No,Rustic,Auctioned in London,4.46,6.45
Modern_Joseph_4404,Joseph Perng,0.42,Modern,Clay,5.0,4.0,97.0,1866,159,No,Polished,Museum Deaccession,5.02,5.01
Classical_Francis_4405,Francis Woods,0.23,Classical,Marble,15.0,6.0,34889.0,1973,52,Yes,Intricate,Auctioned in London,84.41,80.36
Minimalist_Mary_4406,Mary Callicutt,0.08,Minimalist,Clay,41.0,,10976.0,1959,66,Yes,Intricate,Museum Deaccession,21.93,27.44
Modern_Timothy_4407,Timothy Pusey,0.82,Modern,Brass,22.0,7.0,7554.0,1990,35,Yes,Polished,Auctioned in New York,26.57,37.23
Modern_Albert_4408,Albert Linville,0.42,Modern,Clay,22.0,10.0,1812.0,1985,40,Yes,Polished,Inherited Estate,6.04,10.0
Baroque_Erin_4409,Erin Richards,0.22,Baroque,Wood,14.0,7.0,171.0,1947,78,No,Minimal,Private Collection,4.18,4.34
Renaissance_Teddy_4410,Teddy Tait,0.77,Renaissance,Clay,38.0,18.0,14333.0,1967,58,Yes,Vibrant,Inherited Estate,69.54,82.29
Modern_Tiffany_4411,Tiffany White,0.34,Modern,Bronze,10.0,5.0,927.0,1901,124,No,Rustic,Gallery Exhibition,4.15,5.96
Contemporary_Raymond_4412,Raymond Johnson,0.04,Contemporary,,10.0,4.0,809.0,1911,114,No,Expressive,Private Collection,2.89,4.02
Renaissance_Heather_4413,Heather Diga,0.17,Renaissance,Brass,22.0,7.0,7940.0,1888,137,No,Rustic,Inherited Estate,14.72,16.09
Renaissance_Linda_4414,Linda Jenkins,,Renaissance,Bronze,26.0,9.0,6355.0,1942,83,No,Intricate,Inherited Estate,8.67,11.04
Contemporary_Miriam_4415,Miriam Nieves,0.41,Contemporary,Marble,8.0,5.0,3342.0,1991,34,Yes,Elegant,Museum Deaccession,6.29,6.03
Modern_Lester_4416,Lester Ferrigno,0.92,Modern,Wood,11.0,6.0,140.0,1967,58,Yes,Elegant,Auctioned in New York,4.14,4.28
Abstract_Melissa_4417,Melissa Sissel,0.11,Abstract,Bronze,10.0,,420.0,1877,148,No,Intricate,Gallery Exhibition,4.56,4.79
Renaissance_Jake_4418,Jake Cross,0.39,Renaissance,Stone,24.0,9.0,539642.0,2020,5,Yes,Polished,Auctioned in London,3426.79,3163.57
Contemporary_Keith_4419,Keith Barrett,0.42,Contemporary,Stone,32.0,10.0,1178827.0,1943,82,No,Rustic,Museum Deaccession,7258.12,6913.89
Abstract_Rose_4420,Rose Nimmons,0.37,Abstract,Brass,38.0,21.0,210202.0,1898,127,No,Intricate,Museum Deaccession,562.49,728.18
Contemporary_Russell_4421,Russell Lucht,0.48,Contemporary,Aluminium,12.0,7.0,,1997,28,Yes,Expressive,Gallery Exhibition,5.44,5.9
Abstract_Nell_4422,Nell Dockstader,,Abstract,Stone,19.0,12.0,570572.0,1878,147,No,Vibrant,Private Collection,1900.18,1881.49
Contemporary_Dwight_4423,Dwight Cespedes,0.73,Contemporary,Marble,27.0,12.0,498019.0,2003,22,Yes,Minimal,Auctioned in London,5036.17,4874.7
Classical_Susan_4424,Susan Davis,0.32,Classical,Brass,11.0,,2715.0,1990,35,Yes,Vibrant,Private Collection,9.99,9.48
Modern_Stephanie_4425,Stephanie Dabrowski,0.66,Modern,Aluminium,20.0,12.0,1312.0,1880,145,No,Vibrant,Museum Deaccession,2.57,3.22
Contemporary_Marianne_4426,Marianne Faulkner,0.06,Contemporary,Stone,36.0,11.0,1928890.0,1895,130,No,Minimal,Museum Deaccession,4488.46,4560.68
Renaissance_Kimberly_4427,Kimberly Gales,,Renaissance,Marble,9.0,4.0,3254.0,1918,107,No,Elegant,Acquired from Artist,4.71,5.25
Abstract_Carlos_4428,Carlos Johnson,0.05,Abstract,Bronze,41.0,,61937.0,1927,98,No,Minimal,Auctioned in New York,43.3,43.55
Modern_John_4429,John Starr,0.99,Modern,Aluminium,20.0,7.0,,1887,138,No,Elegant,Acquired from Artist,6.78,7.91
Modern_Agnes_4430,Agnes Skill,0.69,Modern,Aluminium,46.0,,4500.0,2015,10,Yes,Minimal,Inherited Estate,2.27,3.15
Modern_Allen_4431,Allen Thayer,0.87,Modern,,28.0,16.0,4250532.0,1910,115,No,Minimal,Private Collection,8313.04,9108.78
Contemporary_Mary_4432,Mary Spaulding,0.36,Contemporary,Bronze,,5.0,324.0,1852,173,No,Minimal,Gallery Exhibition,3.42,3.51
Modern_Stephen_4433,Stephen Freeman,0.1,Modern,Stone,12.0,,31313.0,1902,123,No,Intricate,Auctioned in New York,46.17,43.54
Abstract_Paul_4434,Paul Tucker,,Abstract,Brass,3.0,3.0,41.0,1890,135,No,Expressive,Auctioned in London,3.1,3.58
Renaissance_Shirley_4435,Shirley Flynn,0.4,Renaissance,Wood,31.0,21.0,1037.0,1893,132,No,Intricate,Private Collection,5.04,4.96
Contemporary_Margaret_4436,Margaret Crump,,Contemporary,Aluminium,24.0,6.0,835.0,1927,98,No,Elegant,Acquired from Artist,3.4,5.02
Renaissance_Daryl_4437,Daryl Hefner,0.19,Renaissance,Marble,14.0,6.0,21739.0,1993,32,Yes,Vibrant,Gallery Exhibition,13.63,14.49
Modern_Edward_4438,Edward Gutierrez,0.35,Modern,Wood,24.0,10.0,201.0,2008,17,Yes,Intricate,Gallery Exhibition,3.28,3.74
Classical_Maria_4439,Maria Ellinwood,0.17,Classical,Stone,12.0,7.0,42094.0,1967,58,Yes,Minimal,Museum Deaccession,80.06,101.98
Renaissance_Kenny_4440,Kenny Luther,0.68,Renaissance,Clay,5.0,4.0,74.0,1956,69,Yes,Polished,Inherited Estate,4.09,3.84
Classical_Armida_4441,Armida Newman,0.93,Classical,Wood,3.0,2.0,13.0,2002,23,Yes,Elegant,Auctioned in London,4.44,6.75
Modern_Thomas_4442,Thomas Pickens,0.52,Modern,Bronze,35.0,12.0,35493.0,1914,111,No,Expressive,Museum Deaccession,91.82,91.06
Baroque_Michael_4443,Michael Roberts,0.24,Baroque,Wood,26.0,14.0,398.0,1957,68,Yes,Elegant,Auctioned in London,5.23,6.61
Renaissance_Micheal_4444,Micheal Lively,0.7,Renaissance,Bronze,8.0,,400.0,1959,66,Yes,Elegant,Inherited Estate,3.22,3.38
Abstract_Edward_4445,Edward Jackson,0.15,Abstract,Bronze,15.0,7.0,,1929,96,No,Vibrant,Acquired from Artist,4.11,4.54
Classical_Karen_4446,Karen Willson,0.96,Classical,Marble,36.0,12.0,823830.0,1983,42,Yes,Elegant,Gallery Exhibition,3983.64,4789.5
Abstract_Duane_4447,Duane Cegielski,0.37,Abstract,Aluminium,24.0,8.0,1373.0,1972,53,Yes,Minimal,Gallery Exhibition,4.71,6.78
Baroque_Dana_4448,Dana Pullis,0.81,Baroque,,24.0,9.0,10988.0,1951,74,Yes,Vibrant,Auctioned in New York,35.59,51.7
Minimalist_Long_4449,Long Broadway,0.35,Minimalist,Bronze,47.0,14.0,41395.0,1904,121,No,Minimal,Inherited Estate,106.09,150.07
Renaissance_Kelly_4450,Kelly Malcom,0.68,Renaissance,,29.0,13.0,1451.0,1914,111,No,Minimal,Museum Deaccession,2.43,3.78
Classical_Roger_4451,Roger Rauch,0.64,Classical,Clay,26.0,6.0,1753.0,1875,150,No,Vibrant,Auctioned in London,2.66,3.33
Classical_Ignacio_4452,Ignacio Johnson,0.24,Classical,Bronze,32.0,15.0,22471.0,1862,163,No,Vibrant,Auctioned in London,111.95,111.69
Classical_Debbie_4453,Debbie Mcgee,,Classical,Stone,27.0,12.0,396963.0,1909,116,No,Minimal,Auctioned in London,119.93,125.62
Renaissance_Whitney_4454,Whitney Maio,0.62,Renaissance,Marble,,4.0,1139.0,2007,18,Yes,Vibrant,Private Collection,6.09,6.61
Modern_Juan_4455,Juan Pierson,,Modern,Bronze,25.0,6.0,3467.0,1918,107,No,Vibrant,Auctioned in London,16.16,19.02
Classical_Tina_4456,Tina Seals,0.8,Classical,,22.0,11.0,405806.0,1938,87,No,Polished,Gallery Exhibition,182.11,270.75
Abstract_Jessica_4457,Jessica Distaffen,,Abstract,Stone,,19.0,7209691.0,1974,51,Yes,Elegant,Acquired from Artist,23799.83,26137.81
Classical_Ronald_4458,Ronald Taylor,,Classical,Wood,21.0,10.0,254.0,1948,77,No,Polished,Auctioned in London,4.07,4.69
Classical_Tanya_4459,Tanya Lowenstein,0.19,Classical,Stone,51.0,13.0,7029260.0,2010,15,Yes,Intricate,Auctioned in London,24526.22,28007.27
Modern_Gabrielle_4460,Gabrielle Fairley,0.23,Modern,Brass,14.0,7.0,,1880,145,No,Elegant,Gallery Exhibition,4.98,5.62
Minimalist_William_4461,William Presler,0.82,Minimalist,,10.0,4.0,5011.0,1903,122,No,Expressive,Private Collection,7.7,9.73
Baroque_Shawn_4462,Shawn Banks,0.08,Baroque,Marble,14.0,6.0,10270.0,1868,157,No,Intricate,Auctioned in New York,26.01,28.17
Contemporary_Nicholas_4463,Nicholas Oeltjen,,Contemporary,Aluminium,7.0,4.0,102.0,1878,147,No,Minimal,Private Collection,5.7,5.74
Baroque_Dale_4464,Dale Mcdonald,0.65,Baroque,Bronze,12.0,6.0,553.0,1911,114,No,Minimal,Acquired from Artist,3.95,5.35
Baroque_Reginald_4465,Reginald Early,0.24,Baroque,Clay,37.0,20.0,,1877,148,No,Minimal,Acquired from Artist,16.44,15.32
Baroque_Juanita_4466,Juanita Boylan,0.38,Baroque,Clay,18.0,13.0,1021.0,1926,99,No,Intricate,Private Collection,4.04,6.06
Contemporary_Lamont_4467,Lamont Metevier,0.77,Contemporary,,32.0,15.0,9558.0,1899,126,No,Polished,Inherited Estate,48.52,53.44
Minimalist_Estelle_4468,Estelle Pratt,0.17,Minimalist,Brass,35.0,7.0,20741.0,1973,52,Yes,Expressive,Auctioned in London,33.99,36.13
Modern_Dewey_4469,Dewey Catlett,0.21,Modern,,13.0,6.0,,1888,137,No,Elegant,Inherited Estate,3.94,5.78
Modern_Anneliese_4470,Anneliese Zambrano,0.63,Modern,Stone,7.0,5.0,4305.0,1988,37,Yes,Intricate,Gallery Exhibition,14.37,20.05
Abstract_Orville_4471,Orville Norton,0.46,Abstract,Stone,15.0,6.0,52207.0,1901,124,No,Minimal,Acquired from Artist,87.31,86.39
Baroque_Philip_4472,Philip Matthew,0.92,Baroque,Stone,16.0,7.0,97993.0,1941,84,No,Vibrant,Inherited Estate,308.41,364.52
Abstract_Gary_4473,Gary Serrano,0.55,Abstract,Wood,45.0,14.0,889.0,1892,133,No,Elegant,Auctioned in London,5.13,6.98
Contemporary_Donald_4474,Donald Cowan,0.58,Contemporary,Wood,7.0,4.0,70.0,1863,162,No,Vibrant,Gallery Exhibition,4.24,4.42
Minimalist_Terry_4475,Terry Pergola,,Minimalist,Clay,14.0,8.0,898.0,2017,8,Yes,Rustic,Museum Deaccession,2.41,3.53
Abstract_Amanda_4476,Amanda Gallardo,0.4,Abstract,Aluminium,11.0,,256.0,1857,168,No,Elegant,Auctioned in London,4.0,4.33
Renaissance_Katie_4477,Katie Partlow,0.21,Renaissance,Brass,16.0,6.0,4692.0,1891,134,No,Elegant,Private Collection,10.46,12.86
Renaissance_Erik_4478,Erik Schindele,0.06,Renaissance,Aluminium,7.0,5.0,150.0,1977,48,Yes,Minimal,Auctioned in New York,6.64,6.46
Minimalist_Harold_4479,Harold Valenzuela,0.86,Minimalist,Wood,16.0,,112.0,1975,50,Yes,Rustic,Acquired from Artist,3.08,4.74
Contemporary_Billy_4480,Billy Bush,,Contemporary,Wood,14.0,7.0,197.0,1951,74,Yes,Elegant,Private Collection,6.3,6.61
Contemporary_Jose_4481,Jose Frazier,0.08,Contemporary,Brass,19.0,8.0,6041.0,1983,42,Yes,Minimal,Auctioned in New York,8.57,8.63
Contemporary_Denise_4482,Denise Strickland,0.39,Contemporary,Wood,27.0,17.0,1077.0,1915,110,No,Intricate,Inherited Estate,2.8,4.23
Modern_Jerry_4483,Jerry Stull,0.37,Modern,,4.0,3.0,,1911,114,No,Expressive,Acquired from Artist,4.75,4.84
Renaissance_William_4484,William Bohlke,0.73,Renaissance,,,3.0,35.0,1980,45,Yes,Vibrant,Auctioned in London,2.56,3.33
Renaissance_Nelda_4485,Nelda Rivers,0.12,Renaissance,Aluminium,6.0,4.0,95.0,1989,36,Yes,Polished,Acquired from Artist,3.08,4.36
Renaissance_Robert_4486,Robert Baldwin,,Renaissance,Stone,15.0,7.0,113342.0,1863,162,No,Expressive,Acquired from Artist,77.74,84.42
Abstract_William_4487,William Hayes,0.07,Abstract,Wood,4.0,4.0,26.0,1989,36,Yes,Polished,Inherited Estate,4.04,3.86
Abstract_Geneva_4488,Geneva Davidson,0.45,Abstract,Stone,23.0,,507810.0,1883,142,No,Rustic,Gallery Exhibition,242.5,399.08
Abstract_Erica_4489,Erica Dewald,0.4,Abstract,Clay,5.0,5.0,154.0,1924,101,No,Elegant,Gallery Exhibition,2.95,4.09
Minimalist_Matthew_4490,Matthew Buteau,0.85,Minimalist,Wood,,7.0,70.0,1948,77,No,Minimal,Museum Deaccession,4.01,3.93
Renaissance_Joseph_4491,Joseph Phillips,0.38,Renaissance,,10.0,4.0,681.0,1996,29,Yes,Elegant,Inherited Estate,4.55,5.24
Renaissance_Peter_4492,Peter Galvin,,Renaissance,Stone,32.0,8.0,839661.0,1963,62,Yes,Expressive,Auctioned in London,1868.82,2101.3
Abstract_Nick_4493,Nick Weaver,0.5,Abstract,Clay,13.0,6.0,683.0,1964,61,Yes,Elegant,Auctioned in London,3.37,3.38
Modern_Kenneth_4494,Kenneth Segura,0.44,Modern,Aluminium,8.0,4.0,51.0,1943,82,No,Intricate,Auctioned in London,3.49,3.35
Minimalist_Elton_4495,Elton Brown,0.4,Minimalist,,,19.0,,2018,7,Yes,Intricate,Acquired from Artist,46.55,66.94
Abstract_Deborah_4496,Deborah Garcia,0.35,Abstract,Marble,28.0,11.0,345887.0,2012,13,Yes,Rustic,Acquired from Artist,568.65,750.35
Modern_Richard_4497,Richard Brown,,Modern,Stone,18.0,6.0,80102.0,1974,51,Yes,Intricate,Auctioned in New York,47.05,76.81
Minimalist_Beatrice_4498,Beatrice Williams,,Minimalist,Bronze,,9.0,8214.0,1991,34,Yes,Rustic,Private Collection,8.71,8.62
Minimalist_Craig_4499,Craig Heister,0.23,Minimalist,Marble,9.0,5.0,6764.0,1903,122,No,Minimal,Gallery Exhibition,34.69,34.6
Classical_James_4500,James Dawkins,,Classical,Wood,34.0,13.0,472.0,1965,60,Yes,Rustic,Museum Deaccession,6.46,6.72
Abstract_Maria_4501,Maria Thomas,0.78,Abstract,Bronze,25.0,10.0,12856.0,1992,33,Yes,Polished,Museum Deaccession,27.7,34.63
Classical_Scott_4502,Scott Stultz,0.38,Classical,,13.0,,33869.0,2011,14,Yes,Vibrant,Auctioned in London,122.24,167.07
Renaissance_Tamara_4503,Tamara Maione,0.18,Renaissance,,55.0,18.0,1581.0,1949,76,No,Polished,Gallery Exhibition,2.82,3.87
Minimalist_Monica_4504,Monica Strout,0.95,Minimalist,Stone,9.0,4.0,6603.0,1958,67,Yes,Elegant,Auctioned in New York,18.58,26.45
Modern_Dorothy_4505,Dorothy Brown,0.69,Modern,Brass,12.0,7.0,3282.0,1881,144,No,Expressive,Gallery Exhibition,4.04,5.32
Abstract_James_4506,James Apodaca,0.8,Abstract,,,12.0,,1857,168,No,Polished,Acquired from Artist,2539.36,2542.23
Abstract_Joseph_4507,Joseph Jennings,0.82,Abstract,Brass,18.0,6.0,4849.0,1921,104,No,Rustic,Inherited Estate,8.93,11.79
Modern_Lucille_4508,Lucille Sherman,,Modern,Clay,5.0,5.0,47.0,1870,155,No,Minimal,Gallery Exhibition,5.19,5.37
Modern_Donnie_4509,Donnie Bennett,0.43,Modern,Aluminium,26.0,19.0,3167.0,1862,163,No,Rustic,Acquired from Artist,13.93,14.62
Abstract_Elizabeth_4510,Elizabeth Mccombs,0.77,Abstract,,28.0,9.0,439575.0,1929,96,No,Elegant,Inherited Estate,469.28,612.43
Classical_Louis_4511,Louis Johnson,0.91,Classical,Stone,17.0,6.0,61191.0,2008,17,Yes,Expressive,Acquired from Artist,261.07,251.11
Modern_Maria_4512,Maria Patnode,0.29,Modern,Brass,20.0,10.0,6287.0,1986,39,Yes,Expressive,Inherited Estate,10.02,12.75
Abstract_Benjamin_4513,Benjamin Battle,0.7,Abstract,Brass,8.0,5.0,987.0,1984,41,Yes,Rustic,Private Collection,5.11,6.05
Minimalist_Kimberly_4514,Kimberly Mcdaniel,0.21,Minimalist,,4.0,4.0,95.0,1873,152,No,Rustic,Museum Deaccession,3.64,5.61
Renaissance_Andrea_4515,Andrea Fraser,0.88,Renaissance,,21.0,7.0,1244.0,1861,164,No,Expressive,Auctioned in London,4.25,5.16
Contemporary_Karen_4516,Karen Turner,0.96,Contemporary,Brass,12.0,7.0,2483.0,1955,70,Yes,Rustic,Inherited Estate,12.88,19.4
Classical_Ernie_4517,Ernie Cook,0.44,Classical,Stone,18.0,13.0,557129.0,1884,141,No,Elegant,Museum Deaccession,1800.14,2105.88
Abstract_Christine_4518,Christine Taylor,0.3,Abstract,Clay,29.0,8.0,3336.0,1921,104,No,Rustic,Auctioned in New York,2.11,3.17
Renaissance_Mikel_4519,Mikel Buser,0.99,Renaissance,Brass,19.0,6.0,4416.0,1946,79,No,Intricate,Gallery Exhibition,38.18,41.7
Contemporary_Mary_4520,Mary Connell,0.07,Contemporary,Stone,33.0,7.0,650487.0,1910,115,No,Polished,Museum Deaccession,259.9,301.94
Renaissance_Ruby_4521,Ruby Mcclain,0.73,Renaissance,Stone,37.0,9.0,1001690.0,1890,135,No,Minimal,Museum Deaccession,1801.45,1647.4
Minimalist_Margaret_4522,Margaret Brown,0.83,Minimalist,Aluminium,22.0,10.0,493.0,1913,112,No,Rustic,Inherited Estate,2.8,3.45
Modern_David_4523,David Bermeo,0.29,Modern,Bronze,15.0,6.0,1514.0,1984,41,Yes,Vibrant,Acquired from Artist,5.12,6.18
Baroque_Mark_4524,Mark Jones,,Baroque,Bronze,7.0,4.0,360.0,1852,173,No,Expressive,Auctioned in London,4.22,6.3
Minimalist_Harold_4525,Harold Hicks,0.31,Minimalist,Aluminium,33.0,9.0,1675.0,1956,69,Yes,Vibrant,Gallery Exhibition,2.62,3.4
Modern_Maria_4526,Maria Donnellan,0.12,Modern,Marble,22.0,12.0,486959.0,1980,45,Yes,Polished,Private Collection,520.41,549.77
Abstract_Matthew_4527,Matthew Acker,0.11,Abstract,Brass,12.0,6.0,1873.0,1921,104,No,Elegant,Gallery Exhibition,2.8,3.24
Baroque_Chester_4528,Chester Hein,0.54,Baroque,,19.0,8.0,,1862,163,No,Expressive,Auctioned in London,4.1,5.05
Renaissance_Derrick_4529,Derrick Jones,0.78,Renaissance,Clay,,8.0,1616.0,1991,34,Yes,Rustic,Auctioned in London,5.48,6.88
Baroque_Lolita_4530,Lolita Gonsalves,,Baroque,Bronze,12.0,8.0,1509.0,1923,102,No,Expressive,Inherited Estate,6.38,6.92
Modern_Jerry_4531,Jerry Williams,0.23,Modern,Clay,16.0,6.0,901.0,1978,47,Yes,Intricate,Auctioned in New York,5.03,5.1
Modern_Sandy_4532,Sandy Lane,0.14,Modern,Wood,24.0,7.0,,1901,124,No,Minimal,Auctioned in New York,2.78,3.22
Renaissance_James_4533,James Wright,0.13,Renaissance,Bronze,,11.0,,1905,120,No,Polished,Museum Deaccession,9.15,8.33
Baroque_David_4534,David Gonzalez,0.5,Baroque,Brass,27.0,,,1903,122,No,Rustic,Auctioned in New York,52.99,72.2
Classical_Martha_4535,Martha Ullery,0.01,Classical,Stone,3.0,2.0,107.0,1905,120,No,Expressive,Museum Deaccession,5.61,6.28
Classical_Anamaria_4536,Anamaria Harrison,0.06,Classical,Brass,,4.0,411.0,1911,114,No,Rustic,Private Collection,2.9,4.26
Modern_Eula_4537,Eula Westbrook,0.66,Modern,Wood,35.0,6.0,276.0,1960,65,Yes,Vibrant,Museum Deaccession,2.57,4.26
Baroque_Fredrick_4538,Fredrick Waits,0.52,Baroque,Wood,17.0,9.0,304.0,1988,37,Yes,Expressive,Inherited Estate,4.7,5.31
Renaissance_Erika_4539,Erika Redding,0.71,Renaissance,,21.0,,121190.0,1866,159,No,Rustic,Auctioned in London,491.29,472.7
Modern_Sandra_4540,Sandra Jeffrey,0.23,Modern,Clay,23.0,8.0,1760.0,1969,56,Yes,Intricate,Museum Deaccession,3.05,4.27
Baroque_Dawn_4541,Dawn Seats,0.24,Baroque,Aluminium,28.0,10.0,1563.0,1868,157,No,Rustic,Gallery Exhibition,3.36,3.34
Contemporary_Karina_4542,Karina Olson,0.7,Contemporary,Aluminium,24.0,7.0,291.0,1959,66,Yes,Minimal,Gallery Exhibition,3.54,5.38
Classical_Tracey_4543,Tracey Rabideau,,Classical,Aluminium,21.0,8.0,843.0,1851,174,No,Intricate,Private Collection,5.39,5.17
Baroque_Sheri_4544,Sheri Neal,0.51,Baroque,Clay,13.0,8.0,,1879,146,No,Polished,Inherited Estate,2.47,3.14
Contemporary_Bruce_4545,Bruce Orr,0.12,Contemporary,Bronze,28.0,,4960.0,1916,109,No,Intricate,Inherited Estate,4.12,6.65
Classical_Fannie_4546,Fannie Blake,0.1,Classical,Wood,6.0,4.0,45.0,1854,171,No,Intricate,Private Collection,3.5,4.88
Contemporary_Danny_4547,Danny Snyder,0.85,Contemporary,,11.0,8.0,19837.0,1972,53,Yes,Intricate,Private Collection,64.32,92.66
Classical_Scott_4548,Scott Shaw,0.07,Classical,Bronze,16.0,8.0,5596.0,1924,101,No,Expressive,Auctioned in New York,15.55,14.87
Renaissance_Ruth_4549,Ruth Maroun,0.48,Renaissance,,9.0,4.0,34.0,1921,104,No,Rustic,Auctioned in New York,2.27,3.43
Classical_Ellen_4550,Ellen Patrick,0.33,Classical,,47.0,20.0,,1854,171,No,Vibrant,Inherited Estate,27.22,37.95
Modern_Felipe_4551,Felipe Barton,0.52,Modern,Stone,19.0,6.0,116477.0,1977,48,Yes,Minimal,Auctioned in London,388.08,463.39
Classical_Mary_4552,Mary Snow,0.89,Classical,Wood,40.0,14.0,919.0,1957,68,Yes,Polished,Gallery Exhibition,2.94,3.02
Baroque_Patsy_4553,Patsy Challenger,0.3,Baroque,,21.0,,904.0,1892,133,No,Expressive,Gallery Exhibition,2.86,4.3
Classical_Matthew_4554,Matthew Rosebrough,0.07,Classical,Marble,4.0,3.0,417.0,1967,58,Yes,Rustic,Private Collection,5.58,6.93
Baroque_Aldo_4555,Aldo Cunha,0.86,Baroque,Wood,18.0,8.0,134.0,1968,57,Yes,Intricate,Auctioned in London,3.45,5.1
Modern_Christopher_4556,Christopher Harris,,Modern,Wood,29.0,8.0,380.0,1965,60,Yes,Rustic,Gallery Exhibition,3.75,5.71
Abstract_Ana_4557,Ana Withrow,0.41,Abstract,Stone,13.0,8.0,,1881,144,No,Expressive,Auctioned in London,276.95,365.01
Classical_Ronald_4558,Ronald Bell,0.67,Classical,Stone,21.0,7.0,271384.0,1943,82,No,Vibrant,Private Collection,480.3,778.26
Abstract_Jackie_4559,Jackie Fernandez,,Abstract,Bronze,27.0,6.0,6358.0,1901,124,No,Minimal,Museum Deaccession,29.2,28.29
Minimalist_John_4560,John Carroll,0.77,Minimalist,Marble,55.0,27.0,13817875.0,1891,134,No,Polished,Private Collection,81547.1,76786.57
Baroque_Ginger_4561,Ginger Chacon,,Baroque,Aluminium,12.0,7.0,265.0,1876,149,No,Vibrant,Gallery Exhibition,3.22,3.01
Minimalist_Michael_4562,Michael Hudley,0.44,Minimalist,,27.0,11.0,16449.0,1975,50,Yes,Minimal,Acquired from Artist,30.46,34.49
Contemporary_Luella_4563,Luella Spurlin,0.2,Contemporary,Aluminium,21.0,7.0,481.0,1946,79,No,Expressive,Gallery Exhibition,7.58,6.94
Abstract_Adriana_4564,Adriana Ferguson,0.36,Abstract,Aluminium,9.0,5.0,133.0,1933,92,No,Rustic,Acquired from Artist,5.56,5.26
Minimalist_Peter_4565,Peter Laine,0.05,Minimalist,Marble,16.0,8.0,69647.0,1922,103,No,Minimal,Private Collection,119.16,117.51
Abstract_Shannon_4566,Shannon Green,0.43,Abstract,,14.0,6.0,1110.0,1936,89,No,Vibrant,Gallery Exhibition,5.89,5.54
Classical_Todd_4567,Todd Barbosa,0.45,Classical,Marble,37.0,6.0,240817.0,1860,165,No,Elegant,Acquired from Artist,525.05,578.29
Modern_Brittany_4568,Brittany Sterner,0.2,Modern,Wood,15.0,6.0,158.0,1914,111,No,Rustic,Auctioned in New York,5.37,5.39
Abstract_Richard_4569,Richard Ulberg,0.79,Abstract,Aluminium,35.0,12.0,1217.0,1935,90,No,Minimal,Acquired from Artist,3.97,5.59
Renaissance_Hector_4570,Hector Vigue,0.2,Renaissance,Aluminium,25.0,12.0,1285.0,1901,124,No,Minimal,Auctioned in London,5.46,5.29
Classical_Ellen_4571,Ellen Kennedy,0.6,Classical,Bronze,24.0,14.0,14037.0,1972,53,Yes,Expressive,Auctioned in New York,4.81,7.3
Renaissance_Michele_4572,Michele Blount,0.02,Renaissance,Bronze,21.0,7.0,5790.0,2003,22,Yes,Vibrant,Inherited Estate,4.72,4.68
Abstract_Ernest_4573,Ernest Hall,0.8,Abstract,Aluminium,38.0,6.0,355.0,1895,130,No,Expressive,Inherited Estate,5.87,6.98
Abstract_Gary_4574,Gary Hatfield,,Abstract,Stone,31.0,18.0,6181825.0,1903,122,No,Expressive,Gallery Exhibition,12471.74,13599.19
Baroque_Dianna_4575,Dianna Graham,0.13,Baroque,Bronze,51.0,11.0,22656.0,1871,154,No,Minimal,Acquired from Artist,65.46,84.85
Contemporary_Lucy_4576,Lucy Boyd,0.0,Contemporary,Brass,3.0,3.0,56.0,1954,71,Yes,Intricate,Auctioned in New York,5.65,6.17
Renaissance_Connie_4577,Connie Ardoin,0.24,Renaissance,Brass,30.0,15.0,68701.0,1981,44,Yes,Expressive,Auctioned in New York,28.32,43.86
Abstract_Nancy_4578,Nancy Pinson,0.82,Abstract,Marble,46.0,12.0,2086001.0,1908,117,No,Expressive,Acquired from Artist,1356.93,1986.0
Classical_Karen_4579,Karen Taylor,0.4,Classical,Wood,12.0,6.0,,1954,71,Yes,Rustic,Private Collection,5.28,5.48
Renaissance_Garry_4580,Garry Smith,0.3,Renaissance,,47.0,18.0,1996390.0,1851,174,No,Expressive,Private Collection,4613.81,4523.83
Abstract_Yvette_4581,Yvette Swindle,0.34,Abstract,Aluminium,29.0,18.0,3955.0,1914,111,No,Elegant,Acquired from Artist,16.45,19.03
Minimalist_Tanisha_4582,Tanisha Swee,0.46,Minimalist,Bronze,30.0,14.0,19626.0,1995,30,Yes,Rustic,Museum Deaccession,24.98,24.11
Modern_Robert_4583,Robert Key,0.06,Modern,Wood,24.0,6.0,285.0,1867,158,No,Vibrant,Auctioned in London,4.19,5.89
Baroque_Jose_4584,Jose Riley,0.85,Baroque,Wood,17.0,7.0,234.0,2003,22,Yes,Elegant,Inherited Estate,4.2,4.6
Contemporary_Catherine_4585,Catherine Weimer,0.26,Contemporary,,23.0,6.0,1094.0,1927,98,No,Intricate,Museum Deaccession,3.4,5.23
Modern_Ellen_4586,Ellen Brown,0.64,Modern,Clay,,4.0,206.0,1870,155,No,Elegant,Acquired from Artist,2.41,3.47
Minimalist_Alyssa_4587,Alyssa Lawson,0.37,Minimalist,Brass,30.0,8.0,19296.0,1906,119,No,Elegant,Inherited Estate,57.08,87.19
Minimalist_Teresa_4588,Teresa Cruz,,Minimalist,Bronze,20.0,9.0,6659.0,2015,10,Yes,Rustic,Inherited Estate,55.29,72.89
Modern_Richard_4589,Richard Flom,0.64,Modern,Bronze,35.0,20.0,42716.0,2015,10,Yes,Vibrant,Private Collection,178.61,283.26
Baroque_Roberta_4590,Roberta Crawford,0.28,Baroque,Bronze,34.0,6.0,7737.0,1965,60,Yes,Rustic,Inherited Estate,14.08,16.79
Abstract_Chery_4591,Chery Reed,0.16,Abstract,Clay,21.0,13.0,2461.0,1913,112,No,Rustic,Private Collection,2.44,3.18
Modern_Ronald_4592,Ronald Mcdermott,0.23,Modern,Aluminium,,7.0,434.0,1915,110,No,Rustic,Private Collection,3.01,4.99
Classical_Justin_4593,Justin Bejaran,0.27,Classical,Wood,45.0,9.0,311.0,1973,52,Yes,Rustic,Acquired from Artist,3.66,4.47
Modern_Sonja_4594,Sonja Lopez,0.31,Modern,Brass,25.0,8.0,13248.0,1894,131,No,Expressive,Inherited Estate,34.75,49.59
Renaissance_Elizabeth_4595,Elizabeth Crawford,0.99,Renaissance,Bronze,24.0,8.0,8787.0,1905,120,No,Intricate,Inherited Estate,37.52,35.64
Contemporary_Melanie_4596,Melanie Baldrige,0.2,Contemporary,Bronze,49.0,27.0,,1908,117,No,Polished,Inherited Estate,191.9,202.17
Classical_David_4597,David Gaillard,,Classical,,,,1219693.0,1951,74,Yes,Polished,Acquired from Artist,1299.51,1366.66
Classical_Karen_4598,Karen Morales,,Classical,Bronze,,7.0,,1938,87,No,Polished,Inherited Estate,9.51,15.15
Renaissance_Frances_4599,Frances Jones,0.29,Renaissance,Wood,41.0,19.0,1770.0,1948,77,No,Rustic,Auctioned in New York,3.7,5.38
Minimalist_Janet_4600,Janet Weinbauer,0.15,Minimalist,Marble,10.0,5.0,8971.0,1893,132,No,Vibrant,Gallery Exhibition,17.44,24.0
Minimalist_Lisa_4601,Lisa Friedman,,Minimalist,Wood,15.0,6.0,109.0,1925,100,No,Elegant,Inherited Estate,4.8,6.97
Modern_Maria_4602,Maria Saltzman,,Modern,Stone,34.0,7.0,432011.0,1853,172,No,Elegant,Private Collection,1231.68,1534.42
Minimalist_Darius_4603,Darius Underwood,0.71,Minimalist,Brass,11.0,8.0,4373.0,1925,100,No,Elegant,Acquired from Artist,25.3,24.57
Abstract_Dorian_4604,Dorian Sterling,0.2,Abstract,,21.0,,234.0,1876,149,No,Intricate,Private Collection,2.73,3.98
Modern_Deborah_4605,Deborah Malone,,Modern,Clay,,,,1921,104,No,Vibrant,Museum Deaccession,1.95,3.13
Contemporary_Steve_4606,Steve Holmes,0.88,Contemporary,Marble,19.0,8.0,104636.0,1993,32,Yes,Rustic,Museum Deaccession,286.86,417.42
Renaissance_Gertrude_4607,Gertrude Hall,0.42,Renaissance,,19.0,6.0,107509.0,2006,19,Yes,Rustic,Inherited Estate,268.41,368.63
Abstract_Henry_4608,Henry Boswell,0.78,Abstract,Aluminium,31.0,11.0,2690.0,1915,110,No,Polished,Inherited Estate,4.92,6.26
Modern_Carolyn_4609,Carolyn Steinbeck,0.71,Modern,Clay,30.0,23.0,8752.0,2011,14,Yes,Vibrant,Auctioned in London,41.35,41.28
Modern_Debra_4610,Debra Lingelbach,0.76,Modern,Wood,23.0,,152.0,1890,135,No,Intricate,Gallery Exhibition,4.04,6.27
Abstract_Benjamin_4611,Benjamin Peter,0.8,Abstract,Aluminium,6.0,5.0,80.0,1930,95,No,Rustic,Auctioned in New York,4.52,5.87
Minimalist_Debra_4612,Debra Hernandez,0.42,Minimalist,Clay,35.0,21.0,8315.0,1905,120,No,Elegant,Auctioned in New York,3.75,5.98
Baroque_James_4613,James Hiatt,0.4,Baroque,Clay,14.0,8.0,860.0,1978,47,Yes,Vibrant,Acquired from Artist,2.53,3.3
Classical_Tracey_4614,Tracey Doyle,0.18,Classical,Bronze,5.0,5.0,,1942,83,No,Elegant,Inherited Estate,6.36,5.95
Contemporary_Judy_4615,Judy Nieves,0.12,Contemporary,Clay,30.0,16.0,8850.0,1852,173,No,Intricate,Museum Deaccession,31.01,36.67
Baroque_Hilda_4616,Hilda Boyd,0.84,Baroque,Wood,4.0,3.0,10.0,1874,151,No,Minimal,Private Collection,3.57,4.66
Modern_Nicole_4617,Nicole Todd,0.03,Modern,Bronze,49.0,15.0,51529.0,2004,21,Yes,Expressive,Private Collection,134.38,142.6
Classical_Levi_4618,Levi Flores,0.42,Classical,Wood,,4.0,41.0,1928,97,No,Vibrant,Inherited Estate,5.41,5.84
Abstract_Miranda_4619,Miranda Martinez,0.36,Abstract,Clay,28.0,,,1999,26,Yes,Elegant,Museum Deaccession,3.95,5.54
Minimalist_Mary_4620,Mary Parent,0.52,Minimalist,Wood,31.0,10.0,725.0,1988,37,Yes,Minimal,Auctioned in New York,3.05,3.82
Modern_Linda_4621,Linda Zinzow,0.08,Modern,Wood,8.0,5.0,33.0,1867,158,No,Vibrant,Private Collection,3.89,5.92
Baroque_Joseph_4622,Joseph Everett,0.35,Baroque,Aluminium,25.0,9.0,1168.0,1960,65,Yes,Vibrant,Museum Deaccession,3.63,5.91
Renaissance_Barbara_4623,Barbara Moten,0.27,Renaissance,Stone,13.0,7.0,,1919,106,No,Vibrant,Auctioned in New York,81.07,107.5
Contemporary_Susan_4624,Susan Zelaya,0.6,Contemporary,Aluminium,40.0,15.0,4876.0,1970,55,Yes,Expressive,Gallery Exhibition,13.73,14.25
Baroque_Lesley_4625,Lesley Bender,,Baroque,Marble,29.0,11.0,413334.0,1874,151,No,Elegant,Inherited Estate,1579.35,1446.12
Baroque_Lori_4626,Lori Hall,0.25,Baroque,Stone,25.0,9.0,537081.0,1967,58,Yes,Elegant,Auctioned in London,2134.44,2282.38
Renaissance_Misty_4627,Misty Sheridan,0.58,Renaissance,Clay,5.0,3.0,62.0,2007,18,Yes,Vibrant,Inherited Estate,5.65,5.4
Classical_Sue_4628,Sue Adamski,0.01,Classical,,9.0,4.0,,1927,98,No,Minimal,Auctioned in London,7.4,11.24
Minimalist_Ariana_4629,Ariana Sanchez,0.22,Minimalist,Wood,34.0,14.0,734.0,1876,149,No,Intricate,Auctioned in New York,4.59,5.66
Baroque_Etsuko_4630,Etsuko Larick,0.54,Baroque,Aluminium,58.0,11.0,3130.0,1868,157,No,Minimal,Gallery Exhibition,5.16,7.92
Renaissance_Hank_4631,Hank Garvin,,Renaissance,Marble,34.0,21.0,1501681.0,1866,159,No,Polished,Museum Deaccession,2472.86,3170.32
Baroque_Georgina_4632,Georgina Tell,0.81,Baroque,Clay,16.0,8.0,852.0,1867,158,No,Rustic,Museum Deaccession,5.76,5.6
Renaissance_Robbin_4633,Robbin Savage,0.4,Renaissance,Aluminium,17.0,6.0,132.0,1860,165,No,Vibrant,Private Collection,4.62,6.39
Abstract_Kimberly_4634,Kimberly Mosley,0.11,Abstract,Clay,,7.0,559.0,1955,70,Yes,Polished,Acquired from Artist,4.53,6.92
Abstract_Daniel_4635,Daniel Heflin,0.6,Abstract,Aluminium,21.0,13.0,1628.0,1858,167,No,Vibrant,Private Collection,9.56,10.5
Contemporary_Jeannie_4636,Jeannie France,0.85,Contemporary,Wood,28.0,,440.0,1991,34,Yes,Vibrant,Auctioned in New York,4.28,6.28
Classical_Stephen_4637,Stephen Campbell,0.49,Classical,Marble,29.0,15.0,837159.0,1949,76,No,Polished,Inherited Estate,1756.33,1660.08
Contemporary_Judy_4638,Judy Marsh,0.72,Contemporary,Stone,28.0,9.0,850310.0,1892,133,No,Elegant,Inherited Estate,3672.86,4816.24
Abstract_John_4639,John Mathewson,0.44,Abstract,Aluminium,10.0,5.0,243.0,1889,136,No,Rustic,Auctioned in London,3.52,5.51
Renaissance_Barry_4640,Barry Spencer,0.25,Renaissance,Marble,9.0,,5372.0,1940,85,No,Rustic,Private Collection,4.98,7.31
Abstract_James_4641,James Williams,0.84,Abstract,Bronze,23.0,11.0,13823.0,1893,132,No,Intricate,Gallery Exhibition,8.64,10.43
Modern_Christine_4642,Christine Albert,0.39,Modern,,3.0,3.0,164.0,2014,11,Yes,Polished,Private Collection,3.53,4.56
Abstract_Viola_4643,Viola Carpenter,0.21,Abstract,Bronze,39.0,26.0,115073.0,1891,134,No,Elegant,Acquired from Artist,121.05,151.72
Modern_John_4644,John Cooke,0.56,Modern,Clay,12.0,8.0,797.0,1971,54,Yes,Rustic,Acquired from Artist,2.64,3.47
Baroque_Diane_4645,Diane Kendall,0.93,Baroque,Wood,6.0,4.0,32.0,1981,44,Yes,Vibrant,Private Collection,3.82,5.06
Baroque_Patricia_4646,Patricia Mata,0.68,Baroque,Clay,22.0,10.0,,1892,133,No,Intricate,Acquired from Artist,19.83,19.3
Modern_Vivian_4647,Vivian Tarver,0.08,Modern,Bronze,22.0,11.0,10438.0,1983,42,Yes,Minimal,Private Collection,11.94,14.36
Abstract_Maryann_4648,Maryann Mcgraw,0.06,Abstract,Brass,43.0,9.0,33757.0,1910,115,No,Expressive,Gallery Exhibition,13.81,14.34
Baroque_Lawrence_4649,Lawrence Croce,0.79,Baroque,Clay,16.0,6.0,689.0,1945,80,No,Expressive,Auctioned in New York,5.2,6.32
Contemporary_Mary_4650,Mary Rapelyea,0.72,Contemporary,Clay,42.0,7.0,3475.0,1906,119,No,Elegant,Inherited Estate,20.93,21.05
Modern_Maxine_4651,Maxine Hesselschward,0.04,Modern,Clay,31.0,12.0,5309.0,2009,16,Yes,Expressive,Auctioned in New York,10.43,12.22
Abstract_Kathleen_4652,Kathleen Rivera,0.77,Abstract,Clay,37.0,6.0,2492.0,1945,80,No,Rustic,Auctioned in New York,10.71,15.98
Baroque_Andrew_4653,Andrew Butler,0.51,Baroque,Marble,46.0,10.0,1407706.0,1983,42,Yes,Polished,Museum Deaccession,3308.77,3272.87
Baroque_Amber_4654,Amber Ramirez,0.85,Baroque,Aluminium,20.0,9.0,908.0,1864,161,No,Elegant,Gallery Exhibition,4.26,4.49
Baroque_Paul_4655,Paul Kalas,,Baroque,Stone,8.0,4.0,5191.0,1930,95,No,Vibrant,Auctioned in New York,9.94,16.33
Abstract_Tessie_4656,Tessie Graham,0.48,Abstract,Wood,9.0,5.0,63.0,1960,65,Yes,Expressive,Auctioned in London,5.1,5.13
Abstract_Michael_4657,Michael Cullens,0.92,Abstract,Bronze,15.0,8.0,,2010,15,Yes,Elegant,Acquired from Artist,3.54,4.22
Renaissance_Dorothy_4658,Dorothy Lejeune,0.53,Renaissance,Bronze,13.0,6.0,1976.0,1867,158,No,Elegant,Acquired from Artist,7.36,12.08
Abstract_Traci_4659,Traci Breckenridge,0.03,Abstract,Clay,14.0,8.0,1108.0,1983,42,Yes,Polished,Gallery Exhibition,5.33,5.47
Contemporary_Kaci_4660,Kaci Simmons,0.2,Contemporary,Brass,42.0,16.0,98291.0,1883,142,No,Minimal,Private Collection,156.28,206.3
Classical_Brandon_4661,Brandon Pena,0.47,Classical,Bronze,6.0,5.0,,1974,51,Yes,Polished,Auctioned in London,3.61,4.76
Classical_Gianna_4662,Gianna Miyoshi,0.35,Classical,Brass,35.0,,170581.0,2011,14,Yes,Vibrant,Auctioned in London,404.9,521.45
Classical_Wanda_4663,Wanda Waltman,0.84,Classical,Wood,,7.0,,1876,149,No,Minimal,Auctioned in London,4.51,6.19
Minimalist_Jasper_4664,Jasper Campbell,0.83,Minimalist,Clay,20.0,6.0,562.0,1895,130,No,Polished,Acquired from Artist,4.05,6.06
Renaissance_Mercedes_4665,Mercedes Smith,0.39,Renaissance,Aluminium,11.0,6.0,233.0,1878,147,No,Elegant,Private Collection,4.08,3.82
Abstract_Jessie_4666,Jessie Durden,0.25,Abstract,Bronze,33.0,28.0,88862.0,1977,48,Yes,Expressive,Gallery Exhibition,35.51,43.68
Classical_Bernard_4667,Bernard Hawkinson,0.37,Classical,Wood,16.0,7.0,188.0,1982,43,Yes,Minimal,Gallery Exhibition,4.88,4.89
Contemporary_Talitha_4668,Talitha Austin,0.08,Contemporary,Wood,24.0,20.0,637.0,1850,175,No,Polished,Inherited Estate,3.46,5.23
Minimalist_Tami_4669,Tami Webster,0.93,Minimalist,Marble,17.0,8.0,92844.0,1943,82,No,Minimal,Acquired from Artist,207.25,291.18
Renaissance_Audrey_4670,Audrey Albrecht,0.68,Renaissance,Aluminium,8.0,5.0,87.0,1909,116,No,Rustic,Gallery Exhibition,2.19,3.05
Classical_Joseph_4671,Joseph Kirkland,0.63,Classical,Bronze,16.0,6.0,2111.0,1995,30,Yes,Elegant,Auctioned in London,6.76,8.87
Abstract_Justin_4672,Justin Jackson,0.08,Abstract,Clay,15.0,7.0,783.0,2000,25,Yes,Rustic,Auctioned in New York,4.1,4.13
Classical_Jeremy_4673,Jeremy Doughty,0.1,Classical,Aluminium,10.0,4.0,146.0,1930,95,No,Minimal,Acquired from Artist,6.01,6.67
Abstract_Melissa_4674,Melissa Smith,0.17,Abstract,Marble,22.0,12.0,389987.0,1865,160,No,Elegant,Auctioned in New York,1095.6,1325.12
Abstract_Kevin_4675,Kevin Gunter,0.36,Abstract,Marble,15.0,8.0,18757.0,1906,119,No,Rustic,Acquired from Artist,25.11,26.85
Abstract_Eunice_4676,Eunice Benson,0.39,Abstract,Wood,19.0,7.0,259.0,2014,11,Yes,Rustic,Private Collection,3.46,3.19
Renaissance_Diane_4677,Diane Woods,,Renaissance,Clay,28.0,13.0,2343.0,1887,138,No,Expressive,Auctioned in New York,4.68,4.39
Baroque_Fannie_4678,Fannie Henderson,0.16,Baroque,,21.0,9.0,201924.0,1983,42,Yes,Intricate,Acquired from Artist,242.12,264.68
Modern_Robert_4679,Robert King,0.14,Modern,Brass,15.0,8.0,3911.0,1988,37,Yes,Polished,Acquired from Artist,15.21,14.12
Modern_Mark_4680,Mark Nicholson,0.11,Modern,Stone,16.0,8.0,153774.0,1932,93,No,Minimal,Auctioned in London,70.13,95.59
Baroque_Nancy_4681,Nancy Ryan,0.34,Baroque,Brass,14.0,6.0,2708.0,2013,12,Yes,Elegant,Private Collection,4.34,6.79
Classical_Jean_4682,Jean Esters,,Classical,Wood,49.0,10.0,,1870,155,No,Vibrant,Auctioned in London,3.3,4.87
Renaissance_Justin_4683,Justin Dorsey,0.05,Renaissance,Marble,14.0,6.0,,1979,46,Yes,Rustic,Gallery Exhibition,20.31,19.86
Abstract_Kayla_4684,Kayla Ojeda,0.65,Abstract,,,11.0,26111.0,2016,9,Yes,Elegant,Museum Deaccession,115.55,113.22
Contemporary_Estelle_4685,Estelle Troup,0.39,Contemporary,Brass,9.0,4.0,756.0,1990,35,Yes,Vibrant,Museum Deaccession,3.76,3.59
Classical_Dorothy_4686,Dorothy Ferguson,0.64,Classical,Wood,37.0,,213.0,1868,157,No,Vibrant,Gallery Exhibition,7.31,6.77
Renaissance_Stephanie_4687,Stephanie Westerman,0.34,Renaissance,Bronze,16.0,7.0,3360.0,1856,169,No,Expressive,Private Collection,7.67,8.16
Abstract_Ruby_4688,Ruby Duley,0.94,Abstract,Aluminium,4.0,4.0,51.0,1922,103,No,Intricate,Auctioned in London,3.97,3.9
Classical_Basil_4689,Basil Greenfield,,Classical,Marble,16.0,6.0,32209.0,1920,105,No,Vibrant,Museum Deaccession,30.58,35.54
Abstract_Andrew_4690,Andrew Hoyt,0.59,Abstract,Clay,39.0,9.0,5539.0,1870,155,No,Intricate,Auctioned in New York,7.36,8.45
Renaissance_Brenda_4691,Brenda Waters,0.11,Renaissance,Stone,12.0,8.0,58613.0,1954,71,Yes,Minimal,Museum Deaccession,190.29,186.29
Abstract_Alethia_4692,Alethia Ruiz,0.41,Abstract,Aluminium,30.0,6.0,1027.0,1857,168,No,Expressive,Inherited Estate,3.6,5.82
Modern_Elizabeth_4693,Elizabeth Vachon,0.19,Modern,Wood,11.0,6.0,55.0,1917,108,No,Polished,Gallery Exhibition,2.97,3.32
Renaissance_Jennifer_4694,Jennifer Bradford,0.26,Renaissance,Bronze,21.0,11.0,10714.0,1974,51,Yes,Intricate,Auctioned in New York,23.6,31.61
Baroque_Gena_4695,Gena Clark,0.55,Baroque,Bronze,26.0,9.0,13938.0,1880,145,No,Rustic,Inherited Estate,80.41,90.36
Modern_Lois_4696,Lois Salinas,0.88,Modern,Aluminium,34.0,15.0,1647.0,1899,126,No,Polished,Acquired from Artist,2.48,3.78
Contemporary_Joann_4697,Joann Johnson,0.29,Contemporary,Brass,22.0,6.0,4947.0,1862,163,No,Elegant,Auctioned in New York,5.91,6.41
Classical_Joann_4698,Joann Jones,0.41,Classical,Marble,12.0,8.0,18600.0,1858,167,No,Minimal,Private Collection,25.65,26.45
Renaissance_David_4699,David Silvia,0.36,Renaissance,Brass,24.0,15.0,,1964,61,Yes,Intricate,Museum Deaccession,20.4,23.51
Abstract_Dale_4700,Dale Helmick,0.87,Abstract,Stone,23.0,16.0,1258488.0,1967,58,Yes,Expressive,Gallery Exhibition,5181.83,4850.98
Modern_Steven_4701,Steven Lemon,0.32,Modern,Brass,11.0,6.0,1176.0,1901,124,No,Intricate,Auctioned in New York,4.43,5.73
Contemporary_Jean_4702,Jean Cook,0.66,Contemporary,Bronze,28.0,13.0,6262.0,1977,48,Yes,Expressive,Auctioned in New York,38.69,37.29
Renaissance_Vicente_4703,Vicente Levine,,Renaissance,,16.0,8.0,4998.0,1901,124,No,Rustic,Auctioned in London,12.44,12.98
Modern_Florence_4704,Florence Shabel,0.56,Modern,Aluminium,29.0,11.0,1571.0,1929,96,No,Rustic,Inherited Estate,6.01,6.92
Modern_Ann_4705,Ann Nickerson,0.92,Modern,,16.0,7.0,3068.0,1858,167,No,Rustic,Auctioned in London,4.98,5.8
Contemporary_Gene_4706,Gene Dean,0.13,Contemporary,Clay,12.0,8.0,816.0,1939,86,No,Elegant,Gallery Exhibition,4.41,5.24
Contemporary_Kenneth_4707,Kenneth Kelley,0.16,Contemporary,Marble,4.0,4.0,516.0,1984,41,Yes,Expressive,Private Collection,3.81,3.67
Minimalist_Ernest_4708,Ernest Przedwiecki,0.92,Minimalist,Stone,24.0,12.0,797724.0,1922,103,No,Minimal,Acquired from Artist,1084.34,1052.44
Baroque_Randell_4709,Randell Depew,0.22,Baroque,Bronze,25.0,22.0,37710.0,1898,127,No,Polished,Acquired from Artist,37.65,47.45
Classical_Michelle_4710,Michelle Javier,0.46,Classical,Bronze,23.0,8.0,3215.0,1879,146,No,Elegant,Private Collection,9.11,8.39
Classical_Kelly_4711,Kelly Kopecky,,Classical,Wood,18.0,9.0,133.0,2011,14,Yes,Minimal,Museum Deaccession,4.61,4.59
Modern_Agustina_4712,Agustina Fox,0.83,Modern,Clay,14.0,7.0,1175.0,2001,24,Yes,Polished,Acquired from Artist,4.18,5.16
Abstract_Ann_4713,Ann Minert,0.93,Abstract,Wood,26.0,13.0,508.0,1927,98,No,Polished,Auctioned in New York,4.0,5.39
Minimalist_Isaac_4714,Isaac Magers,0.27,Minimalist,Brass,8.0,4.0,425.0,1866,159,No,Intricate,Gallery Exhibition,3.48,4.05
Abstract_Jesse_4715,Jesse Mccord,0.3,Abstract,Clay,26.0,9.0,1981.0,1939,86,No,Intricate,Private Collection,6.63,6.83
Contemporary_Consuelo_4716,Consuelo Stanley,0.38,Contemporary,Marble,3.0,2.0,90.0,1909,116,No,Polished,Museum Deaccession,6.44,6.81
Baroque_Gordon_4717,Gordon Luna,0.93,Baroque,Aluminium,4.0,4.0,60.0,1992,33,Yes,Rustic,Auctioned in New York,4.18,6.39
Modern_Matthew_4718,Matthew Tom,0.58,Modern,Stone,20.0,11.0,,2013,12,Yes,Rustic,Private Collection,699.65,950.96
Renaissance_Tamara_4719,Tamara Valentine,0.43,Renaissance,Marble,26.0,6.0,131171.0,1996,29,Yes,Minimal,Gallery Exhibition,670.63,947.48
Minimalist_Frank_4720,Frank Jones,0.21,Minimalist,Marble,12.0,8.0,37380.0,1980,45,Yes,Polished,Inherited Estate,37.2,46.55
Minimalist_Vicki_4721,Vicki Francis,,Minimalist,Aluminium,29.0,6.0,640.0,1871,154,No,Minimal,Auctioned in London,3.06,4.33
Contemporary_Norma_4722,Norma Holscher,0.47,Contemporary,Aluminium,13.0,7.0,238.0,2005,20,Yes,Vibrant,Museum Deaccession,2.32,3.57
Contemporary_Robert_4723,Robert Lundy,0.89,Contemporary,Marble,21.0,6.0,60587.0,1878,147,No,Minimal,Acquired from Artist,210.39,299.41
Classical_Bob_4724,Bob Skidmore,0.56,Classical,,28.0,12.0,738586.0,1854,171,No,Expressive,Auctioned in New York,3440.0,4135.51
Contemporary_Douglas_4725,Douglas Workman,0.17,Contemporary,Clay,29.0,17.0,6351.0,1981,44,Yes,Polished,Auctioned in London,6.92,9.75
Abstract_Tammy_4726,Tammy Bush,0.47,Abstract,Brass,13.0,,3368.0,2004,21,Yes,Intricate,Museum Deaccession,4.93,5.24
Baroque_Gregory_4727,Gregory Murray,0.56,Baroque,Aluminium,10.0,,84.0,2000,25,Yes,Rustic,Museum Deaccession,4.91,6.95
Abstract_Jose_4728,Jose Strawder,0.39,Abstract,Bronze,15.0,6.0,1726.0,1983,42,Yes,Intricate,Auctioned in London,5.1,8.07
Contemporary_Mary_4729,Mary Osmer,0.65,Contemporary,Wood,36.0,22.0,1980.0,1877,148,No,Rustic,Gallery Exhibition,6.13,6.58
Modern_Kathleen_4730,Kathleen Fineran,,Modern,Bronze,19.0,9.0,3886.0,1990,35,Yes,Minimal,Museum Deaccession,3.95,5.88
Classical_William_4731,William Woodhouse,0.42,Classical,Aluminium,20.0,10.0,,1997,28,Yes,Polished,Museum Deaccession,5.12,6.57
Minimalist_Vina_4732,Vina Connolly,0.25,Minimalist,Brass,12.0,7.0,3077.0,2017,8,Yes,Rustic,Auctioned in New York,3.45,4.26
Minimalist_Frank_4733,Frank Coleman,,Minimalist,Marble,21.0,9.0,165624.0,1998,27,Yes,Intricate,Private Collection,361.44,601.18
Minimalist_Robert_4734,Robert Donelson,,Minimalist,Stone,14.0,8.0,150906.0,1952,73,Yes,Minimal,Inherited Estate,1030.88,1264.15
Renaissance_Willie_4735,Willie Haslett,0.76,Renaissance,Aluminium,5.0,3.0,33.0,2013,12,Yes,Rustic,Auctioned in London,3.67,4.18
Renaissance_Edith_4736,Edith Restivo,0.81,Renaissance,Clay,14.0,6.0,560.0,1888,137,No,Expressive,Auctioned in New York,2.72,3.34
Renaissance_Cristina_4737,Cristina Ward,0.81,Renaissance,Brass,13.0,8.0,4362.0,1917,108,No,Elegant,Acquired from Artist,18.47,20.78
Renaissance_Gary_4738,Gary Bingham,0.98,Renaissance,Clay,22.0,12.0,3990.0,1995,30,Yes,Expressive,Private Collection,5.39,6.99
Abstract_Bobby_4739,Bobby Hamilton,0.62,Abstract,Clay,61.0,14.0,,1873,152,No,Expressive,Gallery Exhibition,21.67,26.99
Contemporary_Charles_4740,Charles Monty,0.17,Contemporary,Clay,16.0,7.0,798.0,1860,165,No,Minimal,Auctioned in London,3.6,4.04
Classical_Jackson_4741,Jackson Gallemore,0.46,Classical,Brass,19.0,7.0,8167.0,1889,136,No,Elegant,Gallery Exhibition,12.3,17.76
Minimalist_Mary_4742,Mary Sage,,Minimalist,,35.0,25.0,77966.0,1888,137,No,Rustic,Auctioned in New York,478.66,498.17
Renaissance_Nina_4743,Nina Ginn,0.44,Renaissance,Aluminium,34.0,18.0,2735.0,1942,83,No,Elegant,Private Collection,4.26,4.89
Classical_Roger_4744,Roger Franco,0.52,Classical,Wood,29.0,8.0,318.0,1955,70,Yes,Polished,Acquired from Artist,3.95,4.17
Abstract_Alvin_4745,Alvin Bornstein,0.21,Abstract,Stone,26.0,19.0,2070263.0,1913,112,No,Minimal,Gallery Exhibition,2451.01,2340.58
Modern_Henry_4746,Henry Collins,0.05,Modern,Aluminium,28.0,,1486.0,1891,134,No,Vibrant,Acquired from Artist,5.43,5.18
Contemporary_Gloria_4747,Gloria Sawyers,0.25,Contemporary,Aluminium,40.0,12.0,2109.0,1904,121,No,Intricate,Private Collection,4.41,4.77
Abstract_John_4748,John Johnson,0.2,Abstract,Brass,12.0,8.0,,1872,153,No,Minimal,Auctioned in New York,2.79,3.24
Contemporary_Janet_4749,Janet Duffin,0.39,Contemporary,,17.0,,2296.0,2009,16,Yes,Vibrant,Auctioned in New York,7.38,7.02
Renaissance_Katherine_4750,Katherine Bentley,0.49,Renaissance,Clay,7.0,4.0,130.0,1996,29,Yes,Intricate,Private Collection,3.84,6.28
Baroque_Betsy_4751,Betsy Christian,0.19,Baroque,Marble,4.0,3.0,450.0,1922,103,No,Intricate,Auctioned in New York,4.49,5.26
Classical_Tamara_4752,Tamara Heffron,0.1,Classical,Marble,35.0,17.0,3175976.0,1917,108,No,Vibrant,Private Collection,2095.69,3037.69
Abstract_Robert_4753,Robert Rose,0.13,Abstract,Aluminium,7.0,4.0,53.0,1995,30,Yes,Elegant,Gallery Exhibition,3.21,4.74
Renaissance_William_4754,William Deason,0.26,Renaissance,,14.0,8.0,98617.0,1948,77,No,Rustic,Museum Deaccession,160.05,208.85
Baroque_Nicki_4755,Nicki Mason,0.48,Baroque,Marble,26.0,12.0,425182.0,1914,111,No,Rustic,Museum Deaccession,530.74,509.33
Renaissance_Emery_4756,Emery Jackson,0.87,Renaissance,Bronze,19.0,9.0,4537.0,1903,122,No,Elegant,Auctioned in London,32.7,36.02
Abstract_Richard_4757,Richard Monahan,0.21,Abstract,,51.0,,247279.0,1934,91,No,Polished,Museum Deaccession,866.79,855.03
Contemporary_Susan_4758,Susan Bramuchi,0.69,Contemporary,Marble,44.0,15.0,3135956.0,1982,43,Yes,Elegant,Acquired from Artist,8460.86,10201.28
Abstract_Jonathan_4759,Jonathan Evens,0.41,Abstract,Clay,,7.0,298.0,1898,127,No,Vibrant,Acquired from Artist,4.35,5.67
Modern_Cynthia_4760,Cynthia Viteri,0.97,Modern,Wood,30.0,9.0,316.0,1887,138,No,Expressive,Gallery Exhibition,3.45,3.59
Classical_Richard_4761,Richard Yager,0.16,Classical,Brass,46.0,15.0,108046.0,1974,51,Yes,Elegant,Museum Deaccession,513.2,468.46
Contemporary_John_4762,John Moisan,0.33,Contemporary,Wood,14.0,8.0,160.0,1967,58,Yes,Polished,Auctioned in London,4.56,4.48
Baroque_Dee_4763,Dee Johnson,0.9,Baroque,Stone,30.0,14.0,3149773.0,1912,113,No,Intricate,Gallery Exhibition,12607.55,14175.18
Minimalist_Michael_4764,Michael Goodwin,0.52,Minimalist,Wood,25.0,14.0,483.0,2019,6,Yes,Minimal,Acquired from Artist,6.9,6.47
Renaissance_Don_4765,Don Cornejo,,Renaissance,Brass,12.0,7.0,3667.0,1853,172,No,Polished,Private Collection,5.13,6.62
Abstract_Kenneth_4766,Kenneth Sutton,,Abstract,Clay,22.0,6.0,969.0,1861,164,No,Polished,Gallery Exhibition,7.71,8.88
Contemporary_Mabel_4767,Mabel Boone,0.12,Contemporary,Bronze,11.0,7.0,2041.0,1998,27,Yes,Rustic,Private Collection,2.84,3.28
Contemporary_Anne_4768,Anne Orr,0.49,Contemporary,,16.0,8.0,773.0,1950,75,No,Minimal,Acquired from Artist,5.85,5.77
Minimalist_Mark_4769,Mark Malcolm,0.14,Minimalist,Stone,17.0,10.0,225707.0,2020,5,Yes,Expressive,Auctioned in New York,527.26,522.66
Contemporary_Thomas_4770,Thomas Kuszynski,0.39,Contemporary,Clay,24.0,8.0,2151.0,2002,23,Yes,Intricate,Gallery Exhibition,7.67,8.13
Abstract_Walter_4771,Walter Ovit,0.33,Abstract,Brass,41.0,26.0,293070.0,2005,20,Yes,Rustic,Museum Deaccession,963.44,940.28
Modern_Philip_4772,Philip Mercier,0.08,Modern,Wood,10.0,5.0,84.0,1987,38,Yes,Intricate,Auctioned in New York,5.26,6.6
Renaissance_Jessica_4773,Jessica Marshall,0.39,Renaissance,,4.0,3.0,46.0,1977,48,Yes,Rustic,Inherited Estate,2.44,4.0
Baroque_Robert_4774,Robert Enger,0.66,Baroque,Brass,26.0,,43625.0,2007,18,Yes,Vibrant,Gallery Exhibition,322.63,418.78
Abstract_Dennis_4775,Dennis Palmer,0.65,Abstract,Wood,31.0,8.0,230.0,1911,114,No,Polished,Acquired from Artist,3.87,5.71
Abstract_Alejandro_4776,Alejandro Palmer,0.8,Abstract,Bronze,21.0,,6059.0,1909,116,No,Rustic,Gallery Exhibition,7.33,8.61
Renaissance_Kevin_4777,Kevin Topete,0.36,Renaissance,Bronze,37.0,9.0,,1983,42,Yes,Rustic,Acquired from Artist,21.6,23.86
Contemporary_Joseph_4778,Joseph Rogers,0.49,Contemporary,Brass,12.0,6.0,2003.0,1998,27,Yes,Elegant,Gallery Exhibition,6.39,6.87
Abstract_Janet_4779,Janet Aguayo,0.8,Abstract,Clay,21.0,8.0,1140.0,1921,104,No,Elegant,Auctioned in London,4.9,4.69
Minimalist_Joel_4780,Joel Boles,0.63,Minimalist,Brass,41.0,28.0,284664.0,1860,165,No,Intricate,Gallery Exhibition,910.27,1406.93
Abstract_Doris_4781,Doris Valenza,0.26,Abstract,Marble,26.0,6.0,167037.0,1884,141,No,Rustic,Private Collection,274.79,415.28
Baroque_Sabrina_4782,Sabrina Hall,0.18,Baroque,Wood,6.0,4.0,29.0,1869,156,No,Polished,Museum Deaccession,4.4,5.02
Contemporary_William_4783,William Arostegui,0.94,Contemporary,Clay,7.0,5.0,197.0,1903,122,No,Minimal,Private Collection,3.24,5.1
Classical_Angel_4784,Angel Singer,0.1,Classical,Wood,30.0,17.0,1233.0,1925,100,No,Vibrant,Museum Deaccession,6.28,6.05
Minimalist_Scott_4785,Scott Ripley,,Minimalist,Aluminium,4.0,,,1879,146,No,Expressive,Auctioned in New York,4.02,5.71
Modern_Carma_4786,Carma Harless,0.34,Modern,Brass,33.0,12.0,49445.0,1936,89,No,Intricate,Acquired from Artist,91.02,104.95
Baroque_Rosario_4787,Rosario Nicklas,0.65,Baroque,Stone,,23.0,,1931,94,No,Intricate,Inherited Estate,63840.69,98670.21
Minimalist_Raymond_4788,Raymond Holder,0.23,Minimalist,Clay,32.0,16.0,,1988,37,Yes,Expressive,Auctioned in London,9.84,10.42
Contemporary_Stephanie_4789,Stephanie Smith,,Contemporary,Stone,33.0,8.0,768259.0,1906,119,No,Rustic,Acquired from Artist,981.68,1043.13
Contemporary_Bobby_4790,Bobby Swain,0.21,Contemporary,Stone,15.0,8.0,89921.0,1986,39,Yes,Rustic,Auctioned in London,169.83,239.54
Renaissance_Jo_4791,Jo White,0.39,Renaissance,Marble,7.0,4.0,1637.0,1870,155,No,Rustic,Inherited Estate,9.67,10.28
Classical_Timothy_4792,Timothy Davison,0.75,Classical,Brass,21.0,8.0,,1878,147,No,Vibrant,Auctioned in New York,12.62,12.12
Classical_John_4793,John Slaughter,0.22,Classical,Aluminium,15.0,7.0,578.0,1864,161,No,Intricate,Acquired from Artist,4.47,4.95
Modern_Michael_4794,Michael Howe,0.49,Modern,Stone,7.0,,5046.0,1866,159,No,Intricate,Acquired from Artist,11.07,10.31
Minimalist_Billie_4795,Billie Dubois,0.58,Minimalist,,14.0,7.0,3482.0,1982,43,Yes,Polished,Auctioned in London,20.52,21.13
Classical_Rosalina_4796,Rosalina Godinez,0.97,Classical,Brass,20.0,9.0,5691.0,1886,139,No,Elegant,Auctioned in New York,32.76,41.13
Classical_Louie_4797,Louie Steffel,0.13,Classical,Bronze,13.0,8.0,2578.0,1935,90,No,Polished,Inherited Estate,6.48,7.4
Renaissance_James_4798,James Packard,0.18,Renaissance,Aluminium,,20.0,3423.0,2005,20,Yes,Rustic,Inherited Estate,11.03,15.71
Contemporary_Ryan_4799,Ryan Collins,0.17,Contemporary,Wood,3.0,,3.0,1992,33,Yes,Polished,Auctioned in New York,2.79,3.08
Minimalist_Scott_4800,Scott Crossley,0.32,Minimalist,Clay,20.0,9.0,1802.0,1890,135,No,Minimal,Gallery Exhibition,5.55,6.87
Renaissance_Anna_4801,Anna Grant,0.01,Renaissance,Clay,13.0,6.0,804.0,1860,165,No,Minimal,Inherited Estate,2.31,3.46
Contemporary_Betty_4802,Betty Dellano,0.52,Contemporary,Brass,33.0,,83445.0,1925,100,No,Minimal,Gallery Exhibition,365.89,335.83
Baroque_Dennis_4803,Dennis Mcveigh,0.8,Baroque,Bronze,21.0,8.0,3883.0,1993,32,Yes,Expressive,Museum Deaccession,14.05,14.84
Renaissance_Mark_4804,Mark Myers,,Renaissance,Brass,29.0,24.0,,1923,102,No,Expressive,Acquired from Artist,433.57,531.54
Baroque_Alan_4805,Alan Allen,0.79,Baroque,Bronze,14.0,7.0,2608.0,1969,56,Yes,Vibrant,Acquired from Artist,8.22,9.67
Contemporary_Adam_4806,Adam Becerra,0.16,Contemporary,Aluminium,41.0,14.0,1101.0,1902,123,No,Minimal,Museum Deaccession,5.45,5.52
Abstract_Curt_4807,Curt Lopez,0.8,Abstract,Clay,3.0,2.0,8.0,1980,45,Yes,Minimal,Museum Deaccession,5.21,6.58
Abstract_Jeanette_4808,Jeanette Joyce,0.3,Abstract,Wood,15.0,8.0,,1949,76,No,Intricate,Auctioned in New York,5.04,5.48
Modern_Jill_4809,Jill Molina,0.36,Modern,,15.0,,271.0,1986,39,Yes,Vibrant,Auctioned in New York,5.68,5.7
Renaissance_Helene_4810,Helene Ford,0.53,Renaissance,Bronze,9.0,5.0,684.0,1878,147,No,Polished,Private Collection,3.69,3.97
Abstract_Hazel_4811,Hazel Suits,0.44,Abstract,Marble,12.0,8.0,25008.0,2007,18,Yes,Rustic,Museum Deaccession,105.95,107.14
Baroque_Anthony_4812,Anthony Edwards,0.25,Baroque,Bronze,9.0,5.0,675.0,1878,147,No,Rustic,Auctioned in New York,5.38,5.86
Minimalist_Evelyn_4813,Evelyn Gilbert,0.88,Minimalist,Clay,,13.0,6921.0,1964,61,Yes,Vibrant,Acquired from Artist,32.92,40.14
Renaissance_Brandon_4814,Brandon Lee,0.76,Renaissance,Bronze,23.0,13.0,16068.0,1869,156,No,Intricate,Private Collection,104.88,145.08
Renaissance_Dina_4815,Dina Walker,0.39,Renaissance,Aluminium,26.0,16.0,2439.0,2012,13,Yes,Rustic,Gallery Exhibition,2.76,3.85
Minimalist_Ellen_4816,Ellen Hochstetler,0.59,Minimalist,Marble,8.0,5.0,2930.0,1990,35,Yes,Minimal,Inherited Estate,5.63,6.75
Contemporary_Robert_4817,Robert Harper,0.98,Contemporary,Aluminium,49.0,18.0,6212.0,1982,43,Yes,Rustic,Auctioned in London,8.47,13.3
Baroque_Theodore_4818,Theodore Finn,0.43,Baroque,Bronze,8.0,5.0,275.0,1949,76,No,Polished,Acquired from Artist,3.37,4.82
Renaissance_James_4819,James Cowley,0.83,Renaissance,Stone,20.0,9.0,435811.0,1946,79,No,Minimal,Private Collection,311.2,293.35
Modern_Ana_4820,Ana Smith,0.55,Modern,Bronze,,7.0,1844.0,1949,76,No,Expressive,Auctioned in New York,6.57,6.44
Modern_Christine_4821,Christine White,,Modern,Clay,7.0,5.0,95.0,1915,110,No,Elegant,Auctioned in London,3.02,4.74
Modern_Ana_4822,Ana Berry,0.44,Modern,Aluminium,16.0,7.0,244.0,1926,99,No,Elegant,Acquired from Artist,4.9,5.02
Renaissance_Irene_4823,Irene Rankin,0.55,Renaissance,Stone,11.0,6.0,24742.0,1903,122,No,Expressive,Acquired from Artist,96.65,118.49
Classical_Amanda_4824,Amanda Paige,0.0,Classical,Wood,24.0,9.0,335.0,1969,56,Yes,Rustic,Inherited Estate,5.37,5.96
Modern_Colin_4825,Colin Luster,0.26,Modern,Marble,19.0,,82487.0,1917,108,No,Polished,Auctioned in London,229.91,272.36
Baroque_Michael_4826,Michael Lepage,0.19,Baroque,Aluminium,,8.0,1005.0,1891,134,No,Polished,Acquired from Artist,3.84,4.22
Renaissance_Mabel_4827,Mabel Goddard,,Renaissance,Wood,,7.0,227.0,2006,19,Yes,Intricate,Private Collection,5.22,4.85
Contemporary_Samuel_4828,Samuel Steller,0.12,Contemporary,Marble,29.0,7.0,,1986,39,Yes,Rustic,Inherited Estate,289.47,390.69
Abstract_Larry_4829,Larry Streicher,0.56,Abstract,,7.0,4.0,2903.0,1928,97,No,Rustic,Acquired from Artist,6.04,6.11
Renaissance_Timothy_4830,Timothy Furey,0.14,Renaissance,Wood,15.0,7.0,73.0,1857,168,No,Rustic,Museum Deaccession,4.24,4.36
Renaissance_Tammie_4831,Tammie Roszel,,Renaissance,,59.0,15.0,,1911,114,No,Expressive,Gallery Exhibition,69.97,89.97
Baroque_Luis_4832,Luis Anderson,0.02,Baroque,Clay,17.0,8.0,1057.0,1891,134,No,Polished,Inherited Estate,2.51,3.25
Minimalist_Brandon_4833,Brandon Schlottmann,0.19,Minimalist,Aluminium,36.0,11.0,2263.0,1988,37,Yes,Intricate,Auctioned in New York,2.82,3.5
Minimalist_Eva_4834,Eva Cruz,0.01,Minimalist,Stone,4.0,4.0,965.0,1976,49,Yes,Vibrant,Museum Deaccession,3.1,3.64
Abstract_Donna_4835,Donna Daugherty,0.24,Abstract,Bronze,18.0,9.0,7189.0,1932,93,No,Vibrant,Inherited Estate,21.03,23.38
Classical_Joseph_4836,Joseph Bruce,0.19,Classical,Aluminium,34.0,6.0,872.0,1972,53,Yes,Intricate,Auctioned in New York,3.62,5.41
Renaissance_Harold_4837,Harold Dennis,0.94,Renaissance,,6.0,4.0,503.0,1983,42,Yes,Expressive,Inherited Estate,5.96,6.08
Contemporary_Sean_4838,Sean Mcwhirter,0.6,Contemporary,Clay,23.0,7.0,1737.0,1884,141,No,Elegant,Inherited Estate,9.34,8.76
Renaissance_Joseph_4839,Joseph Figueroa,0.47,Renaissance,Aluminium,31.0,7.0,690.0,1879,146,No,Intricate,Museum Deaccession,4.4,5.46
Baroque_Donald_4840,Donald Tso,0.86,Baroque,Brass,10.0,5.0,1585.0,1977,48,Yes,Expressive,Auctioned in London,3.39,5.33
Minimalist_Victor_4841,Victor Grant,0.54,Minimalist,Wood,11.0,7.0,112.0,1974,51,Yes,Polished,Auctioned in London,4.5,4.27
Renaissance_Terrence_4842,Terrence Barnett,,Renaissance,,10.0,5.0,13667.0,1924,101,No,Polished,Museum Deaccession,7.93,12.42
Baroque_Joe_4843,Joe Box,0.51,Baroque,Clay,23.0,8.0,1313.0,1864,161,No,Rustic,Inherited Estate,2.21,3.64
Contemporary_Richard_4844,Richard Ayala,0.72,Contemporary,Aluminium,13.0,6.0,237.0,1976,49,Yes,Vibrant,Auctioned in New York,3.07,4.75
Contemporary_Sonya_4845,Sonya Walker,0.63,Contemporary,Bronze,20.0,8.0,7744.0,1991,34,Yes,Intricate,Museum Deaccession,24.95,28.08
Baroque_Michael_4846,Michael Kalama,0.99,Baroque,Wood,4.0,4.0,29.0,1886,139,No,Vibrant,Acquired from Artist,7.04,6.52
Renaissance_Eugene_4847,Eugene Hyatt,0.34,Renaissance,Brass,4.0,4.0,206.0,1979,46,Yes,Intricate,Inherited Estate,5.54,6.51
Contemporary_Mildred_4848,Mildred Bates,0.63,Contemporary,Bronze,16.0,7.0,1612.0,2015,10,Yes,Elegant,Auctioned in London,2.99,3.33
Renaissance_Felipe_4849,Felipe Miller,0.01,Renaissance,Clay,28.0,,7386.0,1883,142,No,Expressive,Auctioned in London,6.9,8.66
Classical_Kristin_4850,Kristin Hill,0.33,Classical,Aluminium,17.0,6.0,391.0,1948,77,No,Vibrant,Gallery Exhibition,3.67,3.94
Abstract_Jeffery_4851,Jeffery Muscara,0.46,Abstract,Brass,26.0,10.0,8275.0,1860,165,No,Rustic,Acquired from Artist,8.78,13.11
Modern_Brian_4852,Brian Peterson,0.45,Modern,Wood,36.0,8.0,430.0,1906,119,No,Intricate,Private Collection,3.16,3.79
Baroque_Josephine_4853,Josephine Markowitz,0.63,Baroque,,4.0,4.0,,1923,102,No,Elegant,Auctioned in New York,4.25,6.21
Classical_Noel_4854,Noel Diaz,,Classical,Wood,4.0,4.0,,1873,152,No,Elegant,Inherited Estate,3.41,4.52
Modern_Lisa_4855,Lisa Eller,0.41,Modern,Aluminium,14.0,,322.0,1875,150,No,Expressive,Auctioned in New York,3.65,4.45
Renaissance_Annie_4856,Annie Reyes,0.43,Renaissance,Clay,18.0,9.0,1738.0,1970,55,Yes,Rustic,Museum Deaccession,5.74,5.98
Minimalist_Felicia_4857,Felicia Red,0.02,Minimalist,Clay,6.0,4.0,74.0,1982,43,Yes,Vibrant,Museum Deaccession,4.76,6.4
Classical_William_4858,William Hartley,0.23,Classical,Aluminium,8.0,5.0,41.0,1872,153,No,Vibrant,Acquired from Artist,4.67,5.33
Minimalist_Deidra_4859,Deidra Finchum,0.71,Minimalist,Marble,17.0,10.0,128807.0,1857,168,No,Minimal,Museum Deaccession,755.04,1021.99
Classical_Daniel_4860,Daniel Hoard,0.23,Classical,Brass,50.0,20.0,,1937,88,No,Expressive,Auctioned in London,713.36,864.52
Baroque_Maria_4861,Maria Delaney,0.84,Baroque,Wood,30.0,9.0,482.0,1933,92,No,Intricate,Gallery Exhibition,5.17,6.63
Abstract_Melissa_4862,Melissa Petrash,0.56,Abstract,Wood,23.0,15.0,774.0,1976,49,Yes,Expressive,Private Collection,4.82,6.89
Contemporary_Robert_4863,Robert Winstead,0.68,Contemporary,Clay,12.0,6.0,785.0,1890,135,No,Intricate,Gallery Exhibition,6.28,6.11
Abstract_Terri_4864,Terri Wolf,0.07,Abstract,Clay,4.0,3.0,37.0,1902,123,No,Rustic,Inherited Estate,2.91,3.41
Minimalist_Karen_4865,Karen Stewart,0.55,Minimalist,Clay,9.0,5.0,215.0,1912,113,No,Vibrant,Private Collection,6.87,6.68
Modern_Thomas_4866,Thomas Jamison,0.07,Modern,Aluminium,9.0,5.0,134.0,1994,31,Yes,Rustic,Acquired from Artist,3.64,3.52
Contemporary_Cherryl_4867,Cherryl Schmidt,0.2,Contemporary,Aluminium,12.0,7.0,442.0,1868,157,No,Rustic,Auctioned in London,5.93,5.67
Minimalist_Rose_4868,Rose Rake,,Minimalist,Brass,4.0,3.0,131.0,1857,168,No,Expressive,Private Collection,2.22,3.06
Abstract_Scott_4869,Scott Brading,0.64,Abstract,Wood,5.0,4.0,48.0,1916,109,No,Polished,Gallery Exhibition,3.47,3.85
Contemporary_William_4870,William Dawson,,Contemporary,,36.0,28.0,110246.0,1980,45,Yes,Minimal,Private Collection,55.43,55.3
Modern_Joyce_4871,Joyce Gilmore,0.74,Modern,,14.0,8.0,,1996,29,Yes,Rustic,Gallery Exhibition,13.03,14.88
Contemporary_James_4872,James Smith,,Contemporary,Wood,25.0,6.0,153.0,1883,142,No,Minimal,Gallery Exhibition,3.01,4.35
Classical_Andre_4873,Andre Kiley,0.13,Classical,Brass,38.0,7.0,14328.0,1907,118,No,Vibrant,Private Collection,8.16,10.98
Classical_James_4874,James Martin,0.91,Classical,Bronze,66.0,19.0,120253.0,1919,106,No,Rustic,Gallery Exhibition,179.65,183.47
Abstract_Ann_4875,Ann Dickson,0.03,Abstract,Bronze,,11.0,9913.0,2005,20,Yes,Polished,Auctioned in New York,6.36,10.36
Abstract_Jason_4876,Jason Chowenhill,0.53,Abstract,Brass,41.0,,61820.0,1857,168,No,Vibrant,Gallery Exhibition,213.89,247.45
Baroque_Patricia_4877,Patricia Clark,0.29,Baroque,Wood,9.0,5.0,104.0,1901,124,No,Polished,Auctioned in London,2.89,3.66
Renaissance_Andy_4878,Andy Miller,0.2,Renaissance,Wood,15.0,7.0,239.0,1862,163,No,Expressive,Auctioned in New York,5.43,6.24
Abstract_Margaret_4879,Margaret Pfundt,,Abstract,Brass,48.0,17.0,200945.0,1988,37,Yes,Elegant,Acquired from Artist,341.43,316.72
Renaissance_Eric_4880,Eric Charles,0.49,Renaissance,Wood,57.0,8.0,922.0,1952,73,Yes,Expressive,Museum Deaccession,4.36,5.37
Minimalist_Deana_4881,Deana Ford,0.18,Minimalist,Brass,10.0,4.0,783.0,1941,84,No,Vibrant,Acquired from Artist,3.76,5.8
Renaissance_Eddie_4882,Eddie Strickland,0.6,Renaissance,Clay,9.0,4.0,138.0,1924,101,No,Expressive,Museum Deaccession,3.76,6.1
Contemporary_Tammy_4883,Tammy Bunch,0.41,Contemporary,Brass,7.0,,767.0,1945,80,No,Rustic,Gallery Exhibition,6.97,6.83
Renaissance_Monty_4884,Monty Jeansonne,,Renaissance,Clay,11.0,8.0,520.0,1997,28,Yes,Minimal,Gallery Exhibition,4.04,4.14
Contemporary_Jerry_4885,Jerry Wimberly,,Contemporary,Bronze,3.0,3.0,84.0,1878,147,No,Elegant,Inherited Estate,5.32,6.32
Classical_Frances_4886,Frances Yost,0.55,Classical,Marble,3.0,3.0,107.0,1956,69,Yes,Vibrant,Museum Deaccession,4.94,5.43
Minimalist_Theresa_4887,Theresa Sinclaire,1.0,Minimalist,Stone,23.0,10.0,705048.0,1880,145,No,Elegant,Inherited Estate,5202.83,5786.5
Minimalist_Mario_4888,Mario Baker,,Minimalist,Bronze,37.0,,13920.0,2003,22,Yes,Intricate,Museum Deaccession,27.0,34.54
Abstract_Vickie_4889,Vickie Bass,0.48,Abstract,,10.0,4.0,100.0,1983,42,Yes,Elegant,Auctioned in New York,2.67,4.29
Abstract_Susan_4890,Susan Palacio,0.28,Abstract,Wood,19.0,8.0,,1941,84,No,Intricate,Auctioned in New York,6.1,6.29
Renaissance_Leah_4891,Leah Herrmann,0.38,Renaissance,Wood,,6.0,153.0,1897,128,No,Minimal,Museum Deaccession,3.87,3.53
Abstract_Naomi_4892,Naomi Matthew,0.86,Abstract,Marble,13.0,6.0,14856.0,1887,138,No,Polished,Inherited Estate,46.81,64.28
Baroque_Edna_4893,Edna Hoss,0.57,Baroque,Marble,15.0,6.0,43379.0,1850,175,No,Rustic,Acquired from Artist,225.91,239.09
Renaissance_Ronald_4894,Ronald Chapman,0.78,Renaissance,Bronze,12.0,6.0,1948.0,1865,160,No,Intricate,Inherited Estate,4.92,7.54
Contemporary_Joseph_4895,Joseph Hurtubise,0.02,Contemporary,Bronze,8.0,4.0,426.0,1909,116,No,Rustic,Private Collection,6.82,6.58
Abstract_Ana_4896,Ana Duggan,0.61,Abstract,Brass,26.0,10.0,20303.0,2014,11,Yes,Polished,Private Collection,36.28,43.06
Abstract_Helen_4897,Helen Bray,0.78,Abstract,Clay,26.0,7.0,1803.0,1917,108,No,Expressive,Inherited Estate,6.95,6.73
Abstract_Oscar_4898,Oscar James,0.11,Abstract,,31.0,6.0,5949.0,1913,112,No,Minimal,Auctioned in London,11.56,11.95
Classical_George_4899,George Erickson,0.29,Classical,Aluminium,29.0,9.0,1216.0,1988,37,Yes,Rustic,Auctioned in New York,3.81,4.52
Classical_Nicole_4900,Nicole Hinds,0.47,Classical,Stone,10.0,4.0,5076.0,1923,102,No,Rustic,Museum Deaccession,18.57,28.91
Baroque_Gregory_4901,Gregory Luis,0.27,Baroque,Clay,28.0,,2899.0,1986,39,Yes,Rustic,Auctioned in London,7.35,8.77
Renaissance_Audrey_4902,Audrey Swink,0.98,Renaissance,Clay,10.0,4.0,286.0,1904,121,No,Expressive,Museum Deaccession,5.62,5.2
Contemporary_Ana_4903,Ana Moore,0.17,Contemporary,Marble,47.0,6.0,568968.0,2012,13,Yes,Elegant,Inherited Estate,786.51,1004.73
Classical_Faye_4904,Faye Mcguirl,0.37,Classical,Wood,24.0,10.0,326.0,1874,151,No,Expressive,Acquired from Artist,3.39,3.45
Baroque_Sally_4905,Sally Fair,0.85,Baroque,Marble,21.0,8.0,177591.0,1989,36,Yes,Vibrant,Auctioned in London,364.28,346.54
Classical_Vanessa_4906,Vanessa Anderson,0.46,Classical,Wood,18.0,6.0,80.0,1890,135,No,Intricate,Private Collection,4.16,4.69
Renaissance_Lewis_4907,Lewis Exum,0.15,Renaissance,Marble,7.0,5.0,4794.0,2017,8,Yes,Expressive,Private Collection,20.33,18.86
Renaissance_James_4908,James Waller,0.36,Renaissance,,3.0,2.0,70.0,1896,129,No,Elegant,Gallery Exhibition,2.87,3.43
Modern_Gertrude_4909,Gertrude Thompson,0.85,Modern,Marble,6.0,4.0,1164.0,1862,163,No,Vibrant,Inherited Estate,5.27,8.7
Renaissance_Patricia_4910,Patricia Stewart,0.74,Renaissance,,12.0,8.0,4745.0,1975,50,Yes,Intricate,Auctioned in London,26.25,27.9
Baroque_Dennis_4911,Dennis Darnley,0.94,Baroque,Aluminium,17.0,6.0,217.0,1950,75,No,Polished,Museum Deaccession,3.09,4.98
Renaissance_Kay_4912,Kay Cook,0.35,Renaissance,Bronze,26.0,,5386.0,1979,46,Yes,Elegant,Gallery Exhibition,26.33,30.04
Baroque_Margaret_4913,Margaret Mathews,0.42,Baroque,Brass,18.0,6.0,5612.0,1938,87,No,Vibrant,Gallery Exhibition,22.32,31.41
Classical_Lisa_4914,Lisa Tharp,0.38,Classical,Brass,37.0,14.0,86943.0,1891,134,No,Elegant,Museum Deaccession,183.6,191.44
Modern_Richard_4915,Richard Hall,,Modern,Aluminium,20.0,7.0,555.0,1977,48,Yes,Intricate,Inherited Estate,3.76,4.45
Contemporary_Johnnie_4916,Johnnie Garcia,0.16,Contemporary,Wood,9.0,,73.0,1937,88,No,Expressive,Gallery Exhibition,5.66,5.63
Baroque_Barbara_4917,Barbara Wells,0.04,Baroque,Aluminium,18.0,9.0,538.0,1931,94,No,Rustic,Acquired from Artist,2.91,3.66
Classical_Juliet_4918,Juliet Sutton,0.96,Classical,Brass,5.0,4.0,240.0,1935,90,No,Rustic,Private Collection,3.75,4.47
Renaissance_Juan_4919,Juan Saylor,0.37,Renaissance,Stone,18.0,9.0,233674.0,1981,44,Yes,Expressive,Auctioned in New York,1004.23,1011.11
Contemporary_Stephanie_4920,Stephanie Graves,,Contemporary,Bronze,10.0,5.0,682.0,1870,155,No,Vibrant,Auctioned in New York,3.1,3.95
Baroque_Michael_4921,Michael Banks,0.37,Baroque,Stone,31.0,11.0,782840.0,1969,56,Yes,Rustic,Gallery Exhibition,2926.28,2759.99
Classical_Viviana_4922,Viviana Collins,0.87,Classical,Clay,,8.0,707.0,1943,82,No,Minimal,Acquired from Artist,5.3,5.57
Minimalist_Pamela_4923,Pamela Spicher,0.0,Minimalist,,7.0,4.0,,1867,158,No,Vibrant,Auctioned in London,4.42,6.27
Baroque_Andrew_4924,Andrew Ewing,0.89,Baroque,Wood,18.0,6.0,211.0,1918,107,No,Minimal,Auctioned in London,2.2,3.4
Classical_John_4925,John Scolaro,0.68,Classical,Brass,17.0,6.0,3359.0,1936,89,No,Intricate,Gallery Exhibition,6.85,6.24
Contemporary_Helen_4926,Helen Campbell,0.24,Contemporary,,24.0,7.0,134313.0,1938,87,No,Rustic,Auctioned in London,373.45,553.02
Modern_James_4927,James Walters,,Modern,Brass,46.0,9.0,,1959,66,Yes,Vibrant,Private Collection,172.59,198.45
Baroque_Roberta_4928,Roberta Gullett,0.57,Baroque,Clay,26.0,13.0,1297.0,1959,66,Yes,Vibrant,Inherited Estate,2.29,3.13
Abstract_Johnny_4929,Johnny Mccarty,0.38,Abstract,Marble,17.0,8.0,72057.0,1962,63,Yes,Intricate,Inherited Estate,68.76,113.79
Abstract_Norman_4930,Norman Brown,0.02,Abstract,Wood,30.0,,661.0,1975,50,Yes,Intricate,Museum Deaccession,3.83,4.34
Abstract_Patricia_4931,Patricia Montgomery,0.21,Abstract,Brass,40.0,33.0,369382.0,1881,144,No,Intricate,Auctioned in New York,460.38,515.79
Modern_Geraldine_4932,Geraldine Varley,0.52,Modern,Aluminium,14.0,8.0,427.0,1904,121,No,Minimal,Gallery Exhibition,5.37,6.41
Abstract_Gus_4933,Gus Hall,0.13,Abstract,Bronze,22.0,,,1854,171,No,Expressive,Museum Deaccession,12.95,14.25
Baroque_Edward_4934,Edward Johnson,0.61,Baroque,Brass,18.0,9.0,3174.0,1943,82,No,Intricate,Private Collection,2.74,3.58
Abstract_Angella_4935,Angella Blews,0.66,Abstract,,11.0,6.0,,1918,107,No,Elegant,Inherited Estate,84.99,104.88
Minimalist_Altagracia_4936,Altagracia Mudge,,Minimalist,Brass,27.0,18.0,47374.0,1923,102,No,Polished,Inherited Estate,95.47,92.62
Contemporary_Gary_4937,Gary Wallin,0.37,Contemporary,Bronze,31.0,17.0,36225.0,1896,129,No,Minimal,Acquired from Artist,48.71,58.69
Contemporary_Jennie_4938,Jennie Baker,0.79,Contemporary,Aluminium,28.0,14.0,647.0,1923,102,No,Intricate,Private Collection,4.15,6.15
Modern_Judy_4939,Judy Wilson,0.8,Modern,Brass,33.0,14.0,33309.0,1865,160,No,Vibrant,Inherited Estate,86.97,116.52
Baroque_Robert_4940,Robert Gutierrez,0.44,Baroque,Marble,21.0,8.0,78931.0,2012,13,Yes,Expressive,Private Collection,89.98,129.67
Classical_Norman_4941,Norman Beebe,0.82,Classical,Clay,5.0,3.0,59.0,1853,172,No,Polished,Museum Deaccession,3.86,3.78
Modern_Johnathan_4942,Johnathan Chase,0.41,Modern,,39.0,17.0,1979603.0,1860,165,No,Polished,Inherited Estate,664.87,674.39
Classical_Amanda_4943,Amanda Wilkerson,0.24,Classical,,34.0,11.0,1990.0,1888,137,No,Polished,Acquired from Artist,4.62,5.72
Renaissance_Cynthia_4944,Cynthia Brown,0.94,Renaissance,Clay,16.0,8.0,877.0,1862,163,No,Elegant,Gallery Exhibition,3.09,4.78
Modern_Diane_4945,Diane Marotta,,Modern,Stone,16.0,8.0,95312.0,1852,173,No,Rustic,Museum Deaccession,791.09,828.04
Abstract_Julie_4946,Julie Smith,0.75,Abstract,Aluminium,15.0,8.0,233.0,1940,85,No,Elegant,Private Collection,4.82,5.87
Contemporary_Ronald_4947,Ronald Spader,,Contemporary,Bronze,23.0,11.0,10936.0,1882,143,No,Minimal,Inherited Estate,37.7,41.42
Minimalist_Donald_4948,Donald Janssen,0.38,Minimalist,Brass,9.0,5.0,950.0,1986,39,Yes,Elegant,Museum Deaccession,3.2,3.45
Contemporary_Flora_4949,Flora Mclawhorn,0.02,Contemporary,Brass,15.0,8.0,3173.0,2014,11,Yes,Intricate,Acquired from Artist,8.28,8.61
Baroque_Patrick_4950,Patrick Koziel,0.4,Baroque,Stone,12.0,6.0,46687.0,1972,53,Yes,Expressive,Museum Deaccession,112.26,151.37
Classical_Jimmy_4951,Jimmy Hopkins,0.86,Classical,Marble,12.0,8.0,31257.0,1936,89,No,Intricate,Inherited Estate,129.94,142.84
Renaissance_Elsa_4952,Elsa Colon,0.05,Renaissance,Bronze,26.0,10.0,12838.0,1993,32,Yes,Polished,Private Collection,32.76,37.52
Abstract_Jo_4953,Jo Jefferies,0.61,Abstract,Marble,9.0,4.0,4728.0,1897,128,No,Polished,Private Collection,20.41,18.95
Baroque_Anna_4954,Anna Gennaro,0.47,Baroque,Bronze,16.0,8.0,2025.0,1873,152,No,Intricate,Gallery Exhibition,4.12,5.96
Baroque_Joan_4955,Joan Campbell,0.24,Baroque,Bronze,31.0,10.0,18907.0,1869,156,No,Rustic,Auctioned in New York,39.07,44.15
Contemporary_Jamaal_4956,Jamaal Cruz,0.47,Contemporary,Bronze,,8.0,4480.0,1938,87,No,Elegant,Private Collection,8.41,12.83
Contemporary_Nathaniel_4957,Nathaniel Moore,0.31,Contemporary,Brass,12.0,6.0,1210.0,2016,9,Yes,Elegant,Auctioned in London,5.66,5.28
Minimalist_Ronnie_4958,Ronnie Kim,0.53,Minimalist,Wood,36.0,8.0,188.0,1971,54,Yes,Vibrant,Auctioned in New York,4.01,4.64
Contemporary_Rickie_4959,Rickie Gutierrez,0.48,Contemporary,Bronze,30.0,15.0,17803.0,1938,87,No,Rustic,Acquired from Artist,29.3,30.31
Contemporary_Laura_4960,Laura Thresher,0.91,Contemporary,Brass,13.0,7.0,3757.0,2020,5,Yes,Expressive,Gallery Exhibition,14.7,13.51
Minimalist_Shirley_4961,Shirley Moore,0.02,Minimalist,Stone,28.0,6.0,378383.0,1907,118,No,Intricate,Museum Deaccession,225.19,230.64
Renaissance_Mildred_4962,Mildred Larios,,Renaissance,Bronze,,18.0,57334.0,1868,157,No,Minimal,Auctioned in New York,86.1,101.14
Contemporary_Tyson_4963,Tyson Guinn,0.51,Contemporary,Marble,19.0,8.0,111448.0,1886,139,No,Rustic,Museum Deaccession,245.8,320.07
Baroque_Lawrence_4964,Lawrence Slaughter,0.77,Baroque,Brass,10.0,5.0,1026.0,2013,12,Yes,Elegant,Private Collection,4.17,3.99
Modern_Pamela_4965,Pamela Hodge,0.24,Modern,Brass,28.0,16.0,66915.0,1920,105,No,Vibrant,Museum Deaccession,151.09,144.82
Renaissance_Shirley_4966,Shirley Reddish,,Renaissance,,,6.0,21316.0,2002,23,Yes,Intricate,Gallery Exhibition,64.4,72.0
Minimalist_Robert_4967,Robert Nailor,0.51,Minimalist,Marble,12.0,7.0,21370.0,1900,125,No,Vibrant,Museum Deaccession,67.07,62.1
Minimalist_Erlinda_4968,Erlinda Knowles,0.3,Minimalist,Marble,18.0,7.0,79326.0,1921,104,No,Polished,Auctioned in London,146.7,172.57
Minimalist_Craig_4969,Craig Lorenz,0.08,Minimalist,Brass,40.0,18.0,147330.0,1928,97,No,Polished,Museum Deaccession,121.65,195.17
Abstract_Rowena_4970,Rowena Wisniewski,0.84,Abstract,Clay,23.0,12.0,1797.0,1910,115,No,Minimal,Acquired from Artist,2.58,3.6
Classical_Elizabeth_4971,Elizabeth Guertin,0.38,Classical,Marble,18.0,10.0,204848.0,1884,141,No,Rustic,Auctioned in New York,894.49,1117.07
Minimalist_Mechelle_4972,Mechelle Hudson,0.12,Minimalist,Bronze,34.0,6.0,,2011,14,Yes,Minimal,Auctioned in London,10.81,16.89
Minimalist_Arthur_4973,Arthur Nixon,0.54,Minimalist,,31.0,15.0,2102.0,1915,110,No,Intricate,Acquired from Artist,3.2,3.9
Contemporary_Amber_4974,Amber Grant,0.39,Contemporary,Bronze,34.0,13.0,25516.0,1859,166,No,Polished,Gallery Exhibition,57.65,89.43
Abstract_Veronica_4975,Veronica Thomas,,Abstract,Brass,22.0,13.0,8000.0,1955,70,Yes,Minimal,Auctioned in London,19.08,30.54
Minimalist_Richard_4976,Richard Williams,0.29,Minimalist,Bronze,29.0,9.0,11467.0,1949,76,No,Elegant,Museum Deaccession,16.79,24.53
Renaissance_Maria_4977,Maria Dunlap,0.74,Renaissance,Brass,19.0,7.0,9381.0,1904,121,No,Intricate,Auctioned in New York,36.74,52.19
Classical_Edna_4978,Edna Leininger,0.09,Classical,Stone,39.0,15.0,7957127.0,2020,5,Yes,Elegant,Auctioned in New York,9982.0,11423.74
Minimalist_Zoila_4979,Zoila Ingwersen,0.35,Minimalist,Stone,29.0,13.0,2100801.0,2006,19,Yes,Rustic,Auctioned in London,3163.07,3094.46
Abstract_Robert_4980,Robert Staab,0.65,Abstract,Bronze,27.0,15.0,17635.0,1942,83,No,Polished,Auctioned in London,34.45,51.64
Classical_Michael_4981,Michael Davis,0.56,Classical,Aluminium,19.0,7.0,664.0,1870,155,No,Intricate,Private Collection,6.73,6.2
Classical_Daniel_4982,Daniel Lamb,0.32,Classical,Bronze,21.0,10.0,11032.0,2015,10,Yes,Polished,Museum Deaccession,29.69,38.27
Abstract_Mary_4983,Mary Schauble,0.46,Abstract,Aluminium,25.0,15.0,1692.0,1952,73,Yes,Expressive,Auctioned in New York,6.32,6.12
Baroque_Jonathan_4984,Jonathan Cordova,,Baroque,Clay,17.0,6.0,980.0,1878,147,No,Intricate,Auctioned in New York,10.43,10.41
Minimalist_Jacqueline_4985,Jacqueline Gandy,0.34,Minimalist,Wood,12.0,6.0,133.0,1949,76,No,Expressive,Acquired from Artist,5.78,5.99
Minimalist_Joni_4986,Joni Sowers,0.32,Minimalist,Brass,29.0,6.0,10849.0,1972,53,Yes,Polished,Private Collection,11.35,13.57
Renaissance_April_4987,April Vanetten,0.86,Renaissance,Aluminium,31.0,7.0,,1925,100,No,Minimal,Inherited Estate,2.98,3.01
Renaissance_Ellen_4988,Ellen Randall,0.4,Renaissance,Wood,,3.0,13.0,1879,146,No,Polished,Auctioned in London,4.89,6.59
Renaissance_Judith_4989,Judith Soltys,0.71,Renaissance,Marble,17.0,9.0,110669.0,2020,5,Yes,Minimal,Private Collection,114.94,159.78
Modern_Roberta_4990,Roberta Newman,,Modern,,13.0,7.0,49527.0,1961,64,Yes,Rustic,Private Collection,44.42,59.79
Classical_Myrna_4991,Myrna Newman,0.14,Classical,Stone,15.0,8.0,159638.0,1870,155,No,Intricate,Auctioned in London,265.0,265.28
Classical_Patricia_4992,Patricia Blackman,0.36,Classical,Brass,27.0,15.0,46620.0,1914,111,No,Expressive,Inherited Estate,60.55,85.13
Renaissance_David_4993,David Blair,0.09,Renaissance,Clay,25.0,11.0,2584.0,1929,96,No,Intricate,Acquired from Artist,8.6,9.16
Abstract_Thomas_4994,Thomas Marcinkowski,0.45,Abstract,Aluminium,30.0,10.0,1851.0,1996,29,Yes,Vibrant,Gallery Exhibition,6.31,6.85
Baroque_Samantha_4995,Samantha Obannon,0.11,Baroque,Brass,15.0,7.0,2327.0,1951,74,Yes,Minimal,Auctioned in New York,5.25,5.79
Classical_Michelle_4996,Michelle Calloway,0.93,Classical,Wood,,,,1947,78,No,Expressive,Gallery Exhibition,4.28,5.72
Minimalist_Julius_4997,Julius Cherry,0.46,Minimalist,Clay,22.0,9.0,1252.0,1960,65,Yes,Expressive,Inherited Estate,4.16,3.82
Contemporary_Chad_4998,Chad Pappas,0.7,Contemporary,,,7.0,,1947,78,No,Polished,Auctioned in London,7.32,11.64
Contemporary_Anna_4999,Anna Stewart,0.33,Contemporary,Marble,22.0,11.0,264284.0,1931,94,No,Vibrant,Gallery Exhibition,1629.67,1483.81
Contemporary_Don_5000,Don Porter,0.7,Contemporary,Stone,23.0,9.0,593459.0,1874,151,No,Rustic,Inherited Estate,3390.32,3909.31
Modern_Dorothy_5001,Dorothy Mccabe,0.49,Modern,Marble,20.0,8.0,,1864,161,No,Polished,Private Collection,523.67,729.09
Minimalist_Marcella_5002,Marcella Jones,0.43,Minimalist,,14.0,8.0,69502.0,1858,167,No,Intricate,Private Collection,145.07,189.12
Contemporary_Connie_5003,Connie Yarborough,0.21,Contemporary,Bronze,26.0,,,1958,67,Yes,Vibrant,Private Collection,55.03,67.45
Contemporary_Mark_5004,Mark Domhoff,0.63,Contemporary,Clay,25.0,8.0,1840.0,1975,50,Yes,Expressive,Gallery Exhibition,9.94,10.09
Modern_Robert_5005,Robert Pullis,0.37,Modern,Brass,3.0,2.0,45.0,2002,23,Yes,Vibrant,Auctioned in New York,6.39,5.82
Abstract_Frank_5006,Frank Ferguson,0.72,Abstract,,19.0,9.0,1138.0,1903,122,No,Vibrant,Auctioned in London,6.48,7.67
Renaissance_Daniel_5007,Daniel Risley,0.32,Renaissance,Marble,19.0,7.0,51131.0,1969,56,Yes,Vibrant,Gallery Exhibition,73.45,71.51
Baroque_James_5008,James White,0.33,Baroque,Stone,27.0,14.0,1527773.0,2015,10,Yes,Elegant,Inherited Estate,1874.05,2207.76
Minimalist_Patricia_5009,Patricia Powley,0.52,Minimalist,Wood,14.0,8.0,185.0,1920,105,No,Expressive,Gallery Exhibition,3.29,3.18
Minimalist_Justin_5010,Justin Vaughn,0.55,Minimalist,Stone,22.0,7.0,224105.0,1855,170,No,Elegant,Gallery Exhibition,177.6,251.45
Abstract_Cynthia_5011,Cynthia Barney,0.87,Abstract,Aluminium,7.0,4.0,105.0,1885,140,No,Minimal,Museum Deaccession,4.35,4.09
Baroque_Josephine_5012,Josephine Bertrand,0.38,Baroque,Brass,21.0,13.0,,1982,43,Yes,Elegant,Acquired from Artist,42.87,48.99
Classical_Lamar_5013,Lamar Goins,0.04,Classical,Wood,28.0,9.0,630.0,1964,61,Yes,Minimal,Inherited Estate,4.11,4.86
Minimalist_Angela_5014,Angela Mayette,0.69,Minimalist,Aluminium,33.0,15.0,2248.0,1892,133,No,Intricate,Gallery Exhibition,3.54,3.23
Classical_Amanda_5015,Amanda Tran,0.6,Classical,Stone,21.0,11.0,519468.0,1959,66,Yes,Elegant,Gallery Exhibition,3154.41,2963.77
Abstract_Joleen_5016,Joleen Kirkpatrick,0.28,Abstract,Bronze,23.0,,31863.0,1851,174,No,Vibrant,Museum Deaccession,12.04,19.39
Classical_Robert_5017,Robert Hasberry,0.14,Classical,,16.0,8.0,21618.0,1942,83,No,Expressive,Gallery Exhibition,7.17,7.03
Minimalist_Jordan_5018,Jordan Carpenter,0.28,Minimalist,Brass,23.0,12.0,7055.0,1978,47,Yes,Expressive,Acquired from Artist,13.75,21.45
Minimalist_Deborah_5019,Deborah Goldberg,0.42,Minimalist,,8.0,,259.0,1905,120,No,Rustic,Acquired from Artist,6.01,6.53
Abstract_Susan_5020,Susan Garcia,0.98,Abstract,Clay,12.0,7.0,478.0,1991,34,Yes,Expressive,Gallery Exhibition,3.52,3.99
Minimalist_Veronica_5021,Veronica Starns,0.02,Minimalist,Wood,37.0,15.0,874.0,1913,112,No,Polished,Gallery Exhibition,7.24,6.77
Minimalist_David_5022,David Colby,0.69,Minimalist,Bronze,20.0,8.0,6397.0,1935,90,No,Polished,Auctioned in New York,20.97,34.71
Modern_Jerome_5023,Jerome Morales,0.59,Modern,Aluminium,29.0,15.0,2065.0,1975,50,Yes,Vibrant,Auctioned in London,6.37,9.0
Abstract_Barbara_5024,Barbara Baughman,0.52,Abstract,Wood,13.0,7.0,112.0,2016,9,Yes,Vibrant,Auctioned in New York,2.44,3.06
Baroque_Janet_5025,Janet Lopez,0.66,Baroque,Wood,19.0,14.0,500.0,1864,161,No,Intricate,Gallery Exhibition,4.95,6.64
Classical_Jared_5026,Jared Anderson,0.36,Classical,Wood,40.0,22.0,,2004,21,Yes,Vibrant,Museum Deaccession,2.29,3.5
Renaissance_Tracey_5027,Tracey Gamblin,,Renaissance,Clay,16.0,,1071.0,1901,124,No,Vibrant,Auctioned in New York,3.76,4.29
Classical_Edwin_5028,Edwin Wicks,,Classical,Clay,34.0,16.0,7421.0,1964,61,Yes,Intricate,Museum Deaccession,2.2,3.37
Baroque_Chad_5029,Chad Atwell,0.6,Baroque,Bronze,27.0,9.0,7836.0,1921,104,No,Expressive,Auctioned in London,5.0,7.93
Renaissance_James_5030,James Barb,0.53,Renaissance,,29.0,17.0,1556664.0,1858,167,No,Intricate,Museum Deaccession,6240.0,10292.87
Contemporary_Harlan_5031,Harlan Harding,0.05,Contemporary,Stone,8.0,4.0,7095.0,1854,171,No,Elegant,Auctioned in New York,17.51,20.87
Modern_Kara_5032,Kara Mcneal,0.54,Modern,,21.0,,358.0,1856,169,No,Polished,Inherited Estate,4.11,6.46
Modern_Rebecca_5033,Rebecca Cuevas,0.26,Modern,Clay,18.0,8.0,2049.0,1985,40,Yes,Elegant,Private Collection,6.47,6.78
Baroque_Emma_5034,Emma Smith,0.32,Baroque,Marble,31.0,16.0,912586.0,1973,52,Yes,Minimal,Inherited Estate,743.12,1107.52
Abstract_Adam_5035,Adam Marion,0.97,Abstract,Bronze,9.0,4.0,376.0,1923,102,No,Polished,Acquired from Artist,4.06,4.59
Classical_Tammy_5036,Tammy Dekker,0.49,Classical,Stone,32.0,22.0,4391181.0,1885,140,No,Vibrant,Private Collection,9673.28,11041.46
Baroque_Jerry_5037,Jerry Malton,,Baroque,,9.0,4.0,4665.0,1866,159,No,Vibrant,Inherited Estate,13.29,17.38
Abstract_Joseph_5038,Joseph Pennington,0.16,Abstract,,,14.0,36150.0,1939,86,No,Minimal,Private Collection,9.61,12.8
Minimalist_Wilma_5039,Wilma Bailey,0.27,Minimalist,Marble,36.0,22.0,3742712.0,1862,163,No,Expressive,Auctioned in New York,12417.64,11880.96
Minimalist_Mary_5040,Mary Vegetabile,0.59,Minimalist,Aluminium,5.0,3.0,53.0,2014,11,Yes,Minimal,Inherited Estate,3.18,4.84
Contemporary_Darrin_5041,Darrin Blackburn,0.5,Contemporary,Brass,15.0,6.0,,1974,51,Yes,Minimal,Auctioned in London,6.28,6.63
Classical_Richard_5042,Richard Hobart,0.85,Classical,Stone,13.0,,33994.0,1916,109,No,Expressive,Inherited Estate,269.62,305.07
Contemporary_Richard_5043,Richard Isom,0.57,Contemporary,Brass,18.0,8.0,10939.0,1894,131,No,Vibrant,Auctioned in New York,24.11,27.47
Contemporary_Andrea_5044,Andrea Mccrystal,0.44,Contemporary,Marble,23.0,10.0,308319.0,1859,166,No,Intricate,Acquired from Artist,312.26,415.38
Modern_Emma_5045,Emma Frederick,0.2,Modern,Brass,18.0,8.0,7402.0,1869,156,No,Vibrant,Acquired from Artist,20.0,25.18
Renaissance_Jeanine_5046,Jeanine Woodward,0.45,Renaissance,Brass,6.0,5.0,708.0,1874,151,No,Elegant,Museum Deaccession,4.34,5.12
Renaissance_Andre_5047,Andre Post,0.45,Renaissance,Brass,27.0,11.0,8586.0,1879,146,No,Polished,Private Collection,6.94,9.58
Minimalist_Joseph_5048,Joseph Free,0.29,Minimalist,Stone,39.0,23.0,7666999.0,1991,34,Yes,Minimal,Auctioned in New York,8926.73,12907.06
Abstract_Teresa_5049,Teresa Mosher,0.78,Abstract,Stone,36.0,10.0,2538444.0,1881,144,No,Vibrant,Acquired from Artist,10943.28,11033.1
Abstract_Dorothy_5050,Dorothy Williamson,0.17,Abstract,Stone,,7.0,29233.0,1891,134,No,Rustic,Acquired from Artist,50.5,73.91
Contemporary_Ben_5051,Ben Maple,0.74,Contemporary,Marble,13.0,6.0,24018.0,1974,51,Yes,Rustic,Private Collection,157.15,180.61
Abstract_Lewis_5052,Lewis Mcalister,0.24,Abstract,Aluminium,38.0,17.0,3750.0,2017,8,Yes,Rustic,Inherited Estate,4.46,4.65
Classical_John_5053,John Ford,0.18,Classical,Aluminium,3.0,3.0,18.0,1912,113,No,Vibrant,Auctioned in New York,3.48,3.25
Renaissance_Eric_5054,Eric Ferg,0.59,Renaissance,Wood,23.0,6.0,,1869,156,No,Rustic,Inherited Estate,5.5,6.82
Baroque_Helen_5055,Helen Wilson,0.69,Baroque,Marble,58.0,16.0,8186224.0,1897,128,No,Polished,Acquired from Artist,14551.32,21707.94
Modern_Eloy_5056,Eloy Slaton,0.79,Modern,Aluminium,19.0,6.0,453.0,1974,51,Yes,Polished,Auctioned in New York,6.71,6.97
Abstract_Matthew_5057,Matthew Carasco,,Abstract,Stone,5.0,4.0,1712.0,1984,41,Yes,Elegant,Inherited Estate,6.25,7.93
Renaissance_Annie_5058,Annie Piirto,0.45,Renaissance,,26.0,16.0,1341889.0,1867,158,No,Vibrant,Auctioned in New York,2565.93,3054.86
Renaissance_Bernard_5059,Bernard Salinas,0.93,Renaissance,Marble,6.0,4.0,1611.0,2006,19,Yes,Rustic,Private Collection,3.83,3.63
Renaissance_Angela_5060,Angela Gardner,0.79,Renaissance,Wood,33.0,17.0,775.0,1888,137,No,Vibrant,Auctioned in New York,3.13,4.55
Classical_Max_5061,Max Bryant,0.65,Classical,Aluminium,15.0,6.0,387.0,1930,95,No,Intricate,Inherited Estate,5.22,5.35
Classical_Gertie_5062,Gertie Zaragoza,,Classical,Bronze,23.0,,2954.0,1960,65,Yes,Expressive,Inherited Estate,37.08,35.8
Contemporary_Eva_5063,Eva Corbin,0.15,Contemporary,Bronze,27.0,11.0,11292.0,1867,158,No,Elegant,Gallery Exhibition,20.29,22.52
Baroque_Carol_5064,Carol Orourke,,Baroque,Brass,14.0,6.0,4308.0,1914,111,No,Rustic,Inherited Estate,34.82,47.12
Renaissance_Jimmy_5065,Jimmy Stebbins,0.41,Renaissance,Bronze,17.0,7.0,4044.0,2002,23,Yes,Rustic,Auctioned in London,5.8,6.69
Modern_Steve_5066,Steve Thiel,0.55,Modern,Brass,3.0,2.0,,1874,151,No,Vibrant,Auctioned in London,3.46,3.3
Minimalist_Cynthia_5067,Cynthia Peters,0.56,Minimalist,Aluminium,34.0,11.0,1894.0,2003,22,Yes,Polished,Gallery Exhibition,3.65,4.23
Renaissance_Robert_5068,Robert Woodside,0.37,Renaissance,Bronze,22.0,,7595.0,1961,64,Yes,Elegant,Acquired from Artist,11.0,12.99
Classical_Robert_5069,Robert Ramsey,0.38,Classical,Marble,13.0,6.0,22348.0,1975,50,Yes,Intricate,Acquired from Artist,85.19,107.85
Minimalist_Rolando_5070,Rolando Price,0.07,Minimalist,,10.0,5.0,,1921,104,No,Minimal,Inherited Estate,4.51,6.93
Baroque_Kevin_5071,Kevin Colantuono,0.38,Baroque,,28.0,9.0,3323.0,1922,103,No,Expressive,Museum Deaccession,4.52,4.7
Modern_Dustin_5072,Dustin Fulker,0.77,Modern,Clay,43.0,11.0,5855.0,1942,83,No,Elegant,Auctioned in New York,27.38,25.59
Baroque_Christian_5073,Christian Hebert,,Baroque,,24.0,8.0,217.0,2001,24,Yes,Polished,Gallery Exhibition,6.33,6.57
Classical_Jerry_5074,Jerry Kuehne,0.55,Classical,Aluminium,13.0,7.0,298.0,1974,51,Yes,Rustic,Private Collection,2.49,3.62
Classical_Dallas_5075,Dallas Martone,0.19,Classical,Stone,16.0,7.0,42447.0,1988,37,Yes,Vibrant,Auctioned in New York,102.05,162.11
Renaissance_James_5076,James Mena,0.24,Renaissance,Clay,12.0,7.0,656.0,1993,32,Yes,Elegant,Acquired from Artist,2.4,3.28
Abstract_Rex_5077,Rex Pera,0.49,Abstract,Aluminium,14.0,6.0,125.0,1913,112,No,Vibrant,Gallery Exhibition,3.82,3.51
Renaissance_Vera_5078,Vera Saucedo,0.26,Renaissance,Bronze,48.0,28.0,133430.0,1983,42,Yes,Elegant,Auctioned in London,421.55,609.74
Contemporary_Marylin_5079,Marylin Toon,,Contemporary,Bronze,9.0,5.0,534.0,1901,124,No,Intricate,Museum Deaccession,5.03,5.03
Abstract_Emerson_5080,Emerson England,0.12,Abstract,Aluminium,39.0,20.0,3755.0,1867,158,No,Rustic,Museum Deaccession,7.3,11.62
Contemporary_Cathy_5081,Cathy Mcdonald,0.0,Contemporary,Stone,37.0,12.0,2962372.0,1978,47,Yes,Intricate,Acquired from Artist,5693.06,5794.95
Minimalist_John_5082,John Tressler,0.48,Minimalist,Brass,23.0,12.0,28292.0,1912,113,No,Elegant,Auctioned in London,138.7,170.73
Minimalist_Cari_5083,Cari Longhurst,0.5,Minimalist,Bronze,11.0,8.0,1547.0,1922,103,No,Intricate,Private Collection,6.6,6.12
Contemporary_Cathy_5084,Cathy Kubiszewski,0.55,Contemporary,Stone,16.0,6.0,47875.0,2017,8,Yes,Vibrant,Private Collection,172.51,169.88
Minimalist_Martha_5085,Martha Amos,0.47,Minimalist,Stone,11.0,8.0,61224.0,1907,118,No,Elegant,Museum Deaccession,165.19,155.42
Baroque_Jessica_5086,Jessica White,0.28,Baroque,,18.0,8.0,5178.0,1868,157,No,Intricate,Museum Deaccession,15.75,20.26
Contemporary_Andrew_5087,Andrew Halverson,0.82,Contemporary,Bronze,16.0,7.0,2929.0,1899,126,No,Expressive,Acquired from Artist,28.74,26.5
Abstract_Michael_5088,Michael Cannone,0.43,Abstract,Aluminium,29.0,7.0,1250.0,1991,34,Yes,Expressive,Inherited Estate,4.88,5.07
Renaissance_Carol_5089,Carol Jones,0.64,Renaissance,Marble,12.0,8.0,41568.0,1905,120,No,Vibrant,Gallery Exhibition,82.41,126.14
Classical_Virginia_5090,Virginia Vick,,Classical,Bronze,7.0,5.0,,1866,159,No,Polished,Inherited Estate,3.07,3.53
Minimalist_Juana_5091,Juana Wind,,Minimalist,Bronze,17.0,,,1891,134,No,Minimal,Inherited Estate,22.32,36.11
Baroque_Tamara_5092,Tamara Hill,0.07,Baroque,Wood,33.0,8.0,477.0,1960,65,Yes,Intricate,Inherited Estate,3.74,4.32
Minimalist_David_5093,David Dotson,0.06,Minimalist,Marble,30.0,8.0,425547.0,1940,85,No,Rustic,Auctioned in New York,115.36,163.67
Renaissance_Gloria_5094,Gloria Neglia,0.99,Renaissance,Marble,25.0,7.0,115395.0,2013,12,Yes,Expressive,Private Collection,1387.9,1268.35
Minimalist_Fredia_5095,Fredia Rock,0.83,Minimalist,Stone,8.0,4.0,7016.0,1928,97,No,Vibrant,Private Collection,14.05,19.97
Classical_Ruth_5096,Ruth Deleon,0.88,Classical,Marble,16.0,7.0,,1984,41,Yes,Vibrant,Auctioned in New York,51.6,79.12
Renaissance_Rena_5097,Rena Best,0.56,Renaissance,Brass,11.0,7.0,2596.0,2012,13,Yes,Intricate,Inherited Estate,3.75,3.65
Minimalist_Kiley_5098,Kiley Medeiros,0.3,Minimalist,,,12.0,1921.0,1935,90,No,Polished,Auctioned in London,7.49,10.43
Modern_Naomi_5099,Naomi Nelson,0.61,Modern,Aluminium,10.0,5.0,178.0,1859,166,No,Minimal,Museum Deaccession,5.87,6.06
Abstract_Amanda_5100,Amanda Collins,0.06,Abstract,Clay,22.0,13.0,1374.0,1942,83,No,Minimal,Private Collection,3.25,4.22
Renaissance_Douglas_5101,Douglas Russell,0.13,Renaissance,Clay,30.0,15.0,7923.0,1906,119,No,Polished,Acquired from Artist,23.04,25.88
Renaissance_Travis_5102,Travis Brandon,0.38,Renaissance,Clay,3.0,2.0,13.0,2005,20,Yes,Polished,Private Collection,5.18,6.72
Renaissance_Rudolf_5103,Rudolf Castillo,0.19,Renaissance,Brass,27.0,12.0,24624.0,1890,135,No,Polished,Museum Deaccession,35.11,34.67
Classical_Janis_5104,Janis Royster,,Classical,Bronze,21.0,10.0,,1922,103,No,Vibrant,Inherited Estate,8.61,9.71
Minimalist_Rodney_5105,Rodney Cravens,0.89,Minimalist,Bronze,13.0,6.0,1757.0,1935,90,No,Rustic,Auctioned in New York,11.28,11.01
Baroque_Julio_5106,Julio Zhang,0.8,Baroque,Clay,23.0,15.0,3115.0,1980,45,Yes,Intricate,Inherited Estate,6.03,7.95
Abstract_Vincenza_5107,Vincenza Ford,0.3,Abstract,Marble,,16.0,1658590.0,2007,18,Yes,Vibrant,Gallery Exhibition,3028.21,4132.33
Classical_Katrina_5108,Katrina Chang,0.37,Classical,,21.0,9.0,1086.0,2005,20,Yes,Rustic,Museum Deaccession,4.09,6.5
Modern_Michael_5109,Michael Graza,0.7,Modern,Aluminium,32.0,13.0,1662.0,1917,108,No,Elegant,Gallery Exhibition,5.19,7.53
Abstract_Kenneth_5110,Kenneth Fox,0.06,Abstract,Wood,18.0,8.0,204.0,1927,98,No,Intricate,Auctioned in New York,3.6,4.94
Renaissance_Kerrie_5111,Kerrie Reilly,0.05,Renaissance,Brass,25.0,10.0,11529.0,1903,122,No,Polished,Private Collection,12.42,16.79
Baroque_Robert_5112,Robert Mcdonald,,Baroque,Bronze,39.0,23.0,85079.0,1894,131,No,Expressive,Private Collection,407.19,428.46
Classical_Glenn_5113,Glenn Bruner,0.28,Classical,Clay,24.0,12.0,3841.0,1852,173,No,Vibrant,Inherited Estate,3.7,3.47
Modern_Allen_5114,Allen Sanchez,0.22,Modern,Wood,35.0,15.0,527.0,1982,43,Yes,Polished,Inherited Estate,3.47,3.3
Baroque_Bridget_5115,Bridget Rojo,0.25,Baroque,Aluminium,39.0,15.0,1079.0,1887,138,No,Vibrant,Gallery Exhibition,4.42,6.68
Baroque_William_5116,William Hurley,0.53,Baroque,Wood,24.0,6.0,329.0,1937,88,No,Expressive,Private Collection,4.87,5.63
Modern_Tyree_5117,Tyree Beckstrom,0.18,Modern,Clay,17.0,7.0,1418.0,1959,66,Yes,Intricate,Inherited Estate,2.5,3.06
Baroque_Peggy_5118,Peggy Baugus,0.22,Baroque,,13.0,6.0,463.0,1908,117,No,Rustic,Auctioned in New York,7.31,6.91
Contemporary_Shandra_5119,Shandra Phillips,0.33,Contemporary,Clay,29.0,14.0,,1919,106,No,Elegant,Auctioned in London,6.5,6.36
Renaissance_Justin_5120,Justin Altamirano,,Renaissance,Marble,21.0,8.0,179269.0,1911,114,No,Elegant,Inherited Estate,293.38,333.8
Minimalist_Stephen_5121,Stephen Lo,0.83,Minimalist,Wood,26.0,6.0,352.0,1880,145,No,Polished,Auctioned in New York,5.25,5.56
Minimalist_Sonia_5122,Sonia Philpot,0.31,Minimalist,Brass,22.0,,5642.0,1926,99,No,Minimal,Auctioned in London,6.3,8.77
Classical_Tammy_5123,Tammy Merle,0.17,Classical,Marble,20.0,12.0,274778.0,1860,165,No,Rustic,Inherited Estate,466.58,584.95
Minimalist_Kristina_5124,Kristina Hepler,0.08,Minimalist,Clay,,7.0,714.0,2018,7,Yes,Polished,Museum Deaccession,4.33,4.51
Abstract_Helen_5125,Helen Carver,0.28,Abstract,Marble,3.0,3.0,128.0,1873,152,No,Expressive,Auctioned in New York,4.18,4.76
Contemporary_Jaime_5126,Jaime Mestler,0.93,Contemporary,Marble,14.0,,73908.0,1977,48,Yes,Elegant,Acquired from Artist,176.98,215.02
Baroque_David_5127,David Oswalt,0.57,Baroque,Marble,19.0,9.0,135418.0,1958,67,Yes,Vibrant,Museum Deaccession,163.61,201.32
Minimalist_Bruce_5128,Bruce Hubbert,0.5,Minimalist,Marble,9.0,5.0,4973.0,1998,27,Yes,Intricate,Gallery Exhibition,3.95,3.87
Classical_Eleanor_5129,Eleanor Chamberlain,0.83,Classical,Clay,20.0,7.0,,1958,67,Yes,Rustic,Inherited Estate,2.31,3.35
Modern_Margeret_5130,Margeret Martinez,,Modern,Bronze,23.0,8.0,,1878,147,No,Vibrant,Inherited Estate,8.58,12.62
Classical_Peter_5131,Peter Baker,0.84,Classical,Aluminium,7.0,5.0,85.0,1852,173,No,Vibrant,Museum Deaccession,3.36,3.47
Renaissance_Jason_5132,Jason Hagens,0.87,Renaissance,Aluminium,22.0,7.0,925.0,1961,64,Yes,Rustic,Museum Deaccession,4.14,4.21
Modern_Michael_5133,Michael Cordova,0.55,Modern,Aluminium,24.0,,3177.0,1922,103,No,Polished,Inherited Estate,10.26,12.69
Minimalist_Margaret_5134,Margaret Reyes,0.68,Minimalist,Bronze,13.0,8.0,2915.0,1889,136,No,Minimal,Museum Deaccession,6.35,9.0
Classical_Daniel_5135,Daniel Himes,0.09,Classical,Marble,12.0,8.0,29200.0,1996,29,Yes,Vibrant,Auctioned in London,46.88,50.45
Classical_Kenneth_5136,Kenneth Cullen,0.33,Classical,Wood,32.0,16.0,774.0,1939,86,No,Elegant,Acquired from Artist,3.76,3.42
Contemporary_Lewis_5137,Lewis Wiggins,0.83,Contemporary,Clay,14.0,7.0,1154.0,1912,113,No,Elegant,Private Collection,3.31,5.5
Minimalist_Javier_5138,Javier Lerer,,Minimalist,Aluminium,21.0,10.0,905.0,2002,23,Yes,Polished,Auctioned in New York,6.3,5.73
Baroque_Catherine_5139,Catherine Haywood,0.0,Baroque,Aluminium,14.0,6.0,399.0,1962,63,Yes,Polished,Auctioned in New York,3.4,4.73
Modern_John_5140,John Proudfoot,0.07,Modern,Bronze,24.0,12.0,16410.0,1989,36,Yes,Intricate,Acquired from Artist,6.75,8.95
Baroque_Stacey_5141,Stacey Wirkkala,0.58,Baroque,Stone,31.0,15.0,2747348.0,1885,140,No,Vibrant,Acquired from Artist,13970.35,18437.06
Abstract_Columbus_5142,Columbus Mendez,0.11,Abstract,Wood,30.0,10.0,281.0,1932,93,No,Minimal,Auctioned in London,3.21,4.15
Minimalist_Melvin_5143,Melvin Burress,0.53,Minimalist,,26.0,7.0,11896.0,1947,78,No,Rustic,Acquired from Artist,36.85,34.85
Classical_Mark_5144,Mark Reimer,,Classical,Stone,,9.0,989192.0,2013,12,Yes,Elegant,Private Collection,2829.68,3415.6
Baroque_Patricia_5145,Patricia Villalobos,0.13,Baroque,Marble,8.0,5.0,6476.0,1914,111,No,Expressive,Acquired from Artist,9.52,9.49
Baroque_Vera_5146,Vera Johnson,0.84,Baroque,Aluminium,3.0,3.0,11.0,1927,98,No,Polished,Private Collection,4.64,4.62
Contemporary_Treva_5147,Treva Richardson,0.24,Contemporary,Brass,7.0,4.0,,1996,29,Yes,Intricate,Auctioned in New York,4.0,3.81
Abstract_Carl_5148,Carl Lindholm,0.18,Abstract,Brass,7.0,4.0,302.0,1881,144,No,Minimal,Museum Deaccession,4.3,4.34
Classical_Richard_5149,Richard Killam,,Classical,Clay,23.0,9.0,2879.0,1876,149,No,Expressive,Private Collection,9.04,13.64
Minimalist_Anna_5150,Anna Rhodes,0.63,Minimalist,Wood,39.0,8.0,542.0,1905,120,No,Rustic,Auctioned in New York,3.73,3.55
Minimalist_Juan_5151,Juan Biltz,0.34,Minimalist,Clay,5.0,4.0,85.0,1863,162,No,Expressive,Inherited Estate,3.36,4.65
Baroque_Megan_5152,Megan Brooks,0.36,Baroque,Stone,24.0,10.0,,1933,92,No,Rustic,Museum Deaccession,412.98,427.42
Contemporary_Sue_5153,Sue Farrington,0.12,Contemporary,Wood,25.0,9.0,,1925,100,No,Elegant,Gallery Exhibition,2.62,4.07
Baroque_William_5154,William Jones,,Baroque,Clay,65.0,31.0,43240.0,1934,91,No,Rustic,Private Collection,103.2,101.42
Contemporary_Jennifer_5155,Jennifer Spector,0.63,Contemporary,Clay,50.0,24.0,16650.0,1929,96,No,Elegant,Gallery Exhibition,30.42,33.64
Abstract_Gena_5156,Gena Grant,0.35,Abstract,Brass,26.0,,25331.0,2012,13,Yes,Polished,Museum Deaccession,40.15,65.46
Minimalist_Sherri_5157,Sherri Mcirvin,0.55,Minimalist,Marble,14.0,7.0,31206.0,1972,53,Yes,Minimal,Acquired from Artist,52.64,75.13
Renaissance_Robert_5158,Robert Keding,0.73,Renaissance,Aluminium,3.0,3.0,33.0,1967,58,Yes,Vibrant,Auctioned in London,5.6,5.54
Renaissance_John_5159,John Watkins,0.24,Renaissance,Stone,,5.0,8634.0,1955,70,Yes,Minimal,Museum Deaccession,9.81,9.14
Abstract_William_5160,William Osborne,0.06,Abstract,,33.0,13.0,18413.0,1942,83,No,Vibrant,Auctioned in New York,24.74,23.51
Modern_Gregory_5161,Gregory Heuer,0.52,Modern,Clay,34.0,6.0,1586.0,1929,96,No,Intricate,Acquired from Artist,3.4,5.29
Abstract_Leo_5162,Leo Bennett,0.55,Abstract,Stone,41.0,18.0,6991183.0,1997,28,Yes,Polished,Auctioned in London,48066.81,49534.18
Baroque_Nancy_5163,Nancy Gillen,0.51,Baroque,Marble,23.0,7.0,179042.0,1969,56,Yes,Rustic,Acquired from Artist,580.45,592.68
Minimalist_George_5164,George Carn,0.95,Minimalist,Stone,41.0,26.0,24039379.0,1993,32,Yes,Intricate,Inherited Estate,31921.18,51410.27
Renaissance_Dorothy_5165,Dorothy Huber,0.67,Renaissance,Marble,24.0,7.0,,1924,101,No,Rustic,Auctioned in London,503.72,798.42
Classical_David_5166,David Angle,0.19,Classical,Bronze,37.0,18.0,62557.0,1922,103,No,Intricate,Museum Deaccession,39.17,41.69
Modern_Nancy_5167,Nancy Barker,0.97,Modern,Aluminium,25.0,10.0,1411.0,1898,127,No,Minimal,Private Collection,5.73,6.87
Abstract_Bruce_5168,Bruce Skinner,0.65,Abstract,Clay,36.0,10.0,4568.0,1970,55,Yes,Polished,Inherited Estate,10.8,12.7
Modern_Susan_5169,Susan Hackett,0.19,Modern,Brass,29.0,14.0,15094.0,1919,106,No,Elegant,Private Collection,43.09,40.42
Minimalist_Samantha_5170,Samantha Jenkins,,Minimalist,Wood,8.0,5.0,82.0,1972,53,Yes,Polished,Inherited Estate,3.55,4.89
Minimalist_Thomas_5171,Thomas Baldwin,0.26,Minimalist,Wood,13.0,7.0,73.0,2010,15,Yes,Vibrant,Museum Deaccession,3.81,6.29
Modern_Claire_5172,Claire Warner,0.44,Modern,Marble,3.0,3.0,222.0,1963,62,Yes,Elegant,Inherited Estate,3.07,3.29
Classical_Georgia_5173,Georgia James,0.48,Classical,Clay,29.0,7.0,2516.0,1902,123,No,Expressive,Inherited Estate,11.74,11.88
Baroque_Courtney_5174,Courtney Bethune,0.91,Baroque,Marble,32.0,14.0,1520767.0,1925,100,No,Rustic,Auctioned in New York,7183.14,7607.26
Contemporary_Eugenio_5175,Eugenio Vanderburg,0.08,Contemporary,,18.0,8.0,5573.0,2020,5,Yes,Elegant,Inherited Estate,7.56,7.71
Minimalist_Billie_5176,Billie Miller,0.48,Minimalist,Aluminium,12.0,8.0,268.0,2006,19,Yes,Expressive,Museum Deaccession,4.97,4.76
Renaissance_Susan_5177,Susan Mcmunn,0.15,Renaissance,Aluminium,18.0,11.0,682.0,1962,63,Yes,Rustic,Private Collection,5.71,6.6
Contemporary_Adam_5178,Adam Esquivel,0.54,Contemporary,Marble,32.0,11.0,821575.0,1931,94,No,Expressive,Acquired from Artist,3417.56,3774.17
Baroque_Edward_5179,Edward Sipriano,0.07,Baroque,Wood,14.0,6.0,143.0,1925,100,No,Expressive,Auctioned in New York,4.09,5.28
Renaissance_Marvin_5180,Marvin Dunham,0.84,Renaissance,Wood,34.0,8.0,309.0,1947,78,No,Polished,Acquired from Artist,4.98,5.23
Minimalist_Julia_5181,Julia Lubrano,0.78,Minimalist,,19.0,7.0,506.0,1991,34,Yes,Minimal,Museum Deaccession,2.46,3.06
Renaissance_Roberto_5182,Roberto Worthen,0.44,Renaissance,Clay,10.0,4.0,209.0,1885,140,No,Minimal,Inherited Estate,3.5,4.1
Classical_Julienne_5183,Julienne Crider,,Classical,Clay,11.0,,336.0,1898,127,No,Intricate,Auctioned in New York,7.26,6.69
Abstract_Lydia_5184,Lydia Swisher,0.52,Abstract,Marble,15.0,6.0,25354.0,1866,159,No,Polished,Auctioned in London,76.77,95.72
Minimalist_James_5185,James Brewer,0.85,Minimalist,,20.0,7.0,166.0,1960,65,Yes,Rustic,Private Collection,3.86,4.98
Abstract_Willie_5186,Willie Walter,0.15,Abstract,Clay,42.0,,,1875,150,No,Expressive,Auctioned in London,5.47,5.82
Classical_Jessica_5187,Jessica Massart,0.37,Classical,Aluminium,9.0,4.0,117.0,1999,26,Yes,Minimal,Acquired from Artist,4.37,6.3
Minimalist_Sara_5188,Sara Sipes,0.45,Minimalist,Clay,8.0,5.0,,1874,151,No,Expressive,Acquired from Artist,5.32,6.71
Minimalist_Rhonda_5189,Rhonda Canfield,,Minimalist,,9.0,,2271.0,1935,90,No,Elegant,Acquired from Artist,10.87,14.09
Renaissance_Daniel_5190,Daniel Diep,0.97,Renaissance,Stone,28.0,17.0,2037779.0,1995,30,Yes,Intricate,Gallery Exhibition,5206.59,5472.31
Renaissance_Glenn_5191,Glenn Ruffin,0.06,Renaissance,Wood,5.0,4.0,22.0,1985,40,Yes,Minimal,Private Collection,5.69,6.63
Modern_Johnnie_5192,Johnnie Harmon,0.13,Modern,Wood,5.0,3.0,14.0,2010,15,Yes,Minimal,Private Collection,3.91,6.13
Renaissance_Samuel_5193,Samuel Hanson,0.29,Renaissance,Wood,31.0,10.0,584.0,1917,108,No,Elegant,Auctioned in New York,3.96,4.67
Classical_Luther_5194,Luther Chandler,0.35,Classical,Brass,29.0,8.0,24744.0,1943,82,No,Elegant,Inherited Estate,25.88,26.02
Classical_Thomas_5195,Thomas Johnson,0.43,Classical,Aluminium,6.0,4.0,94.0,1941,84,No,Expressive,Gallery Exhibition,5.6,6.88
Classical_Marvin_5196,Marvin Sydnor,0.63,Classical,,16.0,6.0,4967.0,1930,95,No,Elegant,Museum Deaccession,7.08,9.85
Renaissance_Leon_5197,Leon Ulbrich,0.47,Renaissance,Clay,9.0,5.0,253.0,1924,101,No,Rustic,Auctioned in London,4.68,5.32
Contemporary_Joshua_5198,Joshua Nance,0.06,Contemporary,,27.0,10.0,395849.0,2004,21,Yes,Polished,Gallery Exhibition,103.07,103.56
Minimalist_Michele_5199,Michele Simmons,0.97,Minimalist,Wood,21.0,,111.0,1998,27,Yes,Rustic,Auctioned in New York,4.81,4.72
Abstract_Thomas_5200,Thomas Woods,0.58,Abstract,Clay,32.0,18.0,2664.0,2002,23,Yes,Rustic,Auctioned in New York,4.42,5.57
Minimalist_Angela_5201,Angela Horiuchi,0.6,Minimalist,Stone,7.0,5.0,4399.0,1970,55,Yes,Intricate,Museum Deaccession,8.04,8.47
Abstract_Agnes_5202,Agnes Roman,0.09,Abstract,Wood,4.0,,29.0,1948,77,No,Vibrant,Museum Deaccession,6.13,5.76
Renaissance_Jeffrey_5203,Jeffrey Day,0.03,Renaissance,,,,564.0,1949,76,No,Intricate,Gallery Exhibition,6.0,6.32
Baroque_Robert_5204,Robert Neal,0.39,Baroque,Wood,33.0,19.0,713.0,1958,67,Yes,Intricate,Acquired from Artist,2.81,3.38
Modern_Bethany_5205,Bethany Smith,0.16,Modern,Clay,11.0,8.0,766.0,2002,23,Yes,Intricate,Auctioned in London,3.85,4.26
Baroque_Wilma_5206,Wilma Mclamb,,Baroque,Aluminium,31.0,12.0,2238.0,1970,55,Yes,Minimal,Gallery Exhibition,6.81,6.58
Renaissance_William_5207,William Brown,0.23,Renaissance,Marble,15.0,7.0,40811.0,1932,93,No,Rustic,Auctioned in New York,119.37,160.35
Contemporary_Chris_5208,Chris Walker,0.76,Contemporary,Aluminium,13.0,6.0,139.0,1914,111,No,Expressive,Auctioned in New York,6.12,6.76
Minimalist_Sharon_5209,Sharon Stunkard,0.6,Minimalist,Aluminium,9.0,5.0,58.0,1860,165,No,Polished,Gallery Exhibition,3.81,5.22
Modern_Gerald_5210,Gerald Glenn,0.92,Modern,Aluminium,17.0,8.0,522.0,1910,115,No,Vibrant,Auctioned in New York,2.89,3.66
Baroque_Patricia_5211,Patricia Mena,0.41,Baroque,Wood,21.0,11.0,258.0,1853,172,No,Minimal,Private Collection,4.58,5.05
Minimalist_Theo_5212,Theo Perez,0.97,Minimalist,Bronze,22.0,12.0,16470.0,1937,88,No,Minimal,Private Collection,30.17,33.02
Abstract_William_5213,William Dietzler,,Abstract,Aluminium,38.0,21.0,4352.0,1959,66,Yes,Intricate,Inherited Estate,19.89,21.31
Minimalist_Mary_5214,Mary Mcintosh,0.43,Minimalist,,10.0,5.0,,1935,90,No,Elegant,Acquired from Artist,3.14,3.37
Modern_Samantha_5215,Samantha Waldschmidt,0.15,Modern,Clay,38.0,14.0,6031.0,1882,143,No,Vibrant,Inherited Estate,3.92,3.63
Contemporary_Kieth_5216,Kieth Stewart,0.77,Contemporary,Marble,34.0,16.0,1678895.0,1914,111,No,Expressive,Inherited Estate,5430.9,5338.9
Renaissance_Glenn_5217,Glenn Ricketts,0.45,Renaissance,Wood,26.0,13.0,268.0,1999,26,Yes,Polished,Acquired from Artist,4.19,5.42
Classical_Janet_5218,Janet Simmons,0.37,Classical,Stone,48.0,31.0,47717848.0,1906,119,No,Rustic,Museum Deaccession,70000.06,87931.4
Contemporary_Mary_5219,Mary Rhodes,0.19,Contemporary,Wood,33.0,19.0,969.0,1961,64,Yes,Minimal,Private Collection,5.66,6.3
Minimalist_Walter_5220,Walter Plummer,0.55,Minimalist,Bronze,6.0,5.0,483.0,2010,15,Yes,Elegant,Auctioned in New York,3.1,3.94
Renaissance_Martin_5221,Martin Forrester,0.71,Renaissance,Brass,18.0,,7071.0,2018,7,Yes,Elegant,Acquired from Artist,8.35,8.26
Abstract_Susie_5222,Susie Thomas,0.44,Abstract,Brass,8.0,5.0,,1943,82,No,Vibrant,Auctioned in London,3.23,5.14
Modern_Mildred_5223,Mildred Clukey,0.51,Modern,Stone,6.0,4.0,2665.0,1990,35,Yes,Expressive,Gallery Exhibition,12.38,14.48
Renaissance_Marilyn_5224,Marilyn Chandler,0.27,Renaissance,Bronze,3.0,,32.0,1929,96,No,Vibrant,Auctioned in London,5.07,5.28
Renaissance_Robert_5225,Robert Fossett,0.71,Renaissance,Clay,8.0,4.0,155.0,1957,68,Yes,Vibrant,Gallery Exhibition,3.02,3.82
Classical_Janet_5226,Janet Lima,0.12,Classical,Brass,22.0,10.0,23991.0,1993,32,Yes,Minimal,Auctioned in London,14.66,16.36
Classical_Eric_5227,Eric Blankenship,0.28,Classical,Aluminium,18.0,10.0,735.0,2015,10,Yes,Rustic,Museum Deaccession,3.06,3.62
Minimalist_Rocio_5228,Rocio Klos,0.87,Minimalist,Wood,3.0,2.0,15.0,1971,54,Yes,Polished,Gallery Exhibition,5.19,6.49
Contemporary_Glen_5229,Glen Bourgeois,0.27,Contemporary,Clay,16.0,8.0,672.0,1851,174,No,Rustic,Private Collection,5.88,6.62
Abstract_Bonnie_5230,Bonnie Joseph,0.99,Abstract,Aluminium,,7.0,343.0,1915,110,No,Minimal,Gallery Exhibition,5.14,6.95
Minimalist_Thomas_5231,Thomas Sides,0.28,Minimalist,Stone,45.0,21.0,16007003.0,2013,12,Yes,Elegant,Private Collection,27504.9,25427.96
Abstract_Essie_5232,Essie Brown,0.89,Abstract,Aluminium,,17.0,,2011,14,Yes,Intricate,Acquired from Artist,11.07,13.83
Baroque_Debra_5233,Debra Blacklock,0.27,Baroque,Clay,19.0,,1495.0,1897,128,No,Vibrant,Acquired from Artist,7.4,8.5
Renaissance_Vivian_5234,Vivian Campbell,0.76,Renaissance,,6.0,,72.0,2020,5,Yes,Expressive,Private Collection,3.98,6.33
Minimalist_Donald_5235,Donald Chauarria,0.84,Minimalist,Brass,18.0,8.0,10801.0,1968,57,Yes,Vibrant,Auctioned in New York,94.12,102.63
Modern_Jerry_5236,Jerry Merida,0.69,Modern,Marble,8.0,4.0,1989.0,2019,6,Yes,Rustic,Private Collection,3.07,3.11
Abstract_Maryann_5237,Maryann Benton,,Abstract,Aluminium,26.0,,851.0,1931,94,No,Intricate,Auctioned in New York,6.16,5.88
Contemporary_Morton_5238,Morton Klipfel,0.79,Contemporary,Wood,16.0,6.0,,1878,147,No,Polished,Acquired from Artist,3.65,3.52
Contemporary_Carla_5239,Carla Beck,0.81,Contemporary,Stone,22.0,14.0,848953.0,2016,9,Yes,Vibrant,Acquired from Artist,3392.53,4108.99
Abstract_James_5240,James Storjohann,0.07,Abstract,Clay,32.0,6.0,2250.0,1926,99,No,Expressive,Inherited Estate,3.55,4.87
Classical_Ashley_5241,Ashley Morrison,0.34,Classical,Wood,24.0,6.0,242.0,1871,154,No,Polished,Museum Deaccession,6.13,6.99
Classical_Carol_5242,Carol King,0.34,Classical,Marble,9.0,4.0,5329.0,1996,29,Yes,Minimal,Gallery Exhibition,7.36,8.99
Minimalist_Linda_5243,Linda Schatzman,,Minimalist,Stone,,14.0,3942298.0,1864,161,No,Rustic,Gallery Exhibition,2978.57,3991.87
Baroque_James_5244,James Anglin,0.78,Baroque,Marble,19.0,8.0,96439.0,1940,85,No,Vibrant,Auctioned in London,273.08,312.83
Modern_William_5245,William Powell,0.38,Modern,Brass,31.0,7.0,11780.0,1964,61,Yes,Elegant,Acquired from Artist,8.22,7.91
Contemporary_Cynthia_5246,Cynthia Smith,0.29,Contemporary,Brass,4.0,3.0,122.0,1955,70,Yes,Rustic,Inherited Estate,4.91,6.71
Modern_Steven_5247,Steven Cox,0.67,Modern,Wood,29.0,13.0,317.0,1924,101,No,Expressive,Private Collection,5.88,5.46
Modern_Racheal_5248,Racheal Beck,0.29,Modern,Bronze,55.0,22.0,116670.0,1875,150,No,Intricate,Gallery Exhibition,45.72,48.05
Modern_Maritza_5249,Maritza Gehring,,Modern,,,13.0,,1898,127,No,Vibrant,Inherited Estate,532.79,700.54
Classical_Michael_5250,Michael Thornton,0.03,Classical,Clay,14.0,6.0,835.0,1900,125,No,Vibrant,Private Collection,3.32,5.52
Abstract_Alice_5251,Alice Taylor,0.67,Abstract,Stone,43.0,20.0,15562715.0,1891,134,No,Polished,Auctioned in London,41206.42,48748.57
Classical_James_5252,James Bishop,0.51,Classical,,8.0,5.0,11439.0,1861,164,No,Intricate,Gallery Exhibition,4.84,5.81
Baroque_Marc_5253,Marc Reed,0.68,Baroque,,28.0,9.0,,1935,90,No,Rustic,Auctioned in London,1361.69,2159.68
Contemporary_Rob_5254,Rob Walker,0.04,Contemporary,Stone,25.0,12.0,1118467.0,1857,168,No,Rustic,Auctioned in New York,269.74,356.95
Contemporary_Scott_5255,Scott Lisbey,0.8,Contemporary,Aluminium,6.0,5.0,120.0,1995,30,Yes,Minimal,Gallery Exhibition,2.72,3.72
Classical_Paul_5256,Paul Belanger,0.92,Classical,Marble,22.0,21.0,1256498.0,1852,173,No,Rustic,Gallery Exhibition,3419.67,5176.83
Abstract_Victor_5257,Victor Eckhard,0.52,Abstract,Marble,37.0,13.0,1025441.0,1850,175,No,Rustic,Acquired from Artist,1717.64,2831.8
Modern_Michael_5258,Michael Perry,0.59,Modern,Wood,13.0,6.0,58.0,1904,121,No,Expressive,Acquired from Artist,3.06,3.79
Baroque_Ellen_5259,Ellen Nejaime,0.66,Baroque,Clay,33.0,21.0,6521.0,2008,17,Yes,Minimal,Private Collection,18.72,26.45
Classical_Jennifer_5260,Jennifer Milton,,Classical,,19.0,12.0,243384.0,2006,19,Yes,Intricate,Auctioned in London,788.54,847.75
Abstract_Charlie_5261,Charlie Montero,0.59,Abstract,,20.0,9.0,10514.0,1942,83,No,Intricate,Auctioned in New York,7.89,11.34
Modern_Fanny_5262,Fanny Tola,0.4,Modern,Brass,10.0,4.0,668.0,1979,46,Yes,Expressive,Museum Deaccession,5.26,5.0
Classical_Audrey_5263,Audrey Bailey,0.12,Classical,Marble,12.0,7.0,,1880,145,No,Rustic,Acquired from Artist,59.29,56.51
Contemporary_Mary_5264,Mary Thibodeau,0.05,Contemporary,Wood,47.0,37.0,2378.0,1892,133,No,Minimal,Gallery Exhibition,2.46,3.38
Modern_Daniel_5265,Daniel Moon,0.39,Modern,Aluminium,9.0,5.0,70.0,1868,157,No,Intricate,Auctioned in New York,4.11,4.67
Abstract_Robert_5266,Robert Valentin,0.08,Abstract,Marble,8.0,5.0,3543.0,2016,9,Yes,Vibrant,Acquired from Artist,9.01,8.46
Contemporary_Carlos_5267,Carlos Rojas,0.7,Contemporary,,20.0,6.0,3310.0,1920,105,No,Expressive,Museum Deaccession,22.02,28.35
Minimalist_Scott_5268,Scott Myers,0.79,Minimalist,,22.0,10.0,243292.0,2012,13,Yes,Rustic,Auctioned in New York,806.89,1057.32
Renaissance_Jeremy_5269,Jeremy Sanders,,Renaissance,Marble,27.0,14.0,655328.0,1982,43,Yes,Minimal,Inherited Estate,1139.48,1720.86
Abstract_Juanita_5270,Juanita Topolinski,0.11,Abstract,Bronze,28.0,8.0,8632.0,2018,7,Yes,Vibrant,Auctioned in New York,15.19,18.09
Renaissance_Jim_5271,Jim Farnsworth,0.58,Renaissance,Clay,4.0,4.0,86.0,1901,124,No,Vibrant,Private Collection,4.0,5.52
Classical_Kathleen_5272,Kathleen Fritz,0.06,Classical,,8.0,4.0,,1899,126,No,Expressive,Museum Deaccession,4.3,4.6
Abstract_Carolyn_5273,Carolyn Surbaugh,0.64,Abstract,Wood,16.0,7.0,199.0,2008,17,Yes,Vibrant,Inherited Estate,4.07,4.07
Baroque_Kim_5274,Kim Fruchter,,Baroque,Brass,40.0,,,1949,76,No,Vibrant,Auctioned in New York,109.76,114.26
Renaissance_Barney_5275,Barney Tilotta,0.85,Renaissance,Bronze,5.0,5.0,86.0,2005,20,Yes,Vibrant,Auctioned in London,6.08,5.73
Contemporary_Ruth_5276,Ruth Williams,,Contemporary,,25.0,7.0,,1891,134,No,Intricate,Private Collection,3.63,5.02
Minimalist_Adrian_5277,Adrian Padua,0.35,Minimalist,Stone,31.0,15.0,3579266.0,2018,7,Yes,Minimal,Auctioned in New York,4031.37,5835.84
Classical_Bernard_5278,Bernard Dunaway,0.07,Classical,Brass,19.0,10.0,13428.0,1947,78,No,Minimal,Gallery Exhibition,12.53,15.49
Minimalist_Thomas_5279,Thomas Holmes,0.74,Minimalist,Clay,26.0,19.0,,1963,62,Yes,Intricate,Auctioned in London,58.77,63.65
Classical_Andy_5280,Andy Johnson,0.22,Classical,Aluminium,18.0,11.0,891.0,1955,70,Yes,Intricate,Gallery Exhibition,2.73,3.2
Contemporary_Debra_5281,Debra Davis,0.74,Contemporary,Clay,12.0,6.0,769.0,1937,88,No,Expressive,Acquired from Artist,2.56,3.12
Classical_Crystal_5282,Crystal Halford,0.66,Classical,Bronze,14.0,8.0,3744.0,1884,141,No,Expressive,Museum Deaccession,15.02,20.44
Renaissance_John_5283,John Masser,0.28,Renaissance,Aluminium,10.0,,125.0,1960,65,Yes,Elegant,Acquired from Artist,4.42,6.87
Modern_Vicki_5284,Vicki Klingensmith,0.75,Modern,Clay,6.0,4.0,101.0,1992,33,Yes,Minimal,Gallery Exhibition,4.04,3.76
Renaissance_Patrick_5285,Patrick Cleaver,0.55,Renaissance,Aluminium,32.0,,2435.0,1857,168,No,Vibrant,Gallery Exhibition,16.09,15.73
Contemporary_Lydia_5286,Lydia Garrett,0.73,Contemporary,Wood,38.0,9.0,596.0,1913,112,No,Minimal,Acquired from Artist,3.01,3.16
Abstract_Lillian_5287,Lillian Hines,,Abstract,Wood,16.0,6.0,65.0,1935,90,No,Polished,Gallery Exhibition,4.15,5.26
Modern_Melanie_5288,Melanie Pritchett,,Modern,Brass,33.0,7.0,13567.0,1868,157,No,Rustic,Auctioned in London,56.31,91.17
Renaissance_Michelle_5289,Michelle Garcia,0.41,Renaissance,,23.0,7.0,273.0,1878,147,No,Vibrant,Gallery Exhibition,4.55,4.39
Baroque_John_5290,John Corrales,0.28,Baroque,Brass,17.0,6.0,3912.0,1871,154,No,Vibrant,Inherited Estate,5.7,8.03
Minimalist_Brian_5291,Brian Cornelius,0.37,Minimalist,Marble,14.0,6.0,29866.0,1912,113,No,Minimal,Inherited Estate,37.3,61.76
Baroque_Frances_5292,Frances Robinson,0.63,Baroque,Bronze,35.0,17.0,26493.0,1882,143,No,Elegant,Acquired from Artist,136.14,142.93
Abstract_Louise_5293,Louise Morgan,0.34,Abstract,Clay,14.0,7.0,481.0,1900,125,No,Intricate,Gallery Exhibition,3.49,3.84
Classical_Constance_5294,Constance Latham,,Classical,Aluminium,25.0,17.0,1702.0,1976,49,Yes,Rustic,Museum Deaccession,13.96,14.16
Baroque_Shane_5295,Shane Bibee,0.19,Baroque,Marble,12.0,8.0,24654.0,2019,6,Yes,Minimal,Auctioned in London,27.5,26.35
Contemporary_Consuelo_5296,Consuelo Clemons,0.16,Contemporary,,,15.0,,1875,150,No,Polished,Acquired from Artist,69.9,104.49
Baroque_Marlene_5297,Marlene Perry,0.22,Baroque,Stone,16.0,8.0,129647.0,2013,12,Yes,Polished,Inherited Estate,393.77,577.42
Baroque_Mary_5298,Mary Williams,0.84,Baroque,Wood,13.0,8.0,161.0,1877,148,No,Minimal,Inherited Estate,5.98,5.65
Renaissance_Andy_5299,Andy Ward,0.6,Renaissance,Aluminium,58.0,34.0,19381.0,1986,39,Yes,Vibrant,Private Collection,129.59,131.75
Contemporary_Kayla_5300,Kayla Phillips,0.55,Contemporary,Clay,,10.0,2897.0,1969,56,Yes,Elegant,Acquired from Artist,6.41,9.77
Minimalist_Geraldine_5301,Geraldine Graf,0.7,Minimalist,Marble,22.0,6.0,68036.0,1882,143,No,Rustic,Museum Deaccession,231.76,300.04
Minimalist_Chanell_5302,Chanell Smith,0.54,Minimalist,Brass,21.0,8.0,6045.0,1869,156,No,Elegant,Private Collection,11.7,11.91
Baroque_Winston_5303,Winston Bethea,0.29,Baroque,,30.0,7.0,458.0,1886,139,No,Elegant,Gallery Exhibition,4.39,6.12
Classical_Guillermina_5304,Guillermina Hay,0.93,Classical,Clay,9.0,4.0,223.0,1910,115,No,Rustic,Inherited Estate,2.84,3.72
Modern_China_5305,China Simmions,0.3,Modern,Brass,13.0,7.0,1189.0,1930,95,No,Minimal,Museum Deaccession,2.72,3.59
Abstract_Vernon_5306,Vernon Conley,0.18,Abstract,Wood,34.0,15.0,482.0,1933,92,No,Expressive,Auctioned in London,5.39,6.91
Abstract_Rick_5307,Rick Luke,0.43,Abstract,Wood,17.0,7.0,222.0,1851,174,No,Elegant,Gallery Exhibition,3.41,4.17
Minimalist_Edith_5308,Edith Barraza,0.25,Minimalist,Brass,31.0,,18173.0,1942,83,No,Minimal,Private Collection,36.88,42.41
Modern_Ji_5309,Ji Hernandez,0.61,Modern,Stone,4.0,,594.0,1983,42,Yes,Intricate,Auctioned in London,2.78,4.21
Classical_Thomas_5310,Thomas Marco,0.73,Classical,Marble,23.0,6.0,99049.0,1864,161,No,Elegant,Inherited Estate,549.46,723.09
Classical_Dwight_5311,Dwight Lowe,,Classical,Aluminium,14.0,6.0,445.0,1937,88,No,Intricate,Gallery Exhibition,5.13,5.76
Contemporary_Mollie_5312,Mollie Garza,0.51,Contemporary,Brass,35.0,11.0,19396.0,1978,47,Yes,Minimal,Auctioned in New York,48.92,52.16
Minimalist_Lucile_5313,Lucile Eaton,,Minimalist,Aluminium,20.0,13.0,1264.0,1872,153,No,Minimal,Gallery Exhibition,6.23,5.75
Baroque_Barbara_5314,Barbara Seward,,Baroque,Brass,,8.0,3859.0,1973,52,Yes,Vibrant,Gallery Exhibition,3.92,5.31
Renaissance_Kurt_5315,Kurt Galloway,0.13,Renaissance,Brass,5.0,4.0,307.0,1961,64,Yes,Intricate,Auctioned in New York,6.98,6.35
Renaissance_Charlie_5316,Charlie Lozano,0.42,Renaissance,Brass,7.0,4.0,554.0,1855,170,No,Rustic,Inherited Estate,3.59,4.66
Baroque_Brandon_5317,Brandon Tew,0.73,Baroque,,,26.0,3011.0,1919,106,No,Rustic,Inherited Estate,8.11,11.6
Classical_Shirley_5318,Shirley Estabrook,0.47,Classical,Marble,26.0,10.0,241975.0,1965,60,Yes,Rustic,Gallery Exhibition,416.07,692.44
Classical_Ismael_5319,Ismael Ruminski,0.61,Classical,Clay,17.0,8.0,1493.0,1958,67,Yes,Vibrant,Inherited Estate,3.01,3.72
Baroque_Anna_5320,Anna Vigil,0.08,Baroque,Stone,3.0,3.0,406.0,1873,152,No,Polished,Auctioned in London,2.67,4.19
Minimalist_Vincent_5321,Vincent Robinson,0.5,Minimalist,Marble,29.0,16.0,1157354.0,2019,6,Yes,Intricate,Private Collection,1382.81,1682.71
Abstract_Tina_5322,Tina Curry,0.28,Abstract,Brass,36.0,11.0,53904.0,1943,82,No,Intricate,Acquired from Artist,222.1,237.7
Classical_Cecile_5323,Cecile Brown,0.35,Classical,Wood,26.0,17.0,256.0,2004,21,Yes,Expressive,Gallery Exhibition,4.13,6.48
Minimalist_Odell_5324,Odell Mellin,0.61,Minimalist,Clay,14.0,7.0,,1980,45,Yes,Elegant,Auctioned in London,3.33,4.8
Renaissance_Williams_5325,Williams Linkous,0.96,Renaissance,Clay,29.0,8.0,1628.0,1906,119,No,Minimal,Gallery Exhibition,5.15,6.34
Modern_Marty_5326,Marty Icardo,0.52,Modern,Bronze,10.0,5.0,897.0,1873,152,No,Rustic,Acquired from Artist,4.31,5.13
Renaissance_Cheryl_5327,Cheryl Mcdaniel,0.11,Renaissance,Brass,36.0,,40246.0,1962,63,Yes,Expressive,Auctioned in New York,87.28,80.11
Renaissance_Regina_5328,Regina Martin,0.12,Renaissance,Wood,22.0,17.0,326.0,1943,82,No,Minimal,Acquired from Artist,3.84,3.54
Contemporary_Coleen_5329,Coleen Martin,0.17,Contemporary,Stone,36.0,20.0,6011455.0,1874,151,No,Elegant,Museum Deaccession,18963.33,17318.82
Baroque_Brad_5330,Brad Hill,0.71,Baroque,Brass,38.0,10.0,16984.0,1853,172,No,Polished,Gallery Exhibition,90.51,90.4
Modern_Waldo_5331,Waldo Dolan,0.37,Modern,Brass,16.0,7.0,6158.0,1881,144,No,Elegant,Private Collection,18.68,21.08
Modern_Gregory_5332,Gregory Thomas,0.16,Modern,Brass,20.0,9.0,6621.0,1855,170,No,Vibrant,Acquired from Artist,4.02,5.67
Baroque_Cecilia_5333,Cecilia Wood,0.24,Baroque,Wood,24.0,13.0,636.0,1871,154,No,Minimal,Auctioned in New York,5.15,4.77
Minimalist_Michael_5334,Michael Jauch,0.37,Minimalist,Brass,10.0,5.0,,1952,73,Yes,Intricate,Auctioned in New York,4.26,4.22
Baroque_Matthew_5335,Matthew Mccarver,0.25,Baroque,Aluminium,,19.0,4166.0,1899,126,No,Elegant,Inherited Estate,6.71,6.13
Classical_William_5336,William Anderson,0.92,Classical,Bronze,,,90.0,1854,171,No,Vibrant,Inherited Estate,4.37,4.33
Baroque_James_5337,James Nguy,0.08,Baroque,Bronze,38.0,11.0,21454.0,2002,23,Yes,Vibrant,Museum Deaccession,45.67,49.11
Baroque_Richard_5338,Richard Babena,,Baroque,Clay,16.0,6.0,237.0,1979,46,Yes,Vibrant,Private Collection,6.27,6.95
Classical_Daniel_5339,Daniel Ward,0.82,Classical,Bronze,33.0,16.0,43884.0,1901,124,No,Elegant,Auctioned in New York,131.16,171.41
Baroque_Christine_5340,Christine Marek,0.54,Baroque,Stone,5.0,5.0,3801.0,1924,101,No,Rustic,Acquired from Artist,14.16,16.01
Abstract_Lisa_5341,Lisa Cannon,,Abstract,Wood,4.0,3.0,25.0,2012,13,Yes,Vibrant,Auctioned in New York,6.02,5.54
Contemporary_Laura_5342,Laura Brennan,0.12,Contemporary,Bronze,18.0,14.0,15324.0,1908,117,No,Intricate,Museum Deaccession,11.56,11.03
Baroque_Omar_5343,Omar Wallis,0.39,Baroque,Stone,27.0,9.0,527301.0,1915,110,No,Intricate,Museum Deaccession,545.35,546.89
Classical_Angeline_5344,Angeline Eilers,0.0,Classical,Marble,39.0,7.0,166214.0,1993,32,Yes,Vibrant,Auctioned in London,254.93,239.52
Minimalist_James_5345,James Wood,,Minimalist,Aluminium,13.0,,,2017,8,Yes,Intricate,Auctioned in London,4.5,4.68
Modern_Virgil_5346,Virgil Garcia,0.45,Modern,,18.0,,140067.0,1888,137,No,Vibrant,Private Collection,336.38,308.87
Renaissance_Alexandra_5347,Alexandra Irvin,0.14,Renaissance,Bronze,42.0,9.0,16993.0,2010,15,Yes,Rustic,Auctioned in New York,45.87,42.68
Contemporary_Lance_5348,Lance Dupes,0.64,Contemporary,Clay,31.0,8.0,2778.0,1982,43,Yes,Vibrant,Acquired from Artist,5.85,8.46
Baroque_Constance_5349,Constance Paulson,0.85,Baroque,Aluminium,33.0,16.0,2524.0,1926,99,No,Intricate,Acquired from Artist,2.63,3.61
Abstract_Travis_5350,Travis Martinez,0.69,Abstract,Wood,35.0,10.0,433.0,1905,120,No,Rustic,Private Collection,3.22,4.68
Modern_Timmy_5351,Timmy Ortiz,,Modern,Bronze,12.0,8.0,,2020,5,Yes,Elegant,Acquired from Artist,19.88,19.94
Contemporary_Gino_5352,Gino Green,0.46,Contemporary,Stone,20.0,8.0,155318.0,1980,45,Yes,Intricate,Private Collection,459.82,591.02
Classical_Marsha_5353,Marsha Jimerez,0.47,Classical,Wood,50.0,15.0,1149.0,1892,133,No,Rustic,Private Collection,3.84,5.14
Renaissance_David_5354,David Mckinney,0.58,Renaissance,Clay,8.0,5.0,209.0,1895,130,No,Polished,Gallery Exhibition,4.41,5.56
Abstract_Cecilia_5355,Cecilia Rottinghaus,,Abstract,Brass,,26.0,192042.0,1901,124,No,Minimal,Private Collection,1541.81,1503.56
Contemporary_Kimberly_5356,Kimberly Novak,0.22,Contemporary,Bronze,9.0,5.0,504.0,1996,29,Yes,Vibrant,Inherited Estate,4.0,4.16
Minimalist_Holly_5357,Holly Holt,0.17,Minimalist,Bronze,17.0,6.0,1388.0,1970,55,Yes,Rustic,Auctioned in London,3.78,5.04
Minimalist_Joan_5358,Joan Robinson,0.15,Minimalist,Bronze,13.0,8.0,2800.0,1942,83,No,Expressive,Inherited Estate,4.01,6.32
Abstract_James_5359,James Hood,0.33,Abstract,Bronze,44.0,15.0,35810.0,2019,6,Yes,Intricate,Private Collection,98.77,94.7
Renaissance_Leland_5360,Leland Olson,0.09,Renaissance,Clay,25.0,9.0,1898.0,1886,139,No,Polished,Auctioned in New York,3.76,6.03
Classical_Anthony_5361,Anthony Steward,0.05,Classical,Bronze,24.0,7.0,5089.0,2016,9,Yes,Intricate,Museum Deaccession,2.98,3.0
Baroque_Ronald_5362,Ronald Bellew,0.77,Baroque,Clay,12.0,6.0,551.0,1952,73,Yes,Minimal,Private Collection,3.6,3.85
Contemporary_Harold_5363,Harold Mccauley,0.75,Contemporary,Bronze,11.0,7.0,1635.0,1897,128,No,Intricate,Private Collection,5.87,6.6
Contemporary_Eric_5364,Eric Hughes,0.89,Contemporary,Brass,19.0,14.0,25842.0,1924,101,No,Elegant,Auctioned in London,21.87,32.16
Contemporary_Paul_5365,Paul Rangel,0.04,Contemporary,Marble,42.0,15.0,2603197.0,1968,57,Yes,Polished,Acquired from Artist,2419.29,2560.02
Modern_Winnie_5366,Winnie Goatley,0.99,Modern,Aluminium,31.0,15.0,,1857,168,No,Polished,Museum Deaccession,5.07,6.74
Minimalist_Ashly_5367,Ashly Hussey,0.17,Minimalist,Marble,29.0,6.0,53527.0,1981,44,Yes,Elegant,Gallery Exhibition,89.07,84.75
Contemporary_George_5368,George Kelley,0.15,Contemporary,Wood,23.0,7.0,348.0,1942,83,No,Elegant,Gallery Exhibition,3.77,5.13
Renaissance_Jamaal_5369,Jamaal Harrison,0.4,Renaissance,Marble,25.0,11.0,456266.0,1904,121,No,Elegant,Auctioned in London,676.06,654.16
Abstract_Pearl_5370,Pearl Harrod,,Abstract,Marble,8.0,5.0,,1880,145,No,Rustic,Gallery Exhibition,4.63,5.66
Contemporary_Theodore_5371,Theodore Williams,0.47,Contemporary,Wood,8.0,5.0,48.0,1914,111,No,Expressive,Private Collection,2.97,3.25
Minimalist_Dwain_5372,Dwain Greer,0.66,Minimalist,Clay,4.0,,,1904,121,No,Minimal,Auctioned in London,3.35,3.47
Renaissance_John_5373,John Timmer,0.52,Renaissance,Marble,,8.0,,1956,69,Yes,Elegant,Gallery Exhibition,41.24,46.61
Modern_Phyllis_5374,Phyllis Allen,,Modern,Wood,7.0,,,2004,21,Yes,Expressive,Auctioned in London,4.72,6.0
Contemporary_Harvey_5375,Harvey Clore,0.02,Contemporary,Marble,33.0,6.0,207038.0,1942,83,No,Polished,Auctioned in London,94.98,115.75
Modern_Charlotte_5376,Charlotte Orr,0.17,Modern,Aluminium,,7.0,992.0,1967,58,Yes,Vibrant,Auctioned in New York,4.95,6.11
Modern_Allen_5377,Allen Salyer,0.08,Modern,Wood,22.0,8.0,,1947,78,No,Vibrant,Auctioned in London,4.16,5.57
Abstract_Michelle_5378,Michelle Bentley,0.04,Abstract,Stone,5.0,3.0,445.0,1986,39,Yes,Polished,Inherited Estate,1.99,3.27
Modern_Latrina_5379,Latrina Mead,,Modern,,,7.0,1108.0,1954,71,Yes,Polished,Inherited Estate,7.15,6.57
Contemporary_Alma_5380,Alma Martinez,0.02,Contemporary,Brass,3.0,2.0,18.0,1930,95,No,Vibrant,Auctioned in New York,4.83,4.52
Minimalist_Clayton_5381,Clayton George,0.41,Minimalist,Stone,3.0,2.0,39.0,1890,135,No,Elegant,Gallery Exhibition,6.78,6.26
Baroque_Gregory_5382,Gregory Wood,0.49,Baroque,Wood,40.0,16.0,867.0,1967,58,Yes,Polished,Inherited Estate,4.48,6.21
Renaissance_Virginia_5383,Virginia Sawyer,0.37,Renaissance,Brass,9.0,,,1987,38,Yes,Polished,Auctioned in New York,5.81,5.59
Abstract_Lillian_5384,Lillian Johns,0.88,Abstract,Brass,46.0,8.0,42468.0,1904,121,No,Minimal,Acquired from Artist,38.4,49.28
Contemporary_Shirley_5385,Shirley Hamilton,0.29,Contemporary,Stone,7.0,5.0,6193.0,1981,44,Yes,Expressive,Museum Deaccession,12.13,16.63
Classical_James_5386,James Hampshire,0.01,Classical,Marble,23.0,6.0,107598.0,1969,56,Yes,Elegant,Auctioned in London,88.24,93.61
Minimalist_David_5387,David Aldredge,0.35,Minimalist,Stone,18.0,7.0,96206.0,1853,172,No,Minimal,Acquired from Artist,141.1,164.53
Minimalist_Nancy_5388,Nancy Arnold,0.6,Minimalist,Wood,23.0,10.0,380.0,2014,11,Yes,Vibrant,Museum Deaccession,2.58,3.73
Modern_Eric_5389,Eric Mcfadden,0.19,Modern,Marble,28.0,6.0,,1962,63,Yes,Intricate,Inherited Estate,200.77,194.33
Contemporary_Linda_5390,Linda Pugh,0.19,Contemporary,Stone,,7.0,126928.0,1859,166,No,Vibrant,Auctioned in New York,85.42,87.62
Minimalist_Frank_5391,Frank Lopez,,Minimalist,Stone,31.0,17.0,4670755.0,1899,126,No,Expressive,Auctioned in New York,3279.15,4227.34
Baroque_Emily_5392,Emily Lieber,0.23,Baroque,Stone,11.0,7.0,48671.0,1964,61,Yes,Minimal,Private Collection,73.95,68.45
Baroque_Wilma_5393,Wilma Young,0.85,Baroque,Stone,,14.0,1258979.0,2011,14,Yes,Intricate,Museum Deaccession,12445.45,12289.89
Abstract_Mildred_5394,Mildred Allison,0.7,Abstract,Marble,6.0,4.0,1983.0,1857,168,No,Expressive,Auctioned in New York,4.31,5.39
Abstract_David_5395,David Goings,0.76,Abstract,Bronze,32.0,8.0,15816.0,1858,167,No,Intricate,Gallery Exhibition,7.74,10.87
Modern_Jamie_5396,Jamie Roper,0.94,Modern,Aluminium,,9.0,791.0,2004,21,Yes,Polished,Auctioned in London,2.8,3.23
Classical_Mary_5397,Mary Stewart,0.16,Classical,Clay,35.0,15.0,8209.0,1869,156,No,Vibrant,Auctioned in London,3.74,5.25
Renaissance_Sara_5398,Sara Speck,0.25,Renaissance,Aluminium,38.0,16.0,3809.0,1927,98,No,Minimal,Private Collection,2.48,3.03
Classical_David_5399,David Shulz,0.38,Classical,Brass,14.0,8.0,7593.0,1986,39,Yes,Vibrant,Museum Deaccession,24.48,22.93
Minimalist_Anne_5400,Anne Quarles,0.19,Minimalist,Brass,32.0,15.0,,1990,35,Yes,Expressive,Private Collection,136.79,169.06
Baroque_Ann_5401,Ann Shipton,0.97,Baroque,Aluminium,6.0,5.0,108.0,2008,17,Yes,Polished,Private Collection,4.41,5.15
Minimalist_Graham_5402,Graham Macquarrie,0.3,Minimalist,Marble,26.0,11.0,241037.0,1890,135,No,Polished,Museum Deaccession,319.16,500.38
Baroque_Kevin_5403,Kevin Brown,0.17,Baroque,Wood,36.0,16.0,676.0,2006,19,Yes,Polished,Inherited Estate,4.46,5.56
Contemporary_Ray_5404,Ray Gonzalez,0.9,Contemporary,Bronze,27.0,,23226.0,1911,114,No,Vibrant,Museum Deaccession,61.33,56.51
Modern_Jennifer_5405,Jennifer Kubiszewski,0.98,Modern,,,6.0,1340.0,1892,133,No,Intricate,Auctioned in New York,6.69,7.79
Contemporary_Brenda_5406,Brenda Herzberg,0.1,Contemporary,Brass,17.0,9.0,7157.0,1940,85,No,Polished,Gallery Exhibition,13.38,12.27
Modern_Elizabeth_5407,Elizabeth Maes,0.94,Modern,Clay,27.0,20.0,9122.0,1950,75,No,Expressive,Museum Deaccession,14.79,22.21
Minimalist_Elvira_5408,Elvira Ruff,0.24,Minimalist,,14.0,7.0,42902.0,1933,92,No,Minimal,Acquired from Artist,112.25,162.03
Baroque_Joseph_5409,Joseph Washington,0.68,Baroque,Stone,45.0,24.0,23884847.0,1868,157,No,Minimal,Gallery Exhibition,38452.03,54663.48
Baroque_Cynthia_5410,Cynthia Walden,0.6,Baroque,Aluminium,11.0,6.0,132.0,1973,52,Yes,Elegant,Gallery Exhibition,6.96,6.55
Abstract_Ralph_5411,Ralph Yeatts,0.09,Abstract,Brass,30.0,15.0,46855.0,1943,82,No,Vibrant,Gallery Exhibition,54.3,74.06
Classical_Leah_5412,Leah Kelly,0.98,Classical,Marble,23.0,12.0,384282.0,1919,106,No,Rustic,Museum Deaccession,2516.23,3558.24
Abstract_Diane_5413,Diane Robinson,0.43,Abstract,Stone,16.0,6.0,55498.0,1943,82,No,Vibrant,Auctioned in London,90.65,139.06
Classical_Flora_5414,Flora Spencer,0.16,Classical,,15.0,6.0,535.0,1897,128,No,Rustic,Acquired from Artist,2.92,3.93
Contemporary_Kelly_5415,Kelly Harden,0.28,Contemporary,,33.0,7.0,,1904,121,No,Elegant,Auctioned in New York,5.28,6.69
Classical_Alejandro_5416,Alejandro Rodriguez,,Classical,Aluminium,23.0,,819.0,1998,27,Yes,Rustic,Private Collection,5.54,5.69
Modern_Martin_5417,Martin Rundlett,0.26,Modern,Bronze,4.0,3.0,36.0,1902,123,No,Minimal,Private Collection,2.64,3.96
Contemporary_Richard_5418,Richard Maldonado,0.68,Contemporary,Aluminium,21.0,,1578.0,1990,35,Yes,Elegant,Gallery Exhibition,3.08,4.64
Baroque_Mark_5419,Mark Guajardo,0.9,Baroque,Wood,23.0,13.0,433.0,1929,96,No,Rustic,Acquired from Artist,6.07,5.85
Abstract_Ann_5420,Ann Menden,0.92,Abstract,Wood,8.0,4.0,55.0,1850,175,No,Intricate,Gallery Exhibition,5.53,6.89
Classical_Guadalupe_5421,Guadalupe Welch,0.07,Classical,Clay,10.0,5.0,302.0,1947,78,No,Elegant,Auctioned in New York,2.59,3.65
Classical_Jeffrey_5422,Jeffrey Marino,0.11,Classical,Marble,16.0,8.0,50207.0,1925,100,No,Intricate,Gallery Exhibition,30.77,30.19
Baroque_Steven_5423,Steven Smith,0.72,Baroque,Brass,37.0,19.0,107958.0,1867,158,No,Polished,Gallery Exhibition,339.69,443.38
Minimalist_Dwight_5424,Dwight Robertson,0.55,Minimalist,Wood,31.0,11.0,356.0,1979,46,Yes,Polished,Acquired from Artist,4.13,4.08
Abstract_Ronald_5425,Ronald Siano,0.3,Abstract,Wood,,7.0,63.0,1865,160,No,Polished,Auctioned in London,5.58,5.38
Abstract_Brandy_5426,Brandy Marler,0.54,Abstract,,16.0,6.0,5249.0,1993,32,Yes,Intricate,Auctioned in New York,6.91,9.34
Renaissance_Jimmy_5427,Jimmy Beck,0.72,Renaissance,Bronze,12.0,6.0,1008.0,1930,95,No,Expressive,Acquired from Artist,4.42,4.61
Minimalist_Alice_5428,Alice Peterson,0.41,Minimalist,Wood,13.0,6.0,153.0,1960,65,Yes,Vibrant,Inherited Estate,5.31,5.26
Renaissance_Gary_5429,Gary Benway,0.39,Renaissance,Brass,39.0,,,1892,133,No,Elegant,Inherited Estate,719.98,1066.13
Contemporary_Linda_5430,Linda Silvis,0.46,Contemporary,Clay,16.0,7.0,786.0,1963,62,Yes,Intricate,Auctioned in London,5.07,6.73
Abstract_Milton_5431,Milton Boyer,0.84,Abstract,Marble,,22.0,2358378.0,1886,139,No,Minimal,Inherited Estate,10338.3,10899.28
Classical_Yolanda_5432,Yolanda Paynter,0.64,Classical,Stone,17.0,9.0,203488.0,1941,84,No,Elegant,Inherited Estate,398.03,468.2
Baroque_Robert_5433,Robert Oddi,0.81,Baroque,Clay,32.0,11.0,2431.0,1852,173,No,Minimal,Inherited Estate,5.53,7.12
Baroque_Thelma_5434,Thelma Vandenberg,,Baroque,,6.0,5.0,,1929,96,No,Rustic,Inherited Estate,4.62,5.43
Minimalist_Catherine_5435,Catherine Markham,0.27,Minimalist,Stone,15.0,8.0,132045.0,1981,44,Yes,Rustic,Auctioned in London,279.18,436.91
Minimalist_Sheryl_5436,Sheryl Mccann,0.64,Minimalist,Wood,15.0,8.0,155.0,1868,157,No,Minimal,Gallery Exhibition,3.55,4.15
Renaissance_Kristi_5437,Kristi Carr,0.75,Renaissance,Brass,41.0,11.0,73981.0,1999,26,Yes,Vibrant,Auctioned in London,581.17,660.15
Contemporary_Emily_5438,Emily Bank,0.4,Contemporary,Brass,26.0,10.0,15590.0,1950,75,No,Intricate,Auctioned in London,18.09,22.03
Baroque_Stacy_5439,Stacy Benton,0.4,Baroque,Marble,8.0,4.0,3601.0,1964,61,Yes,Intricate,Auctioned in New York,14.92,22.32
Classical_Margaret_5440,Margaret Cole,0.59,Classical,Bronze,24.0,6.0,,1862,163,No,Expressive,Private Collection,30.03,41.41
Modern_Lee_5441,Lee Thomas,,Modern,,53.0,12.0,4695.0,1955,70,Yes,Vibrant,Auctioned in New York,10.86,9.98
Baroque_Janet_5442,Janet West,0.55,Baroque,Marble,14.0,7.0,48791.0,1876,149,No,Elegant,Gallery Exhibition,274.78,396.47
Baroque_Ralph_5443,Ralph Ray,,Baroque,Wood,9.0,5.0,58.0,1967,58,Yes,Polished,Auctioned in New York,3.39,4.99
Renaissance_Francisco_5444,Francisco Thal,0.65,Renaissance,Wood,41.0,10.0,508.0,1942,83,No,Rustic,Acquired from Artist,4.1,6.27
Abstract_Michael_5445,Michael Wilkins,0.77,Abstract,Clay,28.0,13.0,4900.0,1968,57,Yes,Polished,Auctioned in London,20.29,28.02
Contemporary_Gwendolyn_5446,Gwendolyn Sandell,0.1,Contemporary,Aluminium,17.0,6.0,293.0,1978,47,Yes,Vibrant,Private Collection,3.78,5.54
Baroque_David_5447,David Greene,0.02,Baroque,,22.0,11.0,507115.0,2017,8,Yes,Intricate,Acquired from Artist,1055.81,1262.01
Classical_Tamika_5448,Tamika Robinson,0.25,Classical,Stone,14.0,6.0,41940.0,1985,40,Yes,Elegant,Acquired from Artist,119.84,109.61
Modern_Gertrude_5449,Gertrude Sterry,0.63,Modern,Wood,16.0,6.0,145.0,2008,17,Yes,Expressive,Auctioned in New York,2.52,3.89
Abstract_Jennifer_5450,Jennifer Binder,0.39,Abstract,Clay,57.0,36.0,21456.0,1966,59,Yes,Expressive,Private Collection,24.24,22.79
Abstract_Cindy_5451,Cindy Norley,0.84,Abstract,Brass,26.0,10.0,11491.0,2010,15,Yes,Intricate,Acquired from Artist,24.29,27.58
Modern_Opal_5452,Opal Grubbs,,Modern,Stone,12.0,6.0,28674.0,1883,142,No,Vibrant,Acquired from Artist,14.83,20.63
Renaissance_James_5453,James Means,0.49,Renaissance,Stone,40.0,16.0,8385994.0,1988,37,Yes,Polished,Auctioned in New York,11791.59,14458.96
Minimalist_Stephanie_5454,Stephanie Sanchez,0.17,Minimalist,Wood,18.0,6.0,166.0,1851,174,No,Expressive,Inherited Estate,3.22,3.76
Contemporary_Joan_5455,Joan Holliday,,Contemporary,,28.0,11.0,13565.0,1933,92,No,Polished,Gallery Exhibition,16.68,21.01
Minimalist_Daniel_5456,Daniel Schlau,0.78,Minimalist,Aluminium,24.0,7.0,591.0,1862,163,No,Vibrant,Acquired from Artist,3.38,4.33
Baroque_Joshua_5457,Joshua Wilson,0.36,Baroque,Marble,15.0,7.0,30563.0,1879,146,No,Expressive,Auctioned in London,48.08,57.01
Minimalist_Edward_5458,Edward Thompson,0.04,Minimalist,Wood,13.0,7.0,123.0,2019,6,Yes,Elegant,Auctioned in New York,3.68,3.92
Classical_William_5459,William Winograd,,Classical,Brass,3.0,2.0,,1874,151,No,Vibrant,Private Collection,4.8,6.12
Contemporary_Gregory_5460,Gregory Robinson,0.14,Contemporary,Bronze,22.0,8.0,3387.0,1986,39,Yes,Polished,Inherited Estate,4.05,5.84
Abstract_Devon_5461,Devon Antillon,0.5,Abstract,Stone,39.0,6.0,923841.0,1969,56,Yes,Elegant,Acquired from Artist,2794.82,3926.8
Classical_Christopher_5462,Christopher Moro,0.39,Classical,Marble,4.0,4.0,291.0,1882,143,No,Intricate,Auctioned in New York,3.4,3.74
Abstract_Walter_5463,Walter Patterson,,Abstract,Marble,17.0,11.0,126770.0,1900,125,No,Minimal,Auctioned in London,370.18,533.85
Contemporary_Jeanette_5464,Jeanette Gonzalez,0.29,Contemporary,Brass,4.0,4.0,217.0,1894,131,No,Vibrant,Private Collection,4.77,4.89
Baroque_Lucretia_5465,Lucretia Bordelon,0.23,Baroque,Clay,20.0,8.0,1089.0,1916,109,No,Expressive,Private Collection,2.17,3.27
Baroque_Maria_5466,Maria Jeske,,Baroque,Brass,23.0,7.0,,1982,43,Yes,Polished,Gallery Exhibition,35.47,33.77
Contemporary_Bert_5467,Bert Bradstreet,0.71,Contemporary,Marble,8.0,4.0,2573.0,1857,168,No,Expressive,Acquired from Artist,5.03,7.49
Abstract_Tracy_5468,Tracy Anderson,,Abstract,,36.0,13.0,35021.0,1923,102,No,Vibrant,Acquired from Artist,113.13,130.23
Modern_George_5469,George Hachey,0.9,Modern,Clay,11.0,6.0,401.0,2017,8,Yes,Expressive,Inherited Estate,3.49,4.28
Minimalist_Sadie_5470,Sadie Phillips,,Minimalist,Clay,13.0,8.0,428.0,1912,113,No,Intricate,Auctioned in New York,5.16,6.45
Minimalist_Allen_5471,Allen Johnson,0.48,Minimalist,Bronze,30.0,11.0,11623.0,1938,87,No,Rustic,Acquired from Artist,7.72,12.85
Renaissance_Neil_5472,Neil Voss,0.2,Renaissance,Brass,7.0,5.0,451.0,1909,116,No,Intricate,Museum Deaccession,5.18,6.75
Renaissance_Van_5473,Van Crosson,0.56,Renaissance,Wood,24.0,,413.0,1860,165,No,Vibrant,Private Collection,7.02,6.99
Minimalist_Mary_5474,Mary Sease,0.3,Minimalist,Stone,9.0,4.0,4258.0,1934,91,No,Expressive,Inherited Estate,6.83,7.69
Contemporary_Steve_5475,Steve Blevins,0.54,Contemporary,Brass,12.0,8.0,5858.0,1912,113,No,Polished,Private Collection,18.4,16.93
Classical_Phillip_5476,Phillip Oneil,0.38,Classical,Marble,15.0,6.0,20659.0,1975,50,Yes,Expressive,Acquired from Artist,136.4,133.3
Baroque_James_5477,James Jelinek,0.34,Baroque,,23.0,9.0,667.0,1974,51,Yes,Elegant,Inherited Estate,2.24,3.66
Classical_Kelly_5478,Kelly Reynolds,0.96,Classical,Stone,21.0,11.0,351741.0,1954,71,Yes,Intricate,Inherited Estate,1922.34,2935.93
Baroque_Lois_5479,Lois Lind,0.49,Baroque,Bronze,28.0,11.0,14427.0,1940,85,No,Rustic,Auctioned in London,47.68,48.75
Classical_Virginia_5480,Virginia Mcgee,0.47,Classical,Stone,35.0,14.0,3398653.0,1923,102,No,Polished,Acquired from Artist,6659.2,7870.75
Baroque_Kim_5481,Kim Clyde,0.28,Baroque,Clay,26.0,15.0,6420.0,1989,36,Yes,Intricate,Private Collection,19.67,18.25
Contemporary_Robert_5482,Robert Gonzalez,0.07,Contemporary,Stone,31.0,,910916.0,1989,36,Yes,Elegant,Auctioned in London,761.15,814.89
Renaissance_Thomas_5483,Thomas Gilbert,0.15,Renaissance,Bronze,13.0,7.0,1335.0,1996,29,Yes,Expressive,Private Collection,3.5,3.58
Renaissance_Adriana_5484,Adriana Petersen,0.26,Renaissance,Marble,25.0,8.0,196248.0,1916,109,No,Rustic,Auctioned in New York,205.29,212.71
Renaissance_Esther_5485,Esther Gonzales,0.7,Renaissance,Stone,33.0,,1255108.0,1972,53,Yes,Polished,Private Collection,7765.76,9366.86
Renaissance_Chin_5486,Chin Bridges,0.38,Renaissance,Bronze,19.0,9.0,4554.0,1945,80,No,Expressive,Museum Deaccession,13.73,14.64
Renaissance_Alejandrina_5487,Alejandrina Massey,,Renaissance,Wood,40.0,15.0,961.0,1889,136,No,Elegant,Private Collection,4.53,4.28
Renaissance_David_5488,David Collins,0.64,Renaissance,Marble,48.0,20.0,6887736.0,1896,129,No,Minimal,Museum Deaccession,25655.25,39736.29
Modern_Delphia_5489,Delphia Moreta,,Modern,Clay,42.0,18.0,5194.0,1949,76,No,Vibrant,Inherited Estate,15.16,18.15
Renaissance_Courtney_5490,Courtney Myers,0.81,Renaissance,Bronze,9.0,5.0,1100.0,1933,92,No,Expressive,Museum Deaccession,3.96,6.0
Classical_Henry_5491,Henry Bellantoni,0.39,Classical,Marble,34.0,12.0,799552.0,1921,104,No,Intricate,Auctioned in New York,709.92,869.68
Renaissance_Terrance_5492,Terrance Ashby,0.83,Renaissance,Aluminium,15.0,6.0,372.0,1981,44,Yes,Elegant,Auctioned in London,3.33,4.15
Abstract_Dorathy_5493,Dorathy Kath,0.64,Abstract,Stone,16.0,8.0,100308.0,1965,60,Yes,Minimal,Auctioned in New York,78.38,117.87
Contemporary_Leroy_5494,Leroy Wallis,0.17,Contemporary,Stone,,20.0,4760582.0,1909,116,No,Polished,Gallery Exhibition,11363.99,15266.1
Contemporary_Chester_5495,Chester Jones,0.87,Contemporary,Aluminium,26.0,12.0,1754.0,1973,52,Yes,Rustic,Acquired from Artist,6.29,6.03
Renaissance_Rodney_5496,Rodney Wilkerson,,Renaissance,Aluminium,32.0,16.0,3652.0,1908,117,No,Vibrant,Auctioned in New York,17.07,18.53
Classical_Margaret_5497,Margaret Rowe,0.56,Classical,Bronze,29.0,8.0,10931.0,1990,35,Yes,Elegant,Auctioned in New York,9.88,14.11
Baroque_William_5498,William Aaron,0.23,Baroque,Aluminium,8.0,5.0,134.0,1921,104,No,Elegant,Inherited Estate,4.75,4.66
Classical_Doris_5499,Doris Watson,0.44,Classical,Marble,17.0,9.0,110941.0,1881,144,No,Expressive,Private Collection,233.82,364.32
Abstract_Lawrence_5500,Lawrence Peltz,,Abstract,,38.0,15.0,1997294.0,1977,48,Yes,Intricate,Auctioned in New York,4692.39,7771.15
Classical_Jennifer_5501,Jennifer Bell,0.16,Classical,Wood,18.0,11.0,99.0,1977,48,Yes,Intricate,Inherited Estate,2.83,4.19
Renaissance_William_5502,William Nicholson,0.35,Renaissance,Wood,19.0,14.0,545.0,1999,26,Yes,Rustic,Auctioned in New York,2.36,3.84
Classical_Willa_5503,Willa Palmquist,,Classical,Stone,34.0,10.0,1343791.0,1909,116,No,Polished,Auctioned in New York,3547.17,5117.29
Renaissance_Terri_5504,Terri Whitaker,0.57,Renaissance,Brass,22.0,14.0,30791.0,1908,117,No,Expressive,Gallery Exhibition,134.9,169.5
Renaissance_Calvin_5505,Calvin Wrenn,0.66,Renaissance,Aluminium,12.0,6.0,423.0,1866,159,No,Elegant,Private Collection,7.47,6.88
Contemporary_Denise_5506,Denise Douglas,,Contemporary,Stone,36.0,17.0,4737505.0,1989,36,Yes,Polished,Acquired from Artist,7713.23,9584.47
Modern_Toni_5507,Toni Carhart,0.61,Modern,Stone,29.0,10.0,418256.0,1883,142,No,Minimal,Gallery Exhibition,1518.45,2016.98
Modern_Frances_5508,Frances Destephen,0.84,Modern,Stone,10.0,4.0,9592.0,1928,97,No,Expressive,Private Collection,54.28,53.06
Contemporary_Verdie_5509,Verdie Hamlin,,Contemporary,Clay,11.0,8.0,421.0,1901,124,No,Elegant,Acquired from Artist,2.09,3.26
Baroque_Patricia_5510,Patricia Cortez,0.89,Baroque,Bronze,27.0,18.0,40389.0,1986,39,Yes,Vibrant,Auctioned in New York,118.23,119.95
Baroque_Lance_5511,Lance Ferro,0.21,Baroque,Aluminium,17.0,6.0,538.0,1930,95,No,Minimal,Private Collection,4.65,5.95
Minimalist_Jeff_5512,Jeff Morrison,0.86,Minimalist,,47.0,12.0,,1991,34,Yes,Expressive,Auctioned in London,52.26,63.71
Modern_Helen_5513,Helen Minton,0.87,Modern,Marble,27.0,15.0,883259.0,1913,112,No,Polished,Private Collection,2583.43,3739.36
Minimalist_Mary_5514,Mary Dunn,0.15,Minimalist,Brass,49.0,22.0,171754.0,1926,99,No,Vibrant,Auctioned in London,103.24,96.15
Modern_Sharon_5515,Sharon Baker,0.19,Modern,Clay,40.0,20.0,9983.0,1954,71,Yes,Polished,Museum Deaccession,26.71,43.06
Renaissance_Edward_5516,Edward Towle,0.07,Renaissance,Aluminium,13.0,8.0,131.0,2011,14,Yes,Elegant,Auctioned in London,7.36,6.8
Baroque_Donnie_5517,Donnie Mitchell,0.23,Baroque,Stone,14.0,6.0,16635.0,1916,109,No,Polished,Auctioned in New York,8.54,13.98
Abstract_Chanda_5518,Chanda Scarborough,,Abstract,Stone,28.0,11.0,1301274.0,2016,9,Yes,Rustic,Acquired from Artist,4244.3,5713.56
Modern_Mario_5519,Mario Zierenberg,,Modern,Brass,28.0,7.0,11501.0,1870,155,No,Intricate,Auctioned in London,79.76,127.3
Classical_Cory_5520,Cory Rodarte,0.29,Classical,Stone,34.0,13.0,2166915.0,1892,133,No,Minimal,Auctioned in London,6847.21,7142.87
Baroque_Janie_5521,Janie Castaneda,0.42,Baroque,Wood,22.0,14.0,386.0,1910,115,No,Intricate,Museum Deaccession,3.8,5.08
Baroque_William_5522,William Miller,0.68,Baroque,Brass,14.0,8.0,4407.0,1988,37,Yes,Rustic,Auctioned in London,23.82,23.29
Classical_Mari_5523,Mari Bouthillette,0.19,Classical,Brass,35.0,21.0,89371.0,1879,146,No,Intricate,Private Collection,200.33,194.63
Contemporary_Virginia_5524,Virginia Turner,0.45,Contemporary,Stone,22.0,9.0,474405.0,1856,169,No,Rustic,Auctioned in London,1200.46,1506.86
Classical_James_5525,James Cox,0.9,Classical,Aluminium,45.0,13.0,3030.0,1997,28,Yes,Intricate,Inherited Estate,33.86,33.56
Modern_Donna_5526,Donna Stump,0.79,Modern,Aluminium,31.0,26.0,5000.0,1909,116,No,Vibrant,Gallery Exhibition,6.2,7.59
Minimalist_Jeff_5527,Jeff Bixby,0.31,Minimalist,Clay,3.0,3.0,33.0,2020,5,Yes,Intricate,Auctioned in London,5.98,5.9
Abstract_Ernest_5528,Ernest Ewing,0.96,Abstract,Stone,32.0,15.0,1641728.0,2018,7,Yes,Expressive,Auctioned in London,2179.27,3093.07
Baroque_Rebecca_5529,Rebecca Heard,0.62,Baroque,Marble,10.0,4.0,6536.0,1877,148,No,Rustic,Gallery Exhibition,18.21,21.41
Classical_Scotty_5530,Scotty Williams,0.07,Classical,Clay,13.0,6.0,367.0,1870,155,No,Intricate,Private Collection,2.62,3.15
Baroque_Charles_5531,Charles Silcox,0.25,Baroque,Wood,11.0,7.0,68.0,1979,46,Yes,Intricate,Acquired from Artist,2.81,4.32
Contemporary_Edna_5532,Edna Castle,0.31,Contemporary,Stone,3.0,3.0,303.0,2013,12,Yes,Expressive,Auctioned in New York,6.27,6.46
Minimalist_Kelly_5533,Kelly Jules,0.45,Minimalist,Wood,25.0,7.0,332.0,1951,74,Yes,Polished,Gallery Exhibition,2.95,3.96
Classical_Beverly_5534,Beverly Hendrickson,0.46,Classical,Aluminium,17.0,7.0,649.0,1922,103,No,Polished,Private Collection,6.37,6.73
Modern_Jimmy_5535,Jimmy Vanscooter,0.04,Modern,Wood,27.0,6.0,293.0,1877,148,No,Intricate,Auctioned in New York,2.73,3.35
Abstract_Kenneth_5536,Kenneth Gerecke,0.8,Abstract,,28.0,11.0,692258.0,1919,106,No,Expressive,Museum Deaccession,2353.38,2688.9
Renaissance_Valarie_5537,Valarie Danielson,0.29,Renaissance,Clay,,11.0,2404.0,1878,147,No,Polished,Acquired from Artist,7.31,7.58
Contemporary_Colin_5538,Colin Ouellette,0.15,Contemporary,,11.0,6.0,872.0,1993,32,Yes,Polished,Inherited Estate,3.22,3.28
Classical_Pat_5539,Pat Mauriello,0.5,Classical,Brass,38.0,19.0,,1890,135,No,Vibrant,Private Collection,728.26,801.42
Renaissance_Cruz_5540,Cruz Schumann,,Renaissance,Aluminium,15.0,7.0,574.0,1926,99,No,Expressive,Inherited Estate,7.31,6.78
Renaissance_Jo_5541,Jo Martinez,0.85,Renaissance,Brass,13.0,7.0,3996.0,1957,68,Yes,Rustic,Acquired from Artist,31.7,38.03
Baroque_John_5542,John Buchanan,,Baroque,Bronze,22.0,16.0,12204.0,1983,42,Yes,Vibrant,Auctioned in London,5.19,5.36
Abstract_Fannie_5543,Fannie Kinley,,Abstract,Bronze,37.0,15.0,,1964,61,Yes,Elegant,Inherited Estate,100.62,92.09
Baroque_Lakisha_5544,Lakisha Burklow,0.59,Baroque,Aluminium,27.0,,365.0,1909,116,No,Vibrant,Gallery Exhibition,3.4,3.8
Abstract_Ashely_5545,Ashely Hilser,0.78,Abstract,Clay,9.0,4.0,147.0,1890,135,No,Polished,Auctioned in London,4.01,5.98
Minimalist_Deborah_5546,Deborah Garcia,0.31,Minimalist,Brass,31.0,6.0,16025.0,1918,107,No,Vibrant,Auctioned in New York,58.73,54.26
Renaissance_Gregory_5547,Gregory Miller,0.54,Renaissance,Brass,14.0,8.0,4851.0,1916,109,No,Polished,Auctioned in London,14.92,15.11
Baroque_Ivey_5548,Ivey White,0.79,Baroque,Marble,18.0,8.0,37164.0,1955,70,Yes,Vibrant,Auctioned in New York,145.12,195.4
Classical_Mark_5549,Mark Wilkerson,0.1,Classical,Marble,4.0,4.0,568.0,1973,52,Yes,Vibrant,Acquired from Artist,5.07,5.77
Renaissance_Latoya_5550,Latoya Romero,0.15,Renaissance,Stone,18.0,6.0,84383.0,1854,171,No,Rustic,Museum Deaccession,211.59,201.25
Abstract_Jason_5551,Jason Abbott,0.24,Abstract,Stone,39.0,12.0,2252759.0,2018,7,Yes,Minimal,Museum Deaccession,2019.97,2899.8
Minimalist_Ross_5552,Ross Weidler,0.23,Minimalist,Bronze,31.0,23.0,70415.0,1885,140,No,Polished,Museum Deaccession,42.56,52.29
Modern_Sally_5553,Sally Whitmire,0.7,Modern,Brass,10.0,5.0,513.0,1879,146,No,Intricate,Inherited Estate,4.34,4.05
Contemporary_Herbert_5554,Herbert Bonenfant,0.71,Contemporary,Marble,26.0,9.0,254309.0,1907,118,No,Intricate,Auctioned in New York,154.85,164.04
Abstract_Jessie_5555,Jessie Hardwick,0.88,Abstract,Wood,22.0,9.0,355.0,1921,104,No,Polished,Acquired from Artist,4.65,5.04
Minimalist_Shirley_5556,Shirley Wyman,0.28,Minimalist,Bronze,19.0,10.0,6637.0,1994,31,Yes,Expressive,Auctioned in New York,2.75,3.56
Contemporary_Michael_5557,Michael Baer,0.5,Contemporary,Wood,12.0,7.0,127.0,1959,66,Yes,Vibrant,Auctioned in New York,5.72,6.54
Abstract_Jessie_5558,Jessie Huard,0.62,Abstract,Aluminium,25.0,,1999.0,1863,162,No,Rustic,Gallery Exhibition,11.8,14.66
Renaissance_James_5559,James Solis,0.5,Renaissance,Clay,29.0,14.0,3842.0,1932,93,No,Expressive,Private Collection,10.38,10.06
Renaissance_Michael_5560,Michael Terry,0.34,Renaissance,Marble,17.0,8.0,62782.0,1934,91,No,Vibrant,Auctioned in New York,274.41,291.17
Modern_William_5561,William Hays,0.4,Modern,Wood,12.0,6.0,97.0,1935,90,No,Intricate,Museum Deaccession,2.54,3.4
Classical_Margo_5562,Margo Brown,0.09,Classical,Wood,4.0,4.0,35.0,1908,117,No,Rustic,Inherited Estate,2.6,3.52
Baroque_Garland_5563,Garland Wright,0.81,Baroque,Aluminium,,4.0,26.0,1933,92,No,Minimal,Inherited Estate,2.81,3.42
Abstract_Mollie_5564,Mollie Edwards,0.24,Abstract,Bronze,6.0,,383.0,1884,141,No,Elegant,Private Collection,2.2,3.64
Abstract_Margaret_5565,Margaret Alton,0.83,Abstract,Bronze,25.0,15.0,24297.0,1952,73,Yes,Rustic,Gallery Exhibition,79.72,97.37
Modern_Thelma_5566,Thelma Friesner,0.75,Modern,,,17.0,5296.0,1953,72,Yes,Expressive,Gallery Exhibition,16.06,21.58
Modern_Henry_5567,Henry Salazar,0.79,Modern,Wood,,10.0,418.0,1936,89,No,Expressive,Gallery Exhibition,4.95,5.95
Renaissance_Dale_5568,Dale Aiyer,0.11,Renaissance,Brass,13.0,7.0,2656.0,1870,155,No,Elegant,Auctioned in New York,5.47,8.52
Renaissance_Robbi_5569,Robbi Bolen,0.95,Renaissance,,26.0,11.0,,1908,117,No,Elegant,Auctioned in New York,1569.01,2506.43
Renaissance_Diane_5570,Diane Meader,0.3,Renaissance,Aluminium,31.0,17.0,2879.0,1902,123,No,Elegant,Inherited Estate,8.17,7.78
Renaissance_Linda_5571,Linda Whitehouse,,Renaissance,,,5.0,403.0,1929,96,No,Rustic,Acquired from Artist,3.48,3.76
Contemporary_Christopher_5572,Christopher Enos,0.36,Contemporary,Aluminium,15.0,6.0,484.0,1939,86,No,Elegant,Gallery Exhibition,3.1,3.13
Abstract_James_5573,James White,,Abstract,Aluminium,68.0,50.0,25522.0,1943,82,No,Polished,Inherited Estate,61.77,65.07
Classical_Agnes_5574,Agnes Patton,,Classical,Marble,22.0,9.0,122223.0,1998,27,Yes,Intricate,Private Collection,108.23,129.61
Contemporary_Dennis_5575,Dennis Carter,0.24,Contemporary,Brass,12.0,6.0,2938.0,1989,36,Yes,Minimal,Inherited Estate,4.96,5.38
Baroque_Lavonne_5576,Lavonne Gilliam,0.34,Baroque,Brass,46.0,14.0,59674.0,1945,80,No,Intricate,Inherited Estate,88.4,81.41
Classical_Antionette_5577,Antionette Tsan,0.5,Classical,Stone,31.0,14.0,1889965.0,1960,65,Yes,Minimal,Inherited Estate,8840.39,9511.96
Minimalist_Perry_5578,Perry Breland,0.3,Minimalist,Bronze,15.0,7.0,3391.0,1917,108,No,Polished,Auctioned in New York,7.21,7.94
Baroque_Henry_5579,Henry Flanagan,0.73,Baroque,Aluminium,12.0,6.0,269.0,1928,97,No,Rustic,Acquired from Artist,4.11,3.78
Modern_Tessa_5580,Tessa Marino,0.02,Modern,Aluminium,23.0,13.0,1599.0,1982,43,Yes,Polished,Auctioned in New York,4.02,3.67
Minimalist_Vanessa_5581,Vanessa Duffy,0.4,Minimalist,,37.0,25.0,,1852,173,No,Intricate,Acquired from Artist,2196.31,2497.78
Modern_Betty_5582,Betty Mchenry,0.41,Modern,Wood,3.0,3.0,21.0,1864,161,No,Intricate,Museum Deaccession,2.3,3.01
Classical_Peter_5583,Peter Rojas,0.21,Classical,Wood,21.0,6.0,63.0,1979,46,Yes,Elegant,Gallery Exhibition,6.05,5.86
Renaissance_James_5584,James Forman,0.57,Renaissance,Brass,34.0,11.0,12986.0,1860,165,No,Expressive,Inherited Estate,31.9,29.53
Minimalist_Amy_5585,Amy Ritchey,0.64,Minimalist,Marble,26.0,16.0,1142844.0,1958,67,Yes,Rustic,Auctioned in London,444.41,611.64
Classical_Laura_5586,Laura Veltri,0.33,Classical,Aluminium,10.0,5.0,180.0,1963,62,Yes,Rustic,Inherited Estate,3.41,4.17
Minimalist_Elton_5587,Elton Parker,0.02,Minimalist,Aluminium,11.0,7.0,315.0,1970,55,Yes,Vibrant,Private Collection,2.44,3.75
Renaissance_Teresita_5588,Teresita Hernandez,0.05,Renaissance,,22.0,15.0,529455.0,1871,154,No,Intricate,Museum Deaccession,1051.55,1652.88
Contemporary_Teresa_5589,Teresa Small,0.25,Contemporary,Wood,30.0,17.0,653.0,1906,119,No,Polished,Auctioned in London,3.72,3.94
Minimalist_Allene_5590,Allene Werley,0.25,Minimalist,Brass,3.0,3.0,51.0,1892,133,No,Intricate,Inherited Estate,3.45,4.76
Renaissance_Kayla_5591,Kayla Turpin,0.27,Renaissance,Clay,9.0,4.0,188.0,1851,174,No,Polished,Museum Deaccession,4.58,6.64
Classical_Janna_5592,Janna Watson,,Classical,Marble,37.0,9.0,177152.0,1931,94,No,Polished,Acquired from Artist,481.79,449.01
Baroque_Nathan_5593,Nathan Dunn,0.79,Baroque,Stone,20.0,8.0,378113.0,1971,54,Yes,Minimal,Private Collection,2188.23,3401.03
Abstract_Amy_5594,Amy Wood,0.42,Abstract,Stone,26.0,7.0,498141.0,1980,45,Yes,Elegant,Private Collection,527.51,725.45
Minimalist_Pat_5595,Pat Chauncey,0.86,Minimalist,Aluminium,9.0,5.0,200.0,1941,84,No,Intricate,Auctioned in New York,5.54,5.72
Minimalist_Jessica_5596,Jessica Colpitts,0.37,Minimalist,Clay,14.0,6.0,912.0,1912,113,No,Elegant,Museum Deaccession,4.39,6.22
Classical_Shaunda_5597,Shaunda Thomas,0.56,Classical,Clay,3.0,2.0,16.0,1891,134,No,Intricate,Acquired from Artist,5.81,6.04
Renaissance_Ronald_5598,Ronald Cross,0.56,Renaissance,Aluminium,32.0,23.0,1544.0,1979,46,Yes,Polished,Auctioned in London,4.39,4.17
Classical_Harold_5599,Harold Bickham,0.97,Classical,Clay,8.0,5.0,141.0,1917,108,No,Expressive,Gallery Exhibition,3.79,6.11
Abstract_Rosemary_5600,Rosemary Sampson,0.67,Abstract,Aluminium,15.0,7.0,457.0,1862,163,No,Polished,Inherited Estate,3.16,3.49
Contemporary_Elia_5601,Elia Curry,0.68,Contemporary,Stone,12.0,6.0,46034.0,1945,80,No,Polished,Museum Deaccession,98.65,158.62
Minimalist_Mark_5602,Mark Bowden,0.44,Minimalist,Brass,,3.0,164.0,1924,101,No,Rustic,Acquired from Artist,6.35,6.41
Baroque_Gavin_5603,Gavin Porter,0.39,Baroque,,41.0,23.0,4341915.0,1925,100,No,Expressive,Auctioned in London,1266.09,1933.11
Renaissance_Ramon_5604,Ramon Davis,0.92,Renaissance,Bronze,14.0,7.0,3049.0,1913,112,No,Intricate,Private Collection,6.52,5.94
Renaissance_Thelma_5605,Thelma Dean,0.87,Renaissance,Brass,19.0,8.0,2559.0,1903,122,No,Minimal,Gallery Exhibition,13.32,16.9
Abstract_Madie_5606,Madie Stultz,0.79,Abstract,Stone,19.0,12.0,841044.0,1974,51,Yes,Rustic,Gallery Exhibition,2168.11,2675.13
Renaissance_Lisa_5607,Lisa Vega,0.2,Renaissance,Wood,29.0,11.0,254.0,1988,37,Yes,Elegant,Auctioned in London,4.52,4.86
Minimalist_Katelyn_5608,Katelyn Whitacre,0.32,Minimalist,Stone,26.0,9.0,476908.0,1972,53,Yes,Expressive,Acquired from Artist,2072.4,2552.57
Minimalist_Gerard_5609,Gerard Morales,0.23,Minimalist,Clay,20.0,11.0,2573.0,1858,167,No,Polished,Auctioned in New York,3.47,3.68
Minimalist_Ethel_5610,Ethel Smith,,Minimalist,Brass,,,76584.0,1976,49,Yes,Expressive,Auctioned in London,235.09,272.51
Minimalist_Vicky_5611,Vicky Avant,0.51,Minimalist,Marble,5.0,3.0,651.0,2019,6,Yes,Expressive,Museum Deaccession,5.94,5.84
Minimalist_April_5612,April Matlock,0.06,Minimalist,Wood,5.0,3.0,22.0,1879,146,No,Expressive,Gallery Exhibition,6.07,6.1
Contemporary_Hope_5613,Hope Haines,0.8,Contemporary,Clay,17.0,8.0,1543.0,1868,157,No,Polished,Auctioned in London,9.01,13.67
Contemporary_Mary_5614,Mary Burruss,,Contemporary,,37.0,17.0,3963.0,1986,39,Yes,Intricate,Private Collection,9.97,13.05
Baroque_Beaulah_5615,Beaulah Ledoux,0.58,Baroque,Marble,12.0,6.0,20337.0,1961,64,Yes,Minimal,Museum Deaccession,34.64,43.34
Renaissance_Michelle_5616,Michelle Mezick,0.82,Renaissance,Aluminium,15.0,7.0,370.0,1941,84,No,Rustic,Private Collection,6.57,6.47
Contemporary_Dorothy_5617,Dorothy Mathson,0.32,Contemporary,Wood,13.0,6.0,142.0,1946,79,No,Elegant,Acquired from Artist,4.42,6.25
Renaissance_Keith_5618,Keith Forster,0.32,Renaissance,,16.0,8.0,3384.0,1986,39,Yes,Intricate,Museum Deaccession,15.92,15.63
Minimalist_Frank_5619,Frank Neff,0.26,Minimalist,Clay,22.0,13.0,3570.0,1969,56,Yes,Elegant,Museum Deaccession,3.83,5.44
Renaissance_Vincent_5620,Vincent Adams,0.36,Renaissance,Aluminium,,16.0,1972.0,1900,125,No,Rustic,Private Collection,3.19,4.2
Contemporary_Debra_5621,Debra Harrell,,Contemporary,Clay,32.0,11.0,5535.0,1936,89,No,Minimal,Private Collection,29.04,42.91
Abstract_Kimberlee_5622,Kimberlee Lewis,0.33,Abstract,Wood,29.0,11.0,319.0,1960,65,Yes,Polished,Auctioned in London,4.81,6.93
Baroque_William_5623,William Chamberlain,0.5,Baroque,Aluminium,17.0,,1054.0,1895,130,No,Elegant,Auctioned in New York,4.65,6.21
Baroque_Sandra_5624,Sandra Mitchell,0.66,Baroque,Brass,27.0,17.0,48264.0,1933,92,No,Expressive,Auctioned in London,134.42,209.03
Classical_Melony_5625,Melony Owen,0.38,Classical,Aluminium,37.0,16.0,,1937,88,No,Vibrant,Museum Deaccession,20.91,29.96
Classical_Tiana_5626,Tiana Henderson,0.55,Classical,Stone,26.0,7.0,324788.0,1961,64,Yes,Rustic,Museum Deaccession,125.26,181.26
Contemporary_Brenda_5627,Brenda Mercer,0.9,Contemporary,Brass,32.0,10.0,16449.0,1923,102,No,Polished,Acquired from Artist,47.92,59.4
Renaissance_Paula_5628,Paula Lesueur,0.35,Renaissance,Stone,19.0,9.0,389251.0,1851,174,No,Polished,Inherited Estate,400.43,645.59
Renaissance_Alvin_5629,Alvin Debusk,0.6,Renaissance,Stone,36.0,11.0,,1968,57,Yes,Vibrant,Museum Deaccession,5905.26,5622.81
Contemporary_Donna_5630,Donna Ekmark,,Contemporary,Brass,29.0,15.0,52210.0,2019,6,Yes,Vibrant,Gallery Exhibition,32.78,37.41
Classical_Joseph_5631,Joseph Horn,0.65,Classical,Aluminium,9.0,4.0,128.0,2007,18,Yes,Vibrant,Museum Deaccession,3.51,5.81
Renaissance_Justin_5632,Justin Scerra,0.26,Renaissance,Aluminium,33.0,14.0,2321.0,2017,8,Yes,Elegant,Private Collection,5.6,6.9
Classical_Anthony_5633,Anthony Hood,0.91,Classical,Brass,15.0,6.0,2964.0,1953,72,Yes,Expressive,Acquired from Artist,4.7,5.42
Renaissance_Carol_5634,Carol Pickering,0.41,Renaissance,Bronze,,5.0,,1855,170,No,Minimal,Private Collection,5.37,6.46
Renaissance_Stacy_5635,Stacy Miller,0.22,Renaissance,Aluminium,9.0,5.0,96.0,2017,8,Yes,Minimal,Gallery Exhibition,3.19,3.08
Baroque_Noah_5636,Noah Hauck,0.92,Baroque,Stone,13.0,6.0,31565.0,1944,81,No,Rustic,Auctioned in London,136.76,226.73
Contemporary_Katherine_5637,Katherine Kercher,0.5,Contemporary,Marble,12.0,8.0,44975.0,1950,75,No,Rustic,Inherited Estate,167.74,171.16
Minimalist_Marjorie_5638,Marjorie Driskell,0.82,Minimalist,Brass,34.0,19.0,91291.0,1938,87,No,Minimal,Gallery Exhibition,839.54,814.18
Minimalist_Brian_5639,Brian Bustamente,0.54,Minimalist,Aluminium,37.0,13.0,2710.0,1878,147,No,Elegant,Auctioned in London,5.08,8.11
Baroque_Ronald_5640,Ronald Hepburn,0.11,Baroque,Bronze,45.0,26.0,123304.0,1851,174,No,Vibrant,Private Collection,416.46,436.45
Abstract_Robert_5641,Robert Paul,0.41,Abstract,Stone,12.0,6.0,33354.0,1976,49,Yes,Elegant,Acquired from Artist,29.49,37.73
Modern_Tracey_5642,Tracey Dubiel,0.32,Modern,Clay,28.0,17.0,6339.0,1971,54,Yes,Vibrant,Auctioned in New York,6.81,6.44
Abstract_Maria_5643,Maria Mcintosh,0.88,Abstract,Aluminium,19.0,,,1867,158,No,Polished,Private Collection,3.03,4.56
Baroque_Laura_5644,Laura Moreno,0.4,Baroque,Wood,20.0,11.0,358.0,1915,110,No,Polished,Museum Deaccession,4.19,6.25
Renaissance_Ann_5645,Ann Park,0.33,Renaissance,Marble,12.0,7.0,,1967,58,Yes,Polished,Acquired from Artist,64.53,89.59
Baroque_Helen_5646,Helen Logan,0.69,Baroque,,,5.0,,1929,96,No,Intricate,Auctioned in London,10.32,16.37
Minimalist_Jeffrey_5647,Jeffrey Livezey,0.21,Minimalist,Bronze,24.0,13.0,12605.0,1967,58,Yes,Vibrant,Acquired from Artist,16.01,23.05
Classical_Timothy_5648,Timothy Balint,0.5,Classical,Marble,25.0,6.0,109702.0,1966,59,Yes,Intricate,Private Collection,537.44,668.07
Classical_Jennifer_5649,Jennifer Howe,,Classical,,17.0,8.0,1118.0,1965,60,Yes,Intricate,Auctioned in London,4.67,7.52
Renaissance_Frank_5650,Frank Bauer,0.33,Renaissance,,5.0,3.0,,1922,103,No,Polished,Museum Deaccession,3.8,4.0
Abstract_Susan_5651,Susan Wolfe,0.89,Abstract,Marble,9.0,5.0,2167.0,1871,154,No,Intricate,Acquired from Artist,10.33,9.78
Minimalist_Andrew_5652,Andrew Gill,0.71,Minimalist,Stone,7.0,4.0,3579.0,1916,109,No,Polished,Private Collection,9.75,11.95
Baroque_James_5653,James Reichman,0.26,Baroque,Brass,15.0,6.0,2962.0,1973,52,Yes,Rustic,Private Collection,4.61,5.92
Classical_Lynda_5654,Lynda Traverso,,Classical,Bronze,4.0,4.0,,1922,103,No,Elegant,Acquired from Artist,5.14,6.44
Classical_Dora_5655,Dora Johnson,0.15,Classical,Stone,30.0,20.0,7165555.0,1888,137,No,Rustic,Gallery Exhibition,28551.45,27252.25
Classical_Rochelle_5656,Rochelle Jarvie,0.82,Classical,Clay,19.0,16.0,3726.0,1939,86,No,Expressive,Private Collection,11.43,13.59
Baroque_Edward_5657,Edward Osterman,0.83,Baroque,Bronze,3.0,3.0,67.0,1920,105,No,Expressive,Acquired from Artist,5.23,6.46
Classical_Mayra_5658,Mayra Gallion,0.76,Classical,Clay,33.0,16.0,10102.0,2015,10,Yes,Polished,Auctioned in London,14.01,20.7
Classical_Arthur_5659,Arthur Kemp,,Classical,Clay,,2.0,15.0,1928,97,No,Minimal,Auctioned in New York,4.37,4.72
Classical_James_5660,James Davis,0.33,Classical,Wood,25.0,9.0,274.0,2012,13,Yes,Elegant,Auctioned in London,5.89,6.45
Minimalist_Jason_5661,Jason Rubert,0.42,Minimalist,Wood,28.0,6.0,117.0,1992,33,Yes,Minimal,Inherited Estate,4.1,6.47
Renaissance_Abby_5662,Abby Phillips,0.24,Renaissance,Brass,16.0,6.0,3591.0,1900,125,No,Elegant,Museum Deaccession,17.28,16.83
Modern_Anthony_5663,Anthony Pajerski,0.3,Modern,Bronze,17.0,7.0,3030.0,1946,79,No,Elegant,Inherited Estate,4.19,5.04
Minimalist_Gerry_5664,Gerry Carson,0.62,Minimalist,Stone,16.0,,88886.0,1915,110,No,Expressive,Museum Deaccession,259.27,421.26
Abstract_Mariano_5665,Mariano Mittendorf,0.56,Abstract,Wood,4.0,4.0,28.0,2019,6,Yes,Vibrant,Museum Deaccession,5.5,6.06
Classical_Gerardo_5666,Gerardo Stephens,0.28,Classical,Bronze,6.0,4.0,184.0,1930,95,No,Intricate,Acquired from Artist,5.13,5.96
Abstract_Edward_5667,Edward Ylonen,,Abstract,Stone,23.0,7.0,108134.0,1887,138,No,Rustic,Private Collection,101.89,112.4
Abstract_Ismael_5668,Ismael Dion,0.6,Abstract,Brass,19.0,7.0,4611.0,2015,10,Yes,Expressive,Auctioned in London,17.31,17.59
Renaissance_Gary_5669,Gary Berry,0.09,Renaissance,Wood,13.0,7.0,157.0,1904,121,No,Intricate,Private Collection,4.64,4.4
Classical_Jean_5670,Jean Grado,0.71,Classical,Marble,20.0,7.0,102155.0,1972,53,Yes,Minimal,Auctioned in London,445.86,491.16
Modern_Patsy_5671,Patsy Simpson,0.97,Modern,Marble,6.0,4.0,2369.0,2011,14,Yes,Polished,Museum Deaccession,3.99,3.97
Abstract_Jane_5672,Jane Catron,0.39,Abstract,Wood,7.0,4.0,29.0,1998,27,Yes,Polished,Gallery Exhibition,5.12,5.11
Modern_Christine_5673,Christine Mcgaughey,,Modern,Bronze,51.0,12.0,38483.0,1864,161,No,Intricate,Gallery Exhibition,242.18,263.31
Renaissance_David_5674,David Bourne,0.44,Renaissance,Bronze,10.0,4.0,885.0,1855,170,No,Rustic,Inherited Estate,3.5,3.53
Modern_Clifford_5675,Clifford Walton,0.61,Modern,Clay,45.0,16.0,6962.0,1965,60,Yes,Rustic,Gallery Exhibition,28.52,27.87
Abstract_Jack_5676,Jack Williams,0.02,Abstract,Marble,32.0,9.0,554754.0,1894,131,No,Elegant,Acquired from Artist,520.94,551.1
Renaissance_Robert_5677,Robert Russo,0.18,Renaissance,Wood,13.0,7.0,149.0,1972,53,Yes,Polished,Auctioned in New York,3.31,3.6
Modern_Jennifer_5678,Jennifer Brown,0.64,Modern,Clay,11.0,7.0,719.0,1908,117,No,Rustic,Private Collection,5.02,5.19
Modern_Timothy_5679,Timothy Fonner,0.32,Modern,Brass,9.0,5.0,844.0,1917,108,No,Expressive,Inherited Estate,3.57,4.17
Contemporary_Angela_5680,Angela Nistler,0.64,Contemporary,Brass,44.0,15.0,121249.0,1970,55,Yes,Elegant,Private Collection,52.53,81.42
Abstract_Vickie_5681,Vickie Strong,0.46,Abstract,Brass,,5.0,465.0,1885,140,No,Expressive,Auctioned in London,4.77,6.58
Abstract_Bonnie_5682,Bonnie Mason,0.47,Abstract,Brass,32.0,15.0,65082.0,1927,98,No,Expressive,Auctioned in New York,181.5,196.06
Classical_Lewis_5683,Lewis Orsi,0.97,Classical,Aluminium,14.0,7.0,472.0,1895,130,No,Elegant,Inherited Estate,4.55,6.47
Modern_Nathan_5684,Nathan Huberty,,Modern,Aluminium,,19.0,2593.0,1973,52,Yes,Polished,Gallery Exhibition,4.95,4.97
Renaissance_Essie_5685,Essie Parvin,0.48,Renaissance,Brass,12.0,8.0,3781.0,1890,135,No,Minimal,Acquired from Artist,15.65,15.13
Contemporary_Zachary_5686,Zachary Colon,0.44,Contemporary,Aluminium,48.0,28.0,6929.0,1862,163,No,Polished,Private Collection,9.99,14.65
Contemporary_Bonnie_5687,Bonnie Wagner,0.42,Contemporary,Brass,19.0,6.0,2689.0,2020,5,Yes,Intricate,Auctioned in New York,7.59,11.58
Abstract_Barbara_5688,Barbara Ryan,0.61,Abstract,Aluminium,8.0,4.0,115.0,1967,58,Yes,Elegant,Acquired from Artist,2.88,3.09
Abstract_Darrell_5689,Darrell Lawson,0.48,Abstract,Wood,26.0,8.0,104.0,1931,94,No,Elegant,Acquired from Artist,3.33,4.26
Modern_Kayla_5690,Kayla Mihm,0.42,Modern,Bronze,6.0,5.0,,1910,115,No,Polished,Gallery Exhibition,5.18,5.88
Abstract_Rose_5691,Rose Wilson,0.19,Abstract,Clay,21.0,8.0,1530.0,1892,133,No,Minimal,Acquired from Artist,3.95,5.57
Baroque_Jamie_5692,Jamie Freeman,0.45,Baroque,Marble,16.0,8.0,66688.0,1939,86,No,Elegant,Gallery Exhibition,136.48,161.67
Classical_Charles_5693,Charles Turner,0.08,Classical,Brass,15.0,7.0,6398.0,1933,92,No,Elegant,Museum Deaccession,2.51,3.52
Baroque_Stella_5694,Stella Hunter,0.5,Baroque,Bronze,10.0,,503.0,1976,49,Yes,Vibrant,Auctioned in London,3.52,4.66
Classical_Joe_5695,Joe Alonso,0.4,Classical,Aluminium,40.0,21.0,4374.0,1981,44,Yes,Expressive,Inherited Estate,8.89,9.66
Contemporary_Rosalinda_5696,Rosalinda Amato,0.26,Contemporary,Aluminium,23.0,14.0,1614.0,1955,70,Yes,Minimal,Inherited Estate,4.38,5.06
Modern_Mistie_5697,Mistie Robinson,0.62,Modern,Wood,34.0,16.0,683.0,1867,158,No,Elegant,Auctioned in London,6.81,6.6
Renaissance_Michelle_5698,Michelle Hu,0.56,Renaissance,,22.0,12.0,1034.0,1924,101,No,Polished,Auctioned in New York,6.13,6.52
Classical_Harry_5699,Harry Lopez,0.35,Classical,Bronze,43.0,30.0,142824.0,1888,137,No,Rustic,Gallery Exhibition,404.47,372.29
Minimalist_Karen_5700,Karen Davis,0.41,Minimalist,Wood,32.0,11.0,730.0,1861,164,No,Expressive,Acquired from Artist,4.63,5.52
Renaissance_Mae_5701,Mae Byrd,0.81,Renaissance,Stone,18.0,8.0,267118.0,1958,67,Yes,Polished,Auctioned in London,872.03,1084.71
Minimalist_Michael_5702,Michael Youngblood,0.69,Minimalist,Brass,21.0,7.0,5195.0,1996,29,Yes,Expressive,Museum Deaccession,42.13,40.1
Abstract_Laura_5703,Laura Barnes,0.38,Abstract,,19.0,13.0,1201.0,1865,160,No,Expressive,Auctioned in London,2.98,4.55
Abstract_Maria_5704,Maria Duhon,0.76,Abstract,Stone,17.0,6.0,75556.0,1868,157,No,Expressive,Auctioned in New York,162.25,186.51
Baroque_David_5705,David Sciabica,0.28,Baroque,Stone,33.0,11.0,1679346.0,1868,157,No,Expressive,Private Collection,2581.95,3084.91
Contemporary_Clara_5706,Clara Osbourn,0.67,Contemporary,Stone,26.0,20.0,5188367.0,2019,6,Yes,Intricate,Acquired from Artist,10945.92,12998.53
Contemporary_Cecil_5707,Cecil Pendergrass,0.64,Contemporary,Marble,25.0,12.0,704055.0,2005,20,Yes,Rustic,Auctioned in London,2359.01,3293.82
Baroque_Kristen_5708,Kristen Stewart,0.2,Baroque,Aluminium,32.0,12.0,2628.0,1942,83,No,Expressive,Gallery Exhibition,7.55,8.09
Classical_Brian_5709,Brian Okajima,0.01,Classical,Aluminium,15.0,6.0,337.0,1880,145,No,Elegant,Gallery Exhibition,3.43,4.25
Abstract_Lea_5710,Lea Hubley,0.27,Abstract,Aluminium,37.0,17.0,1927.0,2009,16,Yes,Polished,Acquired from Artist,5.44,6.84
Modern_Mildred_5711,Mildred Robinson,0.44,Modern,Aluminium,22.0,10.0,541.0,2000,25,Yes,Vibrant,Private Collection,5.14,5.25
Classical_Barbara_5712,Barbara Winton,0.54,Classical,Clay,15.0,8.0,692.0,1903,122,No,Minimal,Auctioned in New York,2.24,3.72
Contemporary_Felton_5713,Felton Wilkins,0.83,Contemporary,Marble,7.0,5.0,2171.0,2001,24,Yes,Vibrant,Inherited Estate,11.63,12.86
Contemporary_Mark_5714,Mark Lange,0.44,Contemporary,Bronze,34.0,16.0,23326.0,1992,33,Yes,Minimal,Auctioned in London,22.21,28.82
Baroque_Adam_5715,Adam Dray,0.3,Baroque,Stone,14.0,8.0,67251.0,2002,23,Yes,Expressive,Gallery Exhibition,321.4,343.54
Classical_Randall_5716,Randall Lombardo,0.23,Classical,,29.0,,1111835.0,1926,99,No,Elegant,Acquired from Artist,357.9,506.36
Contemporary_William_5717,William Morris,,Contemporary,Brass,29.0,,42345.0,1935,90,No,Rustic,Acquired from Artist,70.64,68.48
Abstract_Caterina_5718,Caterina Kirby,0.39,Abstract,Wood,26.0,12.0,415.0,1989,36,Yes,Polished,Gallery Exhibition,5.0,5.61
Baroque_Daniel_5719,Daniel Jefferson,0.85,Baroque,Stone,19.0,17.0,1592885.0,1954,71,Yes,Expressive,Auctioned in New York,11882.63,14443.34
Baroque_Thomas_5720,Thomas Coons,0.48,Baroque,Stone,33.0,10.0,1712984.0,1956,69,Yes,Minimal,Auctioned in New York,6713.71,9162.25
Contemporary_Clayton_5721,Clayton Dawson,0.08,Contemporary,Clay,24.0,10.0,1429.0,2000,25,Yes,Minimal,Inherited Estate,4.55,6.52
Minimalist_James_5722,James Hammond,0.63,Minimalist,Stone,22.0,10.0,169157.0,1936,89,No,Intricate,Auctioned in New York,1214.42,1163.93
Renaissance_Ray_5723,Ray Jones,0.62,Renaissance,Bronze,5.0,5.0,251.0,1911,114,No,Rustic,Acquired from Artist,4.39,4.69
Classical_Wayne_5724,Wayne Rogers,0.12,Classical,Stone,30.0,9.0,456221.0,2007,18,Yes,Intricate,Auctioned in New York,362.78,587.4
Classical_Anderson_5725,Anderson Erebia,0.08,Classical,Marble,10.0,4.0,6258.0,1886,139,No,Elegant,Private Collection,16.37,18.29
Contemporary_James_5726,James Vanek,,Contemporary,Bronze,3.0,3.0,50.0,1908,117,No,Vibrant,Private Collection,3.25,4.07
Minimalist_Debra_5727,Debra Garza,0.45,Minimalist,Stone,38.0,18.0,7552271.0,1941,84,No,Polished,Auctioned in New York,5552.36,8493.38
Modern_Malcolm_5728,Malcolm Mattione,,Modern,Clay,21.0,8.0,504.0,1906,119,No,Expressive,Acquired from Artist,3.0,3.29
Classical_Thomas_5729,Thomas Brake,,Classical,Bronze,23.0,9.0,5936.0,1914,111,No,Minimal,Auctioned in New York,13.81,14.65
Baroque_Michael_5730,Michael Caceres,,Baroque,Clay,27.0,10.0,4151.0,1897,128,No,Expressive,Private Collection,4.94,5.38
Abstract_Dustin_5731,Dustin Rupp,0.41,Abstract,Wood,22.0,12.0,,1984,41,Yes,Elegant,Gallery Exhibition,3.9,5.66
Classical_Chris_5732,Chris Schuler,0.79,Classical,,11.0,,293.0,1905,120,No,Intricate,Auctioned in New York,4.82,5.74
Abstract_Monica_5733,Monica Sabatino,0.69,Abstract,Marble,32.0,7.0,169582.0,2015,10,Yes,Expressive,Acquired from Artist,664.97,668.14
Contemporary_Howard_5734,Howard Carter,0.15,Contemporary,Brass,12.0,7.0,2634.0,1899,126,No,Minimal,Inherited Estate,3.3,5.25
Contemporary_Donald_5735,Donald Swanson,0.8,Contemporary,Stone,36.0,16.0,,1866,159,No,Minimal,Acquired from Artist,34057.26,39819.82
Minimalist_Jeff_5736,Jeff Kowis,0.3,Minimalist,Clay,10.0,5.0,355.0,1866,159,No,Vibrant,Inherited Estate,4.92,4.7
Abstract_Julie_5737,Julie Hosey,0.22,Abstract,Marble,18.0,12.0,,1949,76,No,Vibrant,Acquired from Artist,349.54,471.4
Abstract_John_5738,John Brown,0.17,Abstract,Clay,17.0,8.0,1803.0,1865,160,No,Polished,Auctioned in New York,5.45,7.48
Renaissance_Jay_5739,Jay Vogel,0.6,Renaissance,Clay,9.0,4.0,146.0,1892,133,No,Expressive,Auctioned in London,4.19,6.58
Renaissance_Anna_5740,Anna Hicks,,Renaissance,Brass,,12.0,44617.0,1949,76,No,Polished,Private Collection,67.48,103.38
Abstract_Amber_5741,Amber Lawler,0.22,Abstract,,37.0,17.0,30554.0,1975,50,Yes,Intricate,Private Collection,80.81,90.1
Baroque_Stephen_5742,Stephen Shininger,0.91,Baroque,Marble,8.0,,3580.0,1902,123,No,Minimal,Auctioned in London,5.59,5.3
Abstract_Arthur_5743,Arthur Brown,0.15,Abstract,Marble,6.0,5.0,2648.0,1942,83,No,Expressive,Auctioned in London,6.25,5.7
Minimalist_Edward_5744,Edward Veale,0.41,Minimalist,Bronze,37.0,22.0,77061.0,1906,119,No,Rustic,Auctioned in New York,237.06,243.99
Abstract_Harold_5745,Harold Cope,0.99,Abstract,Brass,8.0,5.0,393.0,1935,90,No,Expressive,Auctioned in London,5.74,5.22
Minimalist_Jody_5746,Jody Papitto,0.64,Minimalist,Brass,26.0,,8520.0,1902,123,No,Intricate,Private Collection,36.99,49.84
Contemporary_Celeste_5747,Celeste Lupo,0.18,Contemporary,Clay,19.0,6.0,299.0,1898,127,No,Elegant,Acquired from Artist,5.14,5.79
Abstract_Vicki_5748,Vicki Miller,0.81,Abstract,,22.0,,370446.0,1957,68,Yes,Vibrant,Private Collection,1010.18,922.19
Classical_Jarvis_5749,Jarvis Flynn,0.09,Classical,Stone,,15.0,3219360.0,1988,37,Yes,Vibrant,Museum Deaccession,8001.69,12795.64
Minimalist_Brenda_5750,Brenda Lockhart,0.25,Minimalist,Clay,19.0,10.0,1818.0,1920,105,No,Intricate,Gallery Exhibition,4.98,7.03
Minimalist_Sadie_5751,Sadie Conrad,0.39,Minimalist,Brass,38.0,10.0,48755.0,1877,148,No,Vibrant,Inherited Estate,116.49,112.76
Modern_Lawrence_5752,Lawrence Jones,0.36,Modern,Bronze,19.0,11.0,6263.0,1855,170,No,Vibrant,Museum Deaccession,35.04,39.2
Abstract_Roger_5753,Roger Jenkins,0.84,Abstract,Stone,6.0,4.0,2492.0,1985,40,Yes,Rustic,Private Collection,7.97,12.67
Contemporary_Jeffrey_5754,Jeffrey Nguyen,0.23,Contemporary,Wood,26.0,10.0,650.0,1990,35,Yes,Minimal,Auctioned in London,5.61,5.32
Renaissance_Beverley_5755,Beverley Cortez,0.76,Renaissance,Stone,15.0,6.0,41125.0,1928,97,No,Rustic,Inherited Estate,139.75,143.88
Classical_Raymundo_5756,Raymundo Eitniear,,Classical,Brass,31.0,11.0,,1998,27,Yes,Minimal,Auctioned in New York,76.83,76.54
Classical_Leslie_5757,Leslie Newman,0.23,Classical,Aluminium,11.0,8.0,303.0,1922,103,No,Expressive,Acquired from Artist,2.49,3.88
Abstract_Glen_5758,Glen Mcdowell,0.41,Abstract,Brass,30.0,12.0,27134.0,1953,72,Yes,Expressive,Gallery Exhibition,35.65,45.36
Contemporary_Daniel_5759,Daniel Hendrix,0.47,Contemporary,Clay,5.0,,45.0,1979,46,Yes,Expressive,Private Collection,4.63,4.41
Baroque_Jeffery_5760,Jeffery Heming,0.67,Baroque,Aluminium,18.0,6.0,312.0,1994,31,Yes,Vibrant,Inherited Estate,5.57,5.96
Contemporary_Viola_5761,Viola Hill,0.09,Contemporary,Stone,58.0,32.0,49145353.0,1859,166,No,Expressive,Auctioned in London,95486.79,102245.98
Abstract_Jerry_5762,Jerry Hernandez,0.39,Abstract,Clay,19.0,8.0,972.0,1922,103,No,Expressive,Auctioned in London,4.24,5.61
Contemporary_Natalie_5763,Natalie Deville,0.28,Contemporary,Marble,22.0,9.0,170415.0,1946,79,No,Expressive,Auctioned in London,90.31,124.89
Contemporary_Lucas_5764,Lucas Morales,0.35,Contemporary,Aluminium,57.0,33.0,,1971,54,Yes,Rustic,Auctioned in New York,75.02,76.19
Minimalist_Gayle_5765,Gayle Woodhouse,0.33,Minimalist,Aluminium,16.0,7.0,549.0,1949,76,No,Vibrant,Auctioned in London,4.41,6.85
Modern_Brian_5766,Brian Kirkland,0.26,Modern,Bronze,30.0,6.0,9675.0,1860,165,No,Elegant,Gallery Exhibition,5.87,6.26
Abstract_Natalie_5767,Natalie Yazzie,,Abstract,Clay,19.0,14.0,,1942,83,No,Intricate,Gallery Exhibition,5.44,8.12
Contemporary_Sidney_5768,Sidney Melo,0.02,Contemporary,Brass,18.0,11.0,13911.0,1960,65,Yes,Rustic,Auctioned in New York,20.96,19.63
Abstract_Monique_5769,Monique Kim,0.61,Abstract,Aluminium,27.0,15.0,2038.0,1933,92,No,Expressive,Auctioned in New York,6.78,6.86
Modern_Virginia_5770,Virginia Rodriguez,,Modern,Marble,12.0,6.0,11803.0,1850,175,No,Intricate,Acquired from Artist,28.6,27.44
Minimalist_Gina_5771,Gina Loeza,0.28,Minimalist,Marble,11.0,7.0,,1947,78,No,Minimal,Inherited Estate,7.11,7.0
Minimalist_Jonah_5772,Jonah Ransom,0.86,Minimalist,Stone,33.0,18.0,6256706.0,1924,101,No,Expressive,Auctioned in London,34149.6,34541.97
Minimalist_Danny_5773,Danny Henderson,0.02,Minimalist,Marble,32.0,13.0,878471.0,1962,63,Yes,Vibrant,Gallery Exhibition,988.0,1216.06
Classical_Mack_5774,Mack Williams,0.77,Classical,Wood,6.0,5.0,62.0,2012,13,Yes,Elegant,Auctioned in London,4.33,4.41
Classical_James_5775,James Ellis,0.48,Classical,,22.0,13.0,1342.0,2008,17,Yes,Intricate,Auctioned in New York,6.84,6.75
Baroque_Gary_5776,Gary Curtis,0.45,Baroque,Aluminium,37.0,9.0,1443.0,1850,175,No,Minimal,Inherited Estate,8.6,8.08
Baroque_Lan_5777,Lan Jones,0.98,Baroque,Bronze,41.0,20.0,79138.0,1969,56,Yes,Polished,Auctioned in New York,625.53,832.43
Contemporary_David_5778,David Gonzales,0.76,Contemporary,Aluminium,37.0,14.0,2053.0,1898,127,No,Polished,Auctioned in New York,6.64,6.82
Minimalist_Tanya_5779,Tanya Maupin,0.32,Minimalist,Brass,9.0,,466.0,1896,129,No,Expressive,Acquired from Artist,4.95,6.0
Baroque_Voncile_5780,Voncile Shorey,0.65,Baroque,Stone,,11.0,239778.0,1926,99,No,Expressive,Auctioned in New York,1021.71,1215.51
Minimalist_Linda_5781,Linda Merry,0.63,Minimalist,Brass,30.0,11.0,31658.0,1928,97,No,Expressive,Auctioned in New York,127.09,136.74
Baroque_William_5782,William Cross,0.31,Baroque,Marble,11.0,,14016.0,1976,49,Yes,Expressive,Gallery Exhibition,59.67,78.01
Baroque_Robert_5783,Robert Jensen,0.39,Baroque,Bronze,29.0,14.0,35756.0,1908,117,No,Intricate,Private Collection,70.03,80.92
Abstract_William_5784,William Hook,0.71,Abstract,Stone,29.0,,,1950,75,No,Polished,Inherited Estate,5062.67,5457.61
Contemporary_Michael_5785,Michael Hill,0.21,Contemporary,,24.0,7.0,166.0,1912,113,No,Expressive,Museum Deaccession,1.99,3.04
Abstract_William_5786,William Alverez,0.05,Abstract,Wood,32.0,,753.0,1989,36,Yes,Polished,Museum Deaccession,5.16,6.31
Renaissance_Charles_5787,Charles Borden,,Renaissance,Clay,7.0,4.0,92.0,1890,135,No,Polished,Private Collection,3.27,4.16
Minimalist_Christina_5788,Christina Onell,0.88,Minimalist,Brass,45.0,9.0,29714.0,1872,153,No,Expressive,Inherited Estate,128.28,124.61
Classical_Hue_5789,Hue Perry,0.13,Classical,Marble,9.0,5.0,5112.0,1859,166,No,Polished,Private Collection,2.11,3.38
Modern_Chad_5790,Chad Bucio,0.51,Modern,Stone,4.0,4.0,720.0,1957,68,Yes,Minimal,Acquired from Artist,3.51,5.22
Classical_Ava_5791,Ava Cutler,0.52,Classical,Stone,28.0,14.0,1230732.0,1959,66,Yes,Elegant,Private Collection,3106.74,3077.11
Modern_John_5792,John Fraise,0.78,Modern,Clay,6.0,4.0,109.0,1987,38,Yes,Polished,Inherited Estate,6.82,6.33
Renaissance_Pierre_5793,Pierre Xiong,0.72,Renaissance,Bronze,,3.0,,2014,11,Yes,Rustic,Auctioned in London,4.36,6.31
Modern_Steve_5794,Steve Green,,Modern,Bronze,12.0,6.0,1218.0,1944,81,No,Intricate,Auctioned in New York,3.2,5.31
Classical_Louise_5795,Louise Tingley,0.11,Classical,Marble,37.0,24.0,1824857.0,1899,126,No,Polished,Auctioned in London,6849.51,6931.9
Modern_Molly_5796,Molly Gast,0.42,Modern,Aluminium,21.0,15.0,1336.0,1900,125,No,Minimal,Private Collection,4.68,5.7
Baroque_Kevin_5797,Kevin Subert,,Baroque,Brass,23.0,10.0,18060.0,1990,35,Yes,Intricate,Museum Deaccession,36.21,43.3
Abstract_Sarah_5798,Sarah Freeman,0.96,Abstract,Bronze,30.0,6.0,6703.0,1907,118,No,Polished,Auctioned in New York,18.61,21.41
Renaissance_Mark_5799,Mark Smith,0.24,Renaissance,Stone,31.0,6.0,343220.0,1971,54,Yes,Elegant,Private Collection,796.15,766.81
Renaissance_Ellen_5800,Ellen Bolton,0.91,Renaissance,Marble,27.0,9.0,315612.0,1926,99,No,Rustic,Museum Deaccession,997.05,1168.68
Minimalist_Kristin_5801,Kristin Hudson,0.17,Minimalist,,,2.0,25.0,1991,34,Yes,Intricate,Auctioned in London,5.13,5.65
Renaissance_Jason_5802,Jason Furr,0.44,Renaissance,Aluminium,36.0,10.0,2820.0,1911,114,No,Vibrant,Museum Deaccession,4.38,6.68
Modern_Lynn_5803,Lynn Contreras,0.72,Modern,Wood,9.0,,84.0,1989,36,Yes,Polished,Inherited Estate,5.74,6.19
Baroque_Leonard_5804,Leonard White,,Baroque,,40.0,23.0,88279.0,1989,36,Yes,Elegant,Acquired from Artist,96.06,136.45
Modern_Mary_5805,Mary Turner,0.92,Modern,Clay,31.0,,5310.0,1954,71,Yes,Intricate,Acquired from Artist,6.72,6.86
Abstract_Mark_5806,Mark Fagerstrom,0.57,Abstract,Clay,15.0,7.0,887.0,1886,139,No,Vibrant,Auctioned in London,5.94,5.94
Renaissance_Keisha_5807,Keisha Solorio,0.29,Renaissance,Clay,43.0,13.0,2558.0,1978,47,Yes,Polished,Private Collection,4.83,5.36
Renaissance_Larry_5808,Larry Porter,0.8,Renaissance,Marble,54.0,24.0,5074949.0,1970,55,Yes,Minimal,Museum Deaccession,26615.95,27750.6
Contemporary_Lettie_5809,Lettie Long,0.78,Contemporary,,31.0,,443245.0,1988,37,Yes,Polished,Gallery Exhibition,1483.84,1738.7
Classical_Rebecca_5810,Rebecca Hunn,0.37,Classical,Marble,26.0,19.0,1043592.0,1934,91,No,Elegant,Auctioned in London,2447.08,3092.86
Baroque_Elizabeth_5811,Elizabeth Rudder,0.84,Baroque,Aluminium,9.0,4.0,148.0,1860,165,No,Elegant,Private Collection,5.85,5.83
Modern_Natasha_5812,Natasha Wada,0.34,Modern,Aluminium,28.0,6.0,706.0,1925,100,No,Intricate,Acquired from Artist,3.18,4.08
Contemporary_Billie_5813,Billie Brown,,Contemporary,Wood,39.0,16.0,733.0,1968,57,Yes,Expressive,Museum Deaccession,5.17,5.37
Minimalist_Katrina_5814,Katrina Silverman,0.37,Minimalist,Brass,4.0,3.0,98.0,1850,175,No,Vibrant,Auctioned in New York,5.67,5.71
Renaissance_Jeffrey_5815,Jeffrey Whitaker,0.3,Renaissance,Aluminium,19.0,7.0,551.0,1983,42,Yes,Elegant,Private Collection,6.47,6.59
Renaissance_Norman_5816,Norman Butler,0.32,Renaissance,Bronze,9.0,4.0,,1989,36,Yes,Intricate,Auctioned in New York,2.83,3.9
Renaissance_Brian_5817,Brian Betancourt,0.45,Renaissance,Aluminium,9.0,4.0,114.0,1942,83,No,Rustic,Auctioned in London,4.29,6.77
Renaissance_Jamie_5818,Jamie Vetrano,0.85,Renaissance,Bronze,37.0,10.0,15654.0,1974,51,Yes,Rustic,Auctioned in London,26.36,25.33
Renaissance_Robert_5819,Robert Belisle,,Renaissance,,,,27.0,1870,155,No,Polished,Inherited Estate,6.11,6.33
Baroque_John_5820,John Singleton,0.74,Baroque,Bronze,31.0,6.0,3277.0,1867,158,No,Rustic,Gallery Exhibition,28.47,30.92
Modern_Tonya_5821,Tonya Hanson,0.32,Modern,Stone,22.0,7.0,103591.0,2011,14,Yes,Intricate,Acquired from Artist,85.26,139.89
Abstract_Allyson_5822,Allyson Evans,,Abstract,Aluminium,24.0,11.0,1332.0,1957,68,Yes,Vibrant,Inherited Estate,10.89,10.08
Contemporary_Norma_5823,Norma Reyna,0.16,Contemporary,Clay,52.0,32.0,29869.0,1915,110,No,Intricate,Inherited Estate,42.68,45.19
Baroque_Velma_5824,Velma Lemieux,0.55,Baroque,Aluminium,30.0,19.0,4864.0,1911,114,No,Rustic,Inherited Estate,14.4,13.27
Classical_Brian_5825,Brian Whitney,0.41,Classical,Wood,26.0,9.0,331.0,1992,33,Yes,Polished,Inherited Estate,4.29,6.5
Renaissance_Vicki_5826,Vicki Decker,0.57,Renaissance,Clay,9.0,5.0,382.0,2016,9,Yes,Expressive,Inherited Estate,2.58,3.48
Classical_Candice_5827,Candice Hansen,,Classical,Brass,25.0,,,1993,32,Yes,Expressive,Private Collection,65.42,60.1
Classical_Joshua_5828,Joshua Robinson,0.49,Classical,Clay,36.0,11.0,6368.0,1947,78,No,Intricate,Inherited Estate,8.94,9.69
Abstract_Gladys_5829,Gladys Spitz,0.15,Abstract,Bronze,33.0,15.0,36880.0,1966,59,Yes,Polished,Acquired from Artist,20.04,21.63
Abstract_Kevin_5830,Kevin Han,0.71,Abstract,Stone,13.0,8.0,111036.0,1961,64,Yes,Intricate,Auctioned in London,146.87,182.87
Classical_Madeline_5831,Madeline Taylor,0.21,Classical,Bronze,22.0,,2797.0,1884,141,No,Polished,Auctioned in New York,3.36,3.89
Minimalist_Lee_5832,Lee Saville,0.5,Minimalist,,20.0,9.0,2127.0,1886,139,No,Elegant,Inherited Estate,6.48,7.23
Renaissance_John_5833,John Johnson,0.31,Renaissance,Clay,31.0,18.0,7241.0,1889,136,No,Intricate,Gallery Exhibition,24.57,34.19
Renaissance_William_5834,William Meador,0.11,Renaissance,Aluminium,26.0,8.0,360.0,1935,90,No,Intricate,Museum Deaccession,6.25,6.0
Minimalist_Alice_5835,Alice Bowers,0.28,Minimalist,Wood,64.0,21.0,2887.0,1875,150,No,Intricate,Museum Deaccession,4.13,6.48
Baroque_Jay_5836,Jay Becker,,Baroque,Aluminium,33.0,6.0,583.0,2010,15,Yes,Vibrant,Auctioned in New York,4.25,4.75
Minimalist_Esther_5837,Esther Tyska,0.41,Minimalist,Aluminium,42.0,15.0,1143.0,1949,76,No,Elegant,Private Collection,4.34,6.43
Contemporary_Richard_5838,Richard Crenshaw,0.74,Contemporary,Aluminium,32.0,11.0,1061.0,1991,34,Yes,Elegant,Auctioned in London,5.57,9.18
Contemporary_Daryl_5839,Daryl Dufresne,0.47,Contemporary,Clay,,5.0,201.0,2015,10,Yes,Minimal,Gallery Exhibition,4.44,4.69
Baroque_Willie_5840,Willie Figg,0.01,Baroque,Bronze,31.0,15.0,46330.0,1916,109,No,Intricate,Auctioned in London,87.12,82.55
Contemporary_Deborah_5841,Deborah Torres,0.66,Contemporary,Clay,13.0,,1277.0,1928,97,No,Polished,Inherited Estate,3.57,4.46
Renaissance_Mildred_5842,Mildred Robertson,0.4,Renaissance,,19.0,,714658.0,1995,30,Yes,Polished,Inherited Estate,1609.28,2047.31
Contemporary_Francis_5843,Francis Catanzarite,0.36,Contemporary,Aluminium,15.0,8.0,531.0,1918,107,No,Elegant,Gallery Exhibition,3.14,3.39
Baroque_Dorothy_5844,Dorothy Zuehlke,0.45,Baroque,Brass,14.0,,,1969,56,Yes,Elegant,Inherited Estate,8.18,12.1
Modern_David_5845,David Tuttle,0.82,Modern,Clay,16.0,7.0,409.0,2019,6,Yes,Elegant,Auctioned in London,2.8,3.47
Minimalist_Nathan_5846,Nathan Scott,0.89,Minimalist,Wood,32.0,15.0,498.0,1862,163,No,Expressive,Museum Deaccession,4.51,6.93
Minimalist_Jane_5847,Jane Williams,0.11,Minimalist,Clay,16.0,7.0,934.0,1859,166,No,Rustic,Museum Deaccession,4.09,3.9
Baroque_Michael_5848,Michael Aviles,0.36,Baroque,Wood,8.0,,53.0,1980,45,Yes,Rustic,Auctioned in New York,5.05,5.6
Classical_George_5849,George Gilbert,0.78,Classical,Wood,33.0,7.0,323.0,1866,159,No,Vibrant,Gallery Exhibition,3.01,3.07
Modern_Alita_5850,Alita Harlan,0.71,Modern,Marble,32.0,10.0,,1957,68,Yes,Elegant,Museum Deaccession,2677.73,2537.16
Baroque_Amanda_5851,Amanda Stout,0.15,Baroque,Aluminium,10.0,4.0,141.0,1901,124,No,Rustic,Inherited Estate,5.36,5.21
Abstract_Rodney_5852,Rodney Schultz,0.61,Abstract,Bronze,11.0,8.0,2354.0,1925,100,No,Vibrant,Auctioned in New York,3.12,4.35
Renaissance_Cristina_5853,Cristina Bass,0.17,Renaissance,Brass,14.0,7.0,4850.0,1867,158,No,Rustic,Museum Deaccession,2.41,3.22
Abstract_Jeanna_5854,Jeanna Nistler,0.63,Abstract,Stone,7.0,5.0,6301.0,2006,19,Yes,Vibrant,Acquired from Artist,26.58,36.15
Renaissance_Robert_5855,Robert Spaulding,0.48,Renaissance,Marble,17.0,7.0,54433.0,2013,12,Yes,Vibrant,Private Collection,126.78,131.87
Baroque_Candice_5856,Candice Arias,0.57,Baroque,Stone,29.0,,340641.0,1990,35,Yes,Minimal,Auctioned in New York,1648.34,1561.0
Baroque_Eva_5857,Eva Schellhase,0.4,Baroque,Marble,9.0,4.0,,1926,99,No,Intricate,Gallery Exhibition,8.9,14.36
Contemporary_Tracie_5858,Tracie Hayzlett,0.56,Contemporary,Clay,19.0,7.0,505.0,1855,170,No,Minimal,Inherited Estate,5.08,6.54
Modern_Louis_5859,Louis Lockett,0.56,Modern,Marble,43.0,8.0,202155.0,1875,150,No,Minimal,Inherited Estate,306.68,509.53
Modern_Chad_5860,Chad Bennett,0.45,Modern,Marble,30.0,10.0,674244.0,1996,29,Yes,Polished,Acquired from Artist,1017.32,1306.77
Classical_Harry_5861,Harry Kline,,Classical,Brass,20.0,13.0,22045.0,1995,30,Yes,Expressive,Gallery Exhibition,62.8,64.97
Classical_Paul_5862,Paul Frazier,0.14,Classical,Clay,10.0,4.0,146.0,1964,61,Yes,Elegant,Inherited Estate,4.23,6.85
Contemporary_June_5863,June Leak,0.64,Contemporary,Marble,13.0,8.0,,1882,143,No,Intricate,Gallery Exhibition,124.26,157.42
Modern_Joshua_5864,Joshua Bauer,,Modern,Aluminium,30.0,9.0,1387.0,1894,131,No,Vibrant,Inherited Estate,3.35,5.0
Modern_Lindsey_5865,Lindsey Marini,,Modern,Brass,16.0,6.0,2271.0,1924,101,No,Vibrant,Museum Deaccession,5.19,6.06
Abstract_Andres_5866,Andres Shinabarger,0.08,Abstract,Brass,9.0,5.0,1466.0,1871,154,No,Expressive,Auctioned in London,6.2,5.98
Abstract_Stephanie_5867,Stephanie Murphy,0.28,Abstract,Aluminium,,5.0,,1875,150,No,Minimal,Acquired from Artist,5.31,6.12
Renaissance_Florence_5868,Florence William,0.45,Renaissance,Marble,68.0,22.0,10078717.0,1916,109,No,Expressive,Acquired from Artist,55257.54,51123.73
Renaissance_Terry_5869,Terry Ungaro,0.64,Renaissance,Wood,30.0,9.0,499.0,1883,142,No,Rustic,Gallery Exhibition,5.32,5.13
Modern_Shannon_5870,Shannon Salazar,0.52,Modern,Aluminium,27.0,12.0,2149.0,1898,127,No,Minimal,Private Collection,4.64,5.16
Modern_Ana_5871,Ana Tran,0.08,Modern,Brass,19.0,8.0,,1925,100,No,Expressive,Inherited Estate,11.01,13.36
Classical_Ryan_5872,Ryan Main,0.14,Classical,Stone,4.0,4.0,1007.0,1856,169,No,Minimal,Inherited Estate,6.25,6.3
Contemporary_Ashley_5873,Ashley Walker,0.77,Contemporary,Brass,15.0,8.0,,1926,99,No,Intricate,Acquired from Artist,6.13,5.84
Contemporary_Sam_5874,Sam Dodson,0.15,Contemporary,Stone,8.0,5.0,7259.0,1945,80,No,Rustic,Museum Deaccession,11.92,14.03
Baroque_Marci_5875,Marci Priestley,0.15,Baroque,Clay,41.0,10.0,4207.0,1897,128,No,Polished,Auctioned in New York,7.81,8.45
Classical_Andrew_5876,Andrew Eubanks,0.58,Classical,Bronze,25.0,9.0,9843.0,1997,28,Yes,Elegant,Inherited Estate,41.4,44.31
Renaissance_Toby_5877,Toby Mcgary,0.77,Renaissance,Marble,9.0,5.0,5612.0,1964,61,Yes,Minimal,Inherited Estate,12.07,11.52
Minimalist_Crystal_5878,Crystal Rodgers,,Minimalist,Aluminium,13.0,7.0,510.0,1988,37,Yes,Vibrant,Auctioned in London,2.96,4.72
Classical_Peggy_5879,Peggy Neer,0.44,Classical,Brass,15.0,7.0,3649.0,1917,108,No,Rustic,Acquired from Artist,2.92,3.78
Renaissance_William_5880,William Mccloud,0.21,Renaissance,Stone,43.0,17.0,9719857.0,1968,57,Yes,Intricate,Gallery Exhibition,13276.65,18631.39
Classical_Tyrone_5881,Tyrone Sparks,,Classical,,30.0,13.0,21960.0,1887,138,No,Rustic,Auctioned in London,66.52,62.48
Baroque_Paul_5882,Paul Davis,0.63,Baroque,,8.0,4.0,5228.0,1948,77,No,Elegant,Auctioned in London,7.52,8.7
Abstract_Robert_5883,Robert Mcneely,0.39,Abstract,Bronze,29.0,10.0,10719.0,1992,33,Yes,Polished,Auctioned in New York,27.29,29.7
Modern_Willie_5884,Willie Green,0.02,Modern,Marble,19.0,7.0,100122.0,1858,167,No,Rustic,Auctioned in New York,80.7,133.66
Abstract_Martha_5885,Martha Mertes,0.45,Abstract,Clay,21.0,12.0,4014.0,1942,83,No,Rustic,Acquired from Artist,3.06,3.01
Minimalist_Theresa_5886,Theresa Jackson,0.69,Minimalist,Clay,27.0,20.0,3485.0,1868,157,No,Intricate,Gallery Exhibition,19.06,17.74
Baroque_Christopher_5887,Christopher Barnett,0.26,Baroque,,29.0,13.0,49242.0,1902,123,No,Expressive,Gallery Exhibition,180.46,227.97
Modern_Terry_5888,Terry Groth,0.74,Modern,Brass,36.0,8.0,10337.0,1915,110,No,Intricate,Inherited Estate,6.86,9.15
Modern_Stephanie_5889,Stephanie Gorsky,,Modern,Wood,18.0,7.0,256.0,1972,53,Yes,Rustic,Private Collection,5.37,5.59
Renaissance_Carolyn_5890,Carolyn Mann,0.43,Renaissance,Bronze,31.0,,9136.0,1924,101,No,Elegant,Gallery Exhibition,29.49,46.1
Classical_Lorraine_5891,Lorraine Ross,0.82,Classical,,24.0,10.0,,1868,157,No,Intricate,Auctioned in New York,3.99,4.47
Minimalist_Irving_5892,Irving Ungerecht,0.63,Minimalist,Aluminium,8.0,4.0,100.0,1850,175,No,Intricate,Inherited Estate,4.78,6.64
Contemporary_Dean_5893,Dean Mallard,0.79,Contemporary,Clay,37.0,13.0,4334.0,1963,62,Yes,Vibrant,Auctioned in New York,14.25,20.53
Baroque_Jennifer_5894,Jennifer Basso,0.37,Baroque,Marble,27.0,13.0,815888.0,1929,96,No,Intricate,Acquired from Artist,3483.1,3971.26
Classical_Amy_5895,Amy Vieira,0.91,Classical,Bronze,64.0,15.0,112269.0,1908,117,No,Polished,Acquired from Artist,489.92,550.44
Renaissance_Larry_5896,Larry Eddy,0.75,Renaissance,Marble,17.0,8.0,123516.0,1909,116,No,Elegant,Gallery Exhibition,935.42,895.46
Minimalist_Mary_5897,Mary Kral,0.66,Minimalist,Marble,3.0,3.0,62.0,1912,113,No,Expressive,Gallery Exhibition,4.07,5.45
Abstract_Kenneth_5898,Kenneth Shelly,0.97,Abstract,Wood,21.0,11.0,203.0,1897,128,No,Elegant,Private Collection,3.75,4.85
Classical_Gina_5899,Gina Marshall,,Classical,,6.0,4.0,134.0,1986,39,Yes,Polished,Private Collection,6.12,6.78
Baroque_Williams_5900,Williams Gutierrez,0.01,Baroque,Marble,29.0,14.0,688408.0,1973,52,Yes,Intricate,Museum Deaccession,2240.72,2073.28
Modern_Jessica_5901,Jessica Blount,0.93,Modern,,5.0,5.0,71.0,2003,22,Yes,Expressive,Museum Deaccession,2.24,3.65
Classical_Calvin_5902,Calvin Bicknese,0.1,Classical,Aluminium,26.0,8.0,446.0,1856,169,No,Vibrant,Gallery Exhibition,3.6,4.4
Minimalist_Jeffrey_5903,Jeffrey Coffee,0.57,Minimalist,Aluminium,22.0,6.0,688.0,1888,137,No,Vibrant,Acquired from Artist,4.92,6.46
Abstract_Ruth_5904,Ruth Ulibarri,0.35,Abstract,Bronze,28.0,10.0,12131.0,1920,105,No,Minimal,Museum Deaccession,46.98,53.92
Contemporary_Robin_5905,Robin Zamora,0.19,Contemporary,Clay,32.0,20.0,5618.0,1937,88,No,Vibrant,Private Collection,4.36,6.74
Modern_Barbara_5906,Barbara Thompson,0.34,Modern,Clay,53.0,16.0,15119.0,1860,165,No,Intricate,Museum Deaccession,32.34,45.51
Abstract_Shanda_5907,Shanda Black,0.13,Abstract,Stone,24.0,9.0,369791.0,2016,9,Yes,Polished,Inherited Estate,874.44,1156.45
Abstract_Paul_5908,Paul Monk,0.71,Abstract,Marble,5.0,4.0,1018.0,1932,93,No,Vibrant,Inherited Estate,4.43,5.74
Contemporary_Shane_5909,Shane Telfer,0.67,Contemporary,Brass,,6.0,4450.0,1907,118,No,Elegant,Private Collection,24.16,24.73
Modern_Felipe_5910,Felipe Kenny,0.94,Modern,Marble,22.0,11.0,156069.0,1874,151,No,Intricate,Museum Deaccession,246.65,318.99
Modern_Joseph_5911,Joseph Davis,0.55,Modern,Marble,34.0,8.0,319270.0,1912,113,No,Minimal,Acquired from Artist,968.22,1375.24
Contemporary_Raul_5912,Raul Hardy,0.64,Contemporary,,,9.0,222038.0,2007,18,Yes,Expressive,Museum Deaccession,1091.62,1178.71
Renaissance_James_5913,James Wolford,0.02,Renaissance,Stone,3.0,2.0,66.0,1863,162,No,Elegant,Acquired from Artist,2.19,3.3
Modern_Ruby_5914,Ruby Mendez,0.41,Modern,Stone,43.0,32.0,53118478.0,2020,5,Yes,Vibrant,Private Collection,104309.71,135878.04
Classical_Janice_5915,Janice Reynolds,0.46,Classical,Aluminium,5.0,5.0,58.0,1905,120,No,Expressive,Museum Deaccession,5.28,4.94
Modern_Evie_5916,Evie Lee,0.36,Modern,Aluminium,5.0,5.0,23.0,1855,170,No,Minimal,Private Collection,3.22,3.64
Modern_Carolynn_5917,Carolynn Bird,0.35,Modern,Wood,6.0,4.0,37.0,1867,158,No,Elegant,Museum Deaccession,4.04,4.35
Classical_Nancy_5918,Nancy Knight,0.68,Classical,Marble,11.0,7.0,23157.0,1965,60,Yes,Polished,Museum Deaccession,51.45,56.71
Baroque_Caleb_5919,Caleb Andrzejewski,,Baroque,Brass,25.0,8.0,8230.0,1969,56,Yes,Elegant,Auctioned in New York,70.15,85.64
Contemporary_Mary_5920,Mary Holcomb,0.49,Contemporary,Marble,13.0,8.0,19320.0,1862,163,No,Minimal,Museum Deaccession,39.09,39.53
Abstract_Yvette_5921,Yvette Teegarden,0.96,Abstract,,5.0,5.0,1445.0,1919,106,No,Polished,Museum Deaccession,9.56,11.62
Abstract_Steven_5922,Steven Vandyke,,Abstract,Wood,12.0,7.0,48.0,1987,38,Yes,Intricate,Museum Deaccession,2.38,3.41
Baroque_Jonathon_5923,Jonathon Lo,0.86,Baroque,Marble,29.0,8.0,163112.0,1918,107,No,Intricate,Gallery Exhibition,607.96,735.78
Contemporary_Monica_5924,Monica Matlock,0.63,Contemporary,Bronze,8.0,5.0,380.0,1966,59,Yes,Elegant,Acquired from Artist,7.42,6.78
Contemporary_Cindy_5925,Cindy Sullivan,0.53,Contemporary,Marble,9.0,5.0,,2020,5,Yes,Polished,Auctioned in New York,40.85,45.62
Contemporary_David_5926,David Fogarty,,Contemporary,Clay,25.0,12.0,,1875,150,No,Intricate,Inherited Estate,12.72,12.95
Classical_Hilda_5927,Hilda Swanson,,Classical,Clay,30.0,9.0,2710.0,1930,95,No,Elegant,Auctioned in London,10.19,13.03
Contemporary_Don_5928,Don Oakes,0.89,Contemporary,Marble,22.0,10.0,174529.0,1882,143,No,Intricate,Gallery Exhibition,713.98,1076.23
Abstract_Kenneth_5929,Kenneth Yelverton,0.63,Abstract,Marble,17.0,7.0,88800.0,2020,5,Yes,Elegant,Auctioned in London,706.28,658.18
Renaissance_Oliver_5930,Oliver Brown,0.87,Renaissance,Marble,5.0,3.0,702.0,1986,39,Yes,Intricate,Inherited Estate,4.99,4.55
Contemporary_Clara_5931,Clara Lee,,Contemporary,Clay,13.0,8.0,,1939,86,No,Rustic,Museum Deaccession,2.91,4.2
Renaissance_William_5932,William Jefferies,,Renaissance,Brass,32.0,9.0,19012.0,1909,116,No,Intricate,Gallery Exhibition,62.66,61.07
Classical_Julius_5933,Julius Campanelli,0.62,Classical,Aluminium,15.0,7.0,465.0,1965,60,Yes,Intricate,Private Collection,5.46,5.1
Minimalist_Esther_5934,Esther Davis,0.49,Minimalist,Stone,47.0,20.0,8325677.0,1955,70,Yes,Intricate,Acquired from Artist,10353.36,12588.46
Modern_Rose_5935,Rose Moreno,0.82,Modern,Aluminium,16.0,8.0,580.0,1888,137,No,Minimal,Private Collection,3.43,3.81
Contemporary_Nancy_5936,Nancy Letourneau,0.73,Contemporary,Aluminium,34.0,22.0,,1909,116,No,Minimal,Private Collection,34.76,32.84
Renaissance_Kenneth_5937,Kenneth Reyes,0.23,Renaissance,Bronze,48.0,20.0,48276.0,1984,41,Yes,Polished,Acquired from Artist,17.83,23.71
Renaissance_Nathan_5938,Nathan Boulanger,0.98,Renaissance,Marble,30.0,8.0,326950.0,2003,22,Yes,Elegant,Acquired from Artist,616.8,919.64
Modern_Benjamin_5939,Benjamin Hernandez,,Modern,Bronze,11.0,6.0,407.0,1942,83,No,Rustic,Museum Deaccession,5.42,6.61
Baroque_Joshua_5940,Joshua Tuder,0.73,Baroque,Aluminium,34.0,10.0,1284.0,2010,15,Yes,Polished,Auctioned in London,3.62,5.8
Classical_Helen_5941,Helen Simpson,0.58,Classical,Clay,10.0,5.0,,1859,166,No,Elegant,Auctioned in New York,7.1,6.81
Minimalist_Erick_5942,Erick Davis,0.6,Minimalist,Marble,5.0,4.0,,1900,125,No,Vibrant,Museum Deaccession,2.14,3.07
Classical_Sarah_5943,Sarah Rogers,0.68,Classical,,,10.0,15079.0,1972,53,Yes,Polished,Gallery Exhibition,108.15,103.6
Minimalist_Normand_5944,Normand Fager,0.99,Minimalist,Aluminium,55.0,19.0,3825.0,1902,123,No,Polished,Museum Deaccession,23.9,22.31
Abstract_Craig_5945,Craig Rudnick,0.5,Abstract,Clay,15.0,6.0,545.0,1914,111,No,Elegant,Auctioned in London,5.09,6.27
Renaissance_Lydia_5946,Lydia Reiter,0.26,Renaissance,Clay,23.0,7.0,877.0,1890,135,No,Elegant,Gallery Exhibition,5.83,6.87
Minimalist_Elma_5947,Elma Curtsinger,0.73,Minimalist,Clay,3.0,3.0,31.0,1850,175,No,Expressive,Inherited Estate,4.46,6.96
Abstract_Lee_5948,Lee Hawkins,0.35,Abstract,Wood,30.0,12.0,476.0,1901,124,No,Elegant,Inherited Estate,2.33,3.39
Modern_Jenifer_5949,Jenifer Coy,0.78,Modern,Marble,28.0,10.0,346636.0,1910,115,No,Vibrant,Auctioned in London,807.43,1288.51
Classical_William_5950,William Butner,0.09,Classical,Wood,27.0,10.0,349.0,1976,49,Yes,Expressive,Gallery Exhibition,3.26,3.31
Modern_Dwayne_5951,Dwayne Callaway,0.59,Modern,Brass,42.0,21.0,187059.0,1884,141,No,Rustic,Auctioned in London,540.08,654.71
Minimalist_Pedro_5952,Pedro Lewis,0.56,Minimalist,Brass,27.0,11.0,24913.0,2012,13,Yes,Elegant,Gallery Exhibition,21.88,22.62
Modern_Anthony_5953,Anthony Finch,0.81,Modern,Wood,14.0,6.0,210.0,1893,132,No,Polished,Auctioned in London,4.28,4.5
Abstract_Rebecca_5954,Rebecca Blackwell,0.86,Abstract,Bronze,5.0,,61.0,1856,169,No,Polished,Gallery Exhibition,5.0,4.79
Modern_William_5955,William Baker,0.01,Modern,Stone,5.0,5.0,3804.0,1915,110,No,Expressive,Museum Deaccession,5.61,6.58
Minimalist_Tiffany_5956,Tiffany Jenkins,0.33,Minimalist,Stone,37.0,16.0,8062674.0,1875,150,No,Expressive,Private Collection,31920.38,47670.02
Baroque_Eric_5957,Eric Silva,0.78,Baroque,Brass,21.0,9.0,11595.0,1974,51,Yes,Rustic,Museum Deaccession,18.07,27.56
Renaissance_David_5958,David Leffler,0.45,Renaissance,Marble,5.0,,1124.0,1904,121,No,Vibrant,Private Collection,2.69,3.68
Contemporary_Kathleen_5959,Kathleen Mayen,,Contemporary,Stone,35.0,17.0,3301217.0,1881,144,No,Expressive,Acquired from Artist,1279.24,1819.37
Baroque_Howard_5960,Howard Burkholder,0.16,Baroque,Brass,17.0,7.0,7622.0,1977,48,Yes,Polished,Inherited Estate,22.15,21.72
Contemporary_Jena_5961,Jena Abel,0.08,Contemporary,,43.0,20.0,4443210.0,1958,67,Yes,Polished,Acquired from Artist,5390.86,5582.29
Minimalist_Mark_5962,Mark Lambert,,Minimalist,Aluminium,6.0,5.0,101.0,1887,138,No,Vibrant,Auctioned in London,3.2,4.25
Modern_Amanda_5963,Amanda Steen,0.66,Modern,Bronze,20.0,11.0,6793.0,1919,106,No,Elegant,Private Collection,31.24,30.26
Baroque_Eleanor_5964,Eleanor Carlson,0.17,Baroque,Wood,14.0,7.0,171.0,1957,68,Yes,Elegant,Acquired from Artist,4.32,6.48
Abstract_Christopher_5965,Christopher Lore,0.85,Abstract,Brass,13.0,8.0,4132.0,2005,20,Yes,Vibrant,Gallery Exhibition,17.71,26.88
Contemporary_Marilyn_5966,Marilyn Gardiner,0.6,Contemporary,Marble,34.0,,,1893,132,No,Polished,Auctioned in New York,4796.99,5534.48
Contemporary_Michael_5967,Michael Southwood,0.16,Contemporary,Marble,3.0,3.0,253.0,1879,146,No,Rustic,Acquired from Artist,2.37,3.37
Abstract_Kristina_5968,Kristina Myers,,Abstract,Stone,39.0,,3450468.0,1978,47,Yes,Minimal,Auctioned in London,16462.25,15663.95
Abstract_James_5969,James Richards,0.87,Abstract,Bronze,41.0,10.0,,1979,46,Yes,Polished,Gallery Exhibition,23.38,27.18
Contemporary_Kenneth_5970,Kenneth Hamilton,0.57,Contemporary,Bronze,17.0,8.0,3110.0,1943,82,No,Intricate,Private Collection,10.05,9.32
Classical_Shirley_5971,Shirley Mullen,0.89,Classical,Brass,19.0,8.0,8052.0,1938,87,No,Polished,Museum Deaccession,19.89,30.07
Abstract_Rose_5972,Rose Hicks,0.19,Abstract,Aluminium,20.0,8.0,574.0,1866,159,No,Rustic,Acquired from Artist,3.87,4.07
Modern_James_5973,James Richard,,Modern,Aluminium,27.0,13.0,2170.0,1914,111,No,Minimal,Inherited Estate,4.29,5.18
Modern_George_5974,George Browne,0.34,Modern,,41.0,14.0,301.0,1970,55,Yes,Minimal,Acquired from Artist,6.44,6.21
Baroque_Catherine_5975,Catherine Lechner,0.7,Baroque,Stone,29.0,,1060749.0,1866,159,No,Expressive,Acquired from Artist,3719.69,3739.99
Classical_Grant_5976,Grant Colflesh,,Classical,Marble,30.0,18.0,1450113.0,1885,140,No,Elegant,Auctioned in London,2064.92,2136.26
Minimalist_Irwin_5977,Irwin Shawler,0.79,Minimalist,Clay,43.0,21.0,14529.0,1876,149,No,Polished,Acquired from Artist,71.89,115.84
Baroque_Janet_5978,Janet Coleman,0.13,Baroque,Wood,,7.0,210.0,1924,101,No,Expressive,Gallery Exhibition,5.2,5.29
Abstract_Amy_5979,Amy Poole,0.57,Abstract,Marble,24.0,12.0,467435.0,1960,65,Yes,Intricate,Private Collection,463.62,666.18
Renaissance_Vince_5980,Vince Ekberg,0.84,Renaissance,Bronze,28.0,8.0,4320.0,2010,15,Yes,Expressive,Museum Deaccession,13.86,14.71
Contemporary_Angela_5981,Angela Van,0.16,Contemporary,Marble,28.0,9.0,392789.0,1870,155,No,Polished,Gallery Exhibition,1241.88,1157.18
Baroque_Stacy_5982,Stacy Coston,0.67,Baroque,Bronze,6.0,4.0,174.0,1979,46,Yes,Rustic,Museum Deaccession,4.19,6.17
Classical_Grace_5983,Grace Peltier,0.36,Classical,,10.0,4.0,,1886,139,No,Expressive,Gallery Exhibition,4.69,4.33
Abstract_Elizabeth_5984,Elizabeth Leggett,,Abstract,,9.0,4.0,1105.0,2007,18,Yes,Elegant,Auctioned in London,4.34,5.49
Abstract_Marcus_5985,Marcus Noffsinger,0.94,Abstract,Aluminium,12.0,7.0,312.0,2018,7,Yes,Intricate,Inherited Estate,5.01,4.61
Contemporary_Michelle_5986,Michelle Nunley,0.11,Contemporary,Bronze,27.0,17.0,17982.0,1994,31,Yes,Intricate,Private Collection,5.02,7.72
Abstract_Dean_5987,Dean Elfrink,0.19,Abstract,Marble,25.0,9.0,296913.0,1976,49,Yes,Intricate,Private Collection,366.24,508.68
Contemporary_Patricia_5988,Patricia Williams,0.46,Contemporary,Wood,12.0,6.0,119.0,1939,86,No,Elegant,Acquired from Artist,5.07,5.05
Baroque_Matthew_5989,Matthew Kirksey,0.38,Baroque,,23.0,,12690.0,1890,135,No,Polished,Private Collection,36.48,57.82
Abstract_Yvette_5990,Yvette Garner,0.11,Abstract,Aluminium,21.0,7.0,827.0,2000,25,Yes,Elegant,Auctioned in New York,3.92,6.18
Minimalist_Lisa_5991,Lisa Fox,0.31,Minimalist,Marble,13.0,7.0,26167.0,1899,126,No,Expressive,Private Collection,20.7,26.11
Renaissance_Mary_5992,Mary Puckett,0.18,Renaissance,Stone,51.0,25.0,19388767.0,1874,151,No,Vibrant,Gallery Exhibition,26854.81,38903.18
Modern_Amanda_5993,Amanda Couley,,Modern,Clay,15.0,8.0,321.0,1921,104,No,Minimal,Museum Deaccession,6.0,6.55
Contemporary_John_5994,John Karnes,0.73,Contemporary,Aluminium,29.0,8.0,,1895,130,No,Vibrant,Acquired from Artist,4.66,5.16
Baroque_Rodrick_5995,Rodrick Perkins,0.21,Baroque,Clay,10.0,5.0,333.0,2001,24,Yes,Intricate,Inherited Estate,2.32,3.46
Classical_Grant_5996,Grant Gore,0.58,Classical,Bronze,8.0,4.0,365.0,1990,35,Yes,Intricate,Auctioned in London,4.58,5.24
Contemporary_Nathaniel_5997,Nathaniel Diberardino,0.35,Contemporary,,16.0,7.0,5603.0,1903,122,No,Rustic,Inherited Estate,11.28,14.48
Abstract_Jan_5998,Jan Dutton,0.07,Abstract,,4.0,3.0,96.0,1898,127,No,Polished,Inherited Estate,3.33,3.9
Classical_Charles_5999,Charles Petti,0.65,Classical,Aluminium,25.0,8.0,927.0,1928,97,No,Rustic,Museum Deaccession,6.09,5.91
Modern_Laura_6000,Laura Meixner,0.21,Modern,Bronze,23.0,9.0,7359.0,1896,129,No,Minimal,Inherited Estate,2.49,4.12
Baroque_Wilfredo_6001,Wilfredo Weil,0.53,Baroque,Brass,26.0,10.0,,1959,66,Yes,Vibrant,Acquired from Artist,9.04,12.48
Minimalist_Sheila_6002,Sheila Eiland,0.19,Minimalist,Marble,,10.0,,1970,55,Yes,Rustic,Inherited Estate,749.45,861.08
Renaissance_Clare_6003,Clare Scott,0.03,Renaissance,Wood,6.0,5.0,47.0,1913,112,No,Rustic,Museum Deaccession,3.32,4.0
Minimalist_Marcus_6004,Marcus Lemos,0.34,Minimalist,Brass,28.0,11.0,20433.0,1942,83,No,Expressive,Private Collection,24.89,22.75
Contemporary_Mark_6005,Mark Wright,0.44,Contemporary,Aluminium,20.0,7.0,585.0,1897,128,No,Intricate,Auctioned in London,6.22,6.81
Renaissance_Patricia_6006,Patricia Boyd,0.94,Renaissance,Aluminium,5.0,4.0,47.0,1885,140,No,Vibrant,Acquired from Artist,4.74,4.86
Renaissance_Donald_6007,Donald Shufelt,0.77,Renaissance,Clay,21.0,8.0,1908.0,1870,155,No,Polished,Inherited Estate,6.07,8.0
Classical_Mary_6008,Mary Harris,0.66,Classical,,36.0,13.0,1372651.0,1958,67,Yes,Polished,Auctioned in London,2542.98,4197.39
Contemporary_Susan_6009,Susan Reagan,0.37,Contemporary,Clay,12.0,6.0,414.0,1898,127,No,Polished,Auctioned in New York,3.26,4.92
Renaissance_Edward_6010,Edward Rose,0.82,Renaissance,Aluminium,26.0,,1487.0,1988,37,Yes,Polished,Inherited Estate,7.48,10.68
Abstract_Cheryl_6011,Cheryl Marchand,0.59,Abstract,Brass,17.0,9.0,7414.0,1929,96,No,Minimal,Auctioned in New York,35.03,46.69
Modern_Clara_6012,Clara Askew,0.79,Modern,Bronze,16.0,7.0,4270.0,1871,154,No,Expressive,Auctioned in New York,17.9,16.84
Abstract_Jeremy_6013,Jeremy Hall,0.5,Abstract,Marble,26.0,17.0,1280524.0,1861,164,No,Minimal,Private Collection,2508.49,2681.22
Minimalist_Corey_6014,Corey Dockstader,0.01,Minimalist,Clay,7.0,5.0,111.0,1920,105,No,Polished,Acquired from Artist,4.98,5.04
Renaissance_Carl_6015,Carl Blanchard,0.21,Renaissance,Wood,13.0,8.0,169.0,1972,53,Yes,Vibrant,Gallery Exhibition,5.43,6.1
Classical_John_6016,John Vega,0.31,Classical,,26.0,,130282.0,2012,13,Yes,Polished,Museum Deaccession,44.81,53.21
Abstract_Virginia_6017,Virginia Kroells,0.47,Abstract,Clay,19.0,8.0,2051.0,1906,119,No,Intricate,Inherited Estate,3.7,3.91
Classical_Valerie_6018,Valerie Cordier,0.3,Classical,Stone,14.0,6.0,47564.0,2019,6,Yes,Rustic,Museum Deaccession,125.42,114.61
Classical_Allan_6019,Allan Barboza,0.3,Classical,,39.0,10.0,,1957,68,Yes,Expressive,Gallery Exhibition,5.64,7.05
Modern_Roberta_6020,Roberta Wilhelm,0.57,Modern,Clay,23.0,6.0,1208.0,1858,167,No,Rustic,Acquired from Artist,6.34,6.52
Contemporary_Larry_6021,Larry Carpenter,0.05,Contemporary,Bronze,,,22263.0,1931,94,No,Polished,Inherited Estate,18.81,22.61
Modern_Sandra_6022,Sandra Berry,0.8,Modern,Aluminium,29.0,9.0,1260.0,1931,94,No,Vibrant,Inherited Estate,8.19,11.77
Abstract_Matthew_6023,Matthew Lucas,0.71,Abstract,Stone,37.0,13.0,3126988.0,1852,173,No,Rustic,Gallery Exhibition,10587.02,14889.4
Baroque_Barbara_6024,Barbara Wescott,0.71,Baroque,,27.0,,11101.0,1952,73,Yes,Expressive,Museum Deaccession,9.03,11.26
Abstract_Kurtis_6025,Kurtis Bicknell,0.48,Abstract,Marble,32.0,7.0,258107.0,2001,24,Yes,Expressive,Museum Deaccession,448.12,702.4
Modern_Mary_6026,Mary Ramos,0.37,Modern,Aluminium,26.0,8.0,480.0,1851,174,No,Elegant,Acquired from Artist,3.1,3.33
Renaissance_Warren_6027,Warren Lee,0.34,Renaissance,Brass,3.0,3.0,42.0,1946,79,No,Intricate,Inherited Estate,4.7,6.28
Renaissance_Samuel_6028,Samuel Michaud,0.59,Renaissance,Marble,15.0,6.0,17897.0,1996,29,Yes,Expressive,Gallery Exhibition,59.06,96.23
Classical_Daniel_6029,Daniel Kwong,0.66,Classical,Stone,8.0,4.0,5369.0,2006,19,Yes,Polished,Gallery Exhibition,15.11,14.98
Classical_Mary_6030,Mary Fuentes,0.93,Classical,Aluminium,23.0,10.0,1044.0,1866,159,No,Vibrant,Museum Deaccession,2.93,3.41
Modern_Fran_6031,Fran Howe,0.13,Modern,Wood,13.0,7.0,89.0,1941,84,No,Expressive,Auctioned in New York,2.74,3.48
Contemporary_Deidra_6032,Deidra Delbridge,0.22,Contemporary,Stone,16.0,8.0,51706.0,1967,58,Yes,Intricate,Private Collection,258.35,268.77
Modern_Edna_6033,Edna Brooks,0.79,Modern,,,11.0,902818.0,1898,127,No,Rustic,Acquired from Artist,2399.49,2234.55
Baroque_Joyce_6034,Joyce Jennings,0.55,Baroque,Clay,9.0,,,1864,161,No,Rustic,Private Collection,3.13,3.11
Renaissance_James_6035,James White,0.62,Renaissance,Clay,35.0,9.0,4435.0,1974,51,Yes,Polished,Gallery Exhibition,12.83,11.89
Classical_Richard_6036,Richard Collins,0.32,Classical,Aluminium,28.0,7.0,548.0,1850,175,No,Expressive,Auctioned in London,2.91,4.02
Minimalist_Carol_6037,Carol Guerin,0.16,Minimalist,,28.0,21.0,1015.0,1934,91,No,Rustic,Auctioned in New York,3.12,5.0
Modern_Helen_6038,Helen Kobayashi,0.41,Modern,,,4.0,81.0,1903,122,No,Rustic,Gallery Exhibition,2.99,3.98
Abstract_Paul_6039,Paul Crandle,,Abstract,Wood,19.0,6.0,226.0,1934,91,No,Vibrant,Acquired from Artist,2.11,3.22
Renaissance_Irene_6040,Irene Knight,0.74,Renaissance,Clay,33.0,9.0,,1936,89,No,Minimal,Private Collection,4.27,5.74
Renaissance_Justine_6041,Justine Odonell,0.09,Renaissance,Bronze,8.0,4.0,460.0,1918,107,No,Vibrant,Auctioned in London,4.01,6.11
Baroque_Michael_6042,Michael Pelton,0.2,Baroque,Brass,4.0,3.0,117.0,1864,161,No,Expressive,Auctioned in London,2.81,3.37
Baroque_Danny_6043,Danny Hill,0.65,Baroque,Brass,22.0,16.0,39040.0,1856,169,No,Rustic,Auctioned in London,28.47,35.45
Renaissance_Christina_6044,Christina Meng,0.44,Renaissance,Wood,35.0,16.0,707.0,1887,138,No,Vibrant,Auctioned in London,3.45,4.71
Classical_Kevin_6045,Kevin Mullins,0.6,Classical,Wood,50.0,23.0,1576.0,1866,159,No,Rustic,Inherited Estate,3.56,5.77
Modern_Erica_6046,Erica Garcia,0.32,Modern,Clay,6.0,,168.0,1963,62,Yes,Expressive,Inherited Estate,3.02,3.06
Classical_James_6047,James Smith,0.01,Classical,Wood,,11.0,1041.0,1954,71,Yes,Rustic,Private Collection,2.94,3.01
Abstract_Hilda_6048,Hilda Arnett,0.54,Abstract,Aluminium,14.0,7.0,191.0,1945,80,No,Minimal,Auctioned in London,4.77,6.14
Contemporary_Sara_6049,Sara Hale,0.44,Contemporary,Bronze,15.0,,,1894,131,No,Intricate,Auctioned in London,17.25,16.94
Renaissance_Jody_6050,Jody Irizarry,0.63,Renaissance,Clay,12.0,8.0,237.0,2000,25,Yes,Polished,Acquired from Artist,3.78,4.15
Baroque_Eileen_6051,Eileen House,0.22,Baroque,Wood,6.0,4.0,26.0,1984,41,Yes,Elegant,Auctioned in London,4.94,4.89
Baroque_Stella_6052,Stella Peters,,Baroque,,16.0,6.0,119.0,1912,113,No,Intricate,Auctioned in London,3.78,5.95
Modern_Benjamin_6053,Benjamin Tirey,,Modern,Marble,29.0,16.0,1319512.0,2005,20,Yes,Rustic,Private Collection,1303.52,1404.66
Renaissance_Richard_6054,Richard Leone,0.77,Renaissance,Marble,32.0,9.0,491427.0,1943,82,No,Intricate,Auctioned in London,603.84,779.15
Contemporary_Norma_6055,Norma Centeno,0.05,Contemporary,Bronze,13.0,7.0,2582.0,1937,88,No,Vibrant,Auctioned in London,6.98,6.78
Classical_Scott_6056,Scott Gasca,,Classical,,12.0,7.0,643.0,2004,21,Yes,Vibrant,Auctioned in London,4.7,5.94
Baroque_Derrick_6057,Derrick Jacome,0.73,Baroque,Brass,3.0,2.0,24.0,1872,153,No,Intricate,Museum Deaccession,5.97,6.54
Classical_Garfield_6058,Garfield Washington,0.1,Classical,Aluminium,18.0,6.0,239.0,1913,112,No,Elegant,Inherited Estate,2.48,3.45
Baroque_Clarence_6059,Clarence Hales,0.7,Baroque,Brass,30.0,12.0,,1952,73,Yes,Intricate,Gallery Exhibition,105.68,142.09
Modern_Sheila_6060,Sheila Johnson,0.63,Modern,Clay,30.0,14.0,3235.0,1936,89,No,Expressive,Auctioned in New York,15.93,15.02
Contemporary_Mary_6061,Mary Saulter,0.01,Contemporary,Clay,15.0,6.0,834.0,2016,9,Yes,Vibrant,Acquired from Artist,3.66,4.39
Contemporary_Nellie_6062,Nellie Wank,0.06,Contemporary,Marble,20.0,,118862.0,1856,169,No,Vibrant,Private Collection,239.92,246.29
Renaissance_Carolyn_6063,Carolyn Wood,0.76,Renaissance,,30.0,17.0,,1990,35,Yes,Vibrant,Auctioned in New York,15022.05,18173.51
Classical_Linda_6064,Linda Peterson,0.82,Classical,Stone,32.0,9.0,740621.0,1854,171,No,Intricate,Auctioned in London,830.38,1248.41
Modern_Rashida_6065,Rashida Schuch,0.26,Modern,Clay,12.0,7.0,609.0,2004,21,Yes,Expressive,Gallery Exhibition,2.59,3.92
Classical_Ruby_6066,Ruby Schlagel,0.16,Classical,Clay,12.0,8.0,676.0,1880,145,No,Expressive,Auctioned in New York,4.3,6.41
Baroque_Rosalina_6067,Rosalina Schaeffer,0.2,Baroque,Clay,33.0,27.0,15043.0,1961,64,Yes,Elegant,Auctioned in London,19.18,29.06
Renaissance_David_6068,David Samuelson,0.61,Renaissance,Clay,17.0,10.0,,1951,74,Yes,Expressive,Gallery Exhibition,2.88,3.81
Contemporary_Rhonda_6069,Rhonda Chamberlain,0.15,Contemporary,Aluminium,35.0,14.0,2828.0,1860,165,No,Intricate,Auctioned in New York,5.41,5.39
Modern_Shawn_6070,Shawn Kral,0.41,Modern,Brass,22.0,6.0,7590.0,1891,134,No,Minimal,Auctioned in London,19.91,23.88
Abstract_Shanna_6071,Shanna Mayfield,0.53,Abstract,Brass,35.0,14.0,,1951,74,Yes,Vibrant,Museum Deaccession,40.49,44.89
Abstract_Cornelius_6072,Cornelius Kiley,0.71,Abstract,Stone,41.0,10.0,1392423.0,1917,108,No,Elegant,Acquired from Artist,8046.24,8898.85
Minimalist_Brenda_6073,Brenda Robinson,0.68,Minimalist,Clay,28.0,13.0,4746.0,1880,145,No,Rustic,Auctioned in London,12.87,13.31
Abstract_Merle_6074,Merle Matherly,0.7,Abstract,Bronze,22.0,8.0,8418.0,1886,139,No,Elegant,Gallery Exhibition,15.24,20.24
Contemporary_Camilla_6075,Camilla Donley,0.57,Contemporary,Clay,6.0,4.0,58.0,1915,110,No,Rustic,Inherited Estate,5.94,5.86
Renaissance_Cynthia_6076,Cynthia Scott,0.17,Renaissance,,28.0,8.0,342.0,1996,29,Yes,Elegant,Gallery Exhibition,5.68,5.76
Contemporary_Christina_6077,Christina Hansen,0.09,Contemporary,Marble,10.0,4.0,5629.0,1949,76,No,Intricate,Acquired from Artist,6.94,6.74
Baroque_Sam_6078,Sam Holmes,0.03,Baroque,Stone,43.0,18.0,13423877.0,1926,99,No,Polished,Inherited Estate,17310.8,21116.68
Abstract_Irvin_6079,Irvin Ratliff,0.13,Abstract,,,,,1879,146,No,Vibrant,Private Collection,121.78,137.59
Modern_Kelly_6080,Kelly Kinney,,Modern,Clay,22.0,10.0,1767.0,1878,147,No,Vibrant,Acquired from Artist,7.21,6.97
Renaissance_George_6081,George Hesse,0.77,Renaissance,Stone,35.0,7.0,687467.0,1939,86,No,Intricate,Acquired from Artist,3111.94,2986.02
Abstract_Lee_6082,Lee Patterson,0.5,Abstract,Clay,8.0,4.0,99.0,2003,22,Yes,Expressive,Acquired from Artist,2.4,3.67
Renaissance_Terrence_6083,Terrence Mcneil,0.4,Renaissance,Wood,17.0,10.0,308.0,2001,24,Yes,Minimal,Acquired from Artist,3.38,3.82
Minimalist_Christine_6084,Christine Carpenter,0.66,Minimalist,Clay,40.0,21.0,9757.0,1951,74,Yes,Minimal,Auctioned in New York,67.2,73.63
Classical_Joyce_6085,Joyce Hobbs,,Classical,Brass,22.0,6.0,4037.0,1895,130,No,Rustic,Acquired from Artist,3.57,4.06
Abstract_Lois_6086,Lois Weinberg,0.48,Abstract,Stone,19.0,10.0,320760.0,2007,18,Yes,Elegant,Gallery Exhibition,1475.83,1783.24
Modern_Benjamin_6087,Benjamin Uppencamp,0.04,Modern,Marble,18.0,,90610.0,1916,109,No,Expressive,Gallery Exhibition,67.68,82.76
Contemporary_Ann_6088,Ann Obrien,0.01,Contemporary,Brass,19.0,10.0,9196.0,1997,28,Yes,Rustic,Gallery Exhibition,16.69,23.83
Abstract_Marcia_6089,Marcia Hupp,0.9,Abstract,,24.0,15.0,2585.0,1945,80,No,Elegant,Gallery Exhibition,11.2,13.42
Contemporary_Mike_6090,Mike Kornegay,0.35,Contemporary,Stone,,6.0,71515.0,1870,155,No,Rustic,Auctioned in London,279.43,331.41
Modern_Thelma_6091,Thelma Kelley,0.34,Modern,Wood,9.0,5.0,82.0,1867,158,No,Polished,Acquired from Artist,5.11,5.5
Minimalist_Linda_6092,Linda Taylor,0.98,Minimalist,Aluminium,5.0,4.0,39.0,1874,151,No,Polished,Museum Deaccession,2.74,4.12
Contemporary_Ray_6093,Ray Magee,0.73,Contemporary,Stone,13.0,8.0,81357.0,2020,5,Yes,Intricate,Acquired from Artist,280.44,352.27
Modern_Rita_6094,Rita Robertson,0.39,Modern,Aluminium,8.0,5.0,200.0,1926,99,No,Expressive,Private Collection,3.77,4.14
Renaissance_Bryan_6095,Bryan Clark,0.11,Renaissance,,35.0,8.0,430.0,1887,138,No,Expressive,Auctioned in London,5.45,6.48
Contemporary_Jessie_6096,Jessie Barrocas,0.27,Contemporary,Aluminium,29.0,8.0,1163.0,1990,35,Yes,Elegant,Auctioned in New York,6.28,6.74
Abstract_Betty_6097,Betty Freiseis,0.57,Abstract,Stone,30.0,27.0,14405551.0,1926,99,No,Vibrant,Acquired from Artist,4562.21,7353.52
Classical_Janelle_6098,Janelle Garcia,0.43,Classical,Stone,5.0,4.0,639.0,1859,166,No,Elegant,Museum Deaccession,4.22,4.58
Minimalist_Luann_6099,Luann West,0.75,Minimalist,Marble,19.0,8.0,113349.0,1853,172,No,Minimal,Auctioned in New York,601.55,722.65
Minimalist_Kelly_6100,Kelly Stephens,0.86,Minimalist,Marble,,,65202.0,1981,44,Yes,Rustic,Inherited Estate,97.38,159.88
Abstract_Carlotta_6101,Carlotta Taylor,,Abstract,,34.0,13.0,19300.0,1975,50,Yes,Vibrant,Inherited Estate,33.15,30.67
Classical_Pauline_6102,Pauline Crosby,0.53,Classical,Stone,42.0,20.0,5948486.0,1993,32,Yes,Elegant,Private Collection,8866.17,13352.03
Minimalist_Mary_6103,Mary Gomez,0.6,Minimalist,Marble,19.0,14.0,224116.0,1943,82,No,Expressive,Private Collection,769.4,1081.2
Baroque_Renee_6104,Renee Shaw,0.37,Baroque,Marble,35.0,18.0,1480729.0,1899,126,No,Rustic,Auctioned in New York,3069.35,4426.61
Baroque_Charles_6105,Charles Fenn,0.11,Baroque,Aluminium,37.0,,3303.0,1949,76,No,Intricate,Gallery Exhibition,5.25,8.17
Renaissance_Christopher_6106,Christopher Leutwiler,0.54,Renaissance,Marble,5.0,3.0,570.0,1904,121,No,Polished,Acquired from Artist,5.37,6.7
Contemporary_Sidney_6107,Sidney Hicks,0.21,Contemporary,Aluminium,27.0,13.0,671.0,1926,99,No,Minimal,Auctioned in London,4.82,6.31
Contemporary_Magdalena_6108,Magdalena Morris,,Contemporary,Marble,16.0,6.0,35643.0,1968,57,Yes,Minimal,Gallery Exhibition,155.05,200.27
Contemporary_Nora_6109,Nora Ricci,0.33,Contemporary,Bronze,27.0,6.0,3937.0,1858,167,No,Expressive,Auctioned in New York,4.82,5.7
Classical_John_6110,John Austin,,Classical,Stone,30.0,19.0,7426833.0,1915,110,No,Expressive,Auctioned in New York,27967.81,32692.58
Modern_Patrick_6111,Patrick Sonderegger,0.02,Modern,Stone,29.0,12.0,1515140.0,1863,162,No,Minimal,Inherited Estate,2065.27,3134.78
Abstract_Marjorie_6112,Marjorie Roosevelt,0.35,Abstract,,4.0,4.0,204.0,1907,118,No,Expressive,Gallery Exhibition,3.06,3.87
Renaissance_David_6113,David Adams,0.44,Renaissance,Clay,15.0,7.0,838.0,1908,117,No,Rustic,Auctioned in London,2.16,3.12
Classical_Natividad_6114,Natividad Mitchell,,Classical,,26.0,14.0,2300.0,1882,143,No,Expressive,Gallery Exhibition,5.53,5.17
Abstract_Lauri_6115,Lauri Stewart,0.5,Abstract,Brass,19.0,8.0,2607.0,1936,89,No,Intricate,Inherited Estate,14.24,14.02
Modern_Arlene_6116,Arlene Moss,0.12,Modern,Clay,22.0,15.0,3029.0,1906,119,No,Vibrant,Auctioned in New York,9.21,8.8
Baroque_Evelyn_6117,Evelyn Johnson,0.13,Baroque,Marble,17.0,,208797.0,1867,158,No,Intricate,Auctioned in London,414.26,503.73
Modern_Clara_6118,Clara Bailey,,Modern,Brass,9.0,,,1881,144,No,Intricate,Auctioned in New York,5.4,4.93
Contemporary_Carol_6119,Carol Freeman,0.81,Contemporary,Brass,,13.0,35843.0,1968,57,Yes,Polished,Auctioned in New York,29.08,29.75
Modern_Crystal_6120,Crystal Wayne,0.11,Modern,Stone,12.0,6.0,37823.0,1950,75,No,Vibrant,Inherited Estate,45.53,47.19
Modern_Trina_6121,Trina Anderson,0.65,Modern,Clay,11.0,6.0,368.0,1980,45,Yes,Polished,Gallery Exhibition,4.82,4.7
Baroque_Lucia_6122,Lucia Bascom,0.47,Baroque,Marble,19.0,10.0,257749.0,1857,168,No,Expressive,Gallery Exhibition,649.06,598.06
Abstract_Thomas_6123,Thomas Campbell,0.68,Abstract,Aluminium,23.0,7.0,638.0,1905,120,No,Vibrant,Museum Deaccession,6.75,6.54
Classical_Donna_6124,Donna Morger,0.7,Classical,Aluminium,8.0,4.0,146.0,1961,64,Yes,Minimal,Gallery Exhibition,3.12,4.31
Renaissance_Cheryl_6125,Cheryl Burton,0.22,Renaissance,Aluminium,,10.0,743.0,1951,74,Yes,Intricate,Acquired from Artist,6.26,5.71
Renaissance_Thomas_6126,Thomas Nairn,0.77,Renaissance,Brass,31.0,15.0,25100.0,1983,42,Yes,Minimal,Acquired from Artist,125.68,143.51
Minimalist_Paul_6127,Paul Coleman,,Minimalist,Wood,15.0,,165.0,1988,37,Yes,Polished,Inherited Estate,2.1,3.32
Baroque_Alfred_6128,Alfred Christensen,0.48,Baroque,Stone,15.0,7.0,108417.0,2014,11,Yes,Elegant,Acquired from Artist,759.29,727.24
Contemporary_Lynn_6129,Lynn Ramirez,0.66,Contemporary,Brass,19.0,,,1977,48,Yes,Minimal,Auctioned in New York,72.17,75.35
Minimalist_Robert_6130,Robert Cook,,Minimalist,Bronze,9.0,4.0,154.0,1857,168,No,Minimal,Museum Deaccession,3.4,4.15
Abstract_Seth_6131,Seth Golan,0.5,Abstract,Bronze,9.0,4.0,,1955,70,Yes,Elegant,Acquired from Artist,3.34,3.17
Abstract_Margo_6132,Margo Peters,0.68,Abstract,Stone,38.0,12.0,2508402.0,1907,118,No,Polished,Private Collection,11081.45,13280.93
Classical_Charles_6133,Charles Palos,0.68,Classical,Stone,52.0,45.0,117927869.0,1868,157,No,Elegant,Private Collection,284301.73,382385.67
Minimalist_Deborah_6134,Deborah Barreto,0.84,Minimalist,Brass,14.0,8.0,6247.0,1905,120,No,Rustic,Auctioned in London,44.07,49.5
Contemporary_Sarah_6135,Sarah Hotton,0.27,Contemporary,Stone,11.0,7.0,46580.0,1879,146,No,Rustic,Private Collection,67.53,104.14
Minimalist_Mary_6136,Mary Jensen,0.57,Minimalist,Stone,18.0,7.0,100871.0,1892,133,No,Polished,Acquired from Artist,186.44,250.69
Renaissance_Ethan_6137,Ethan Walker,0.78,Renaissance,Aluminium,,6.0,,1961,64,Yes,Intricate,Acquired from Artist,2.21,3.19
Modern_Millie_6138,Millie Watson,0.57,Modern,Wood,,14.0,,1946,79,No,Intricate,Gallery Exhibition,2.33,3.12
Renaissance_Velma_6139,Velma Lachner,0.39,Renaissance,Clay,12.0,6.0,334.0,1945,80,No,Elegant,Acquired from Artist,3.51,4.55
Classical_Joseph_6140,Joseph Brooks,0.56,Classical,Marble,23.0,8.0,227096.0,1854,171,No,Expressive,Private Collection,363.13,437.58
Renaissance_Tony_6141,Tony Delatorre,0.31,Renaissance,Brass,39.0,13.0,63879.0,1938,87,No,Expressive,Inherited Estate,39.9,36.96
Modern_Rita_6142,Rita Long,0.53,Modern,Wood,8.0,4.0,28.0,1961,64,Yes,Rustic,Gallery Exhibition,4.54,4.98
Classical_Connie_6143,Connie Holliday,0.36,Classical,Brass,8.0,5.0,686.0,1941,84,No,Rustic,Auctioned in London,2.92,3.15
Modern_Karen_6144,Karen Regan,0.53,Modern,Stone,8.0,5.0,11393.0,1940,85,No,Polished,Gallery Exhibition,7.18,9.41
Modern_Michael_6145,Michael Medina,0.37,Modern,Bronze,20.0,10.0,5952.0,1864,161,No,Rustic,Gallery Exhibition,14.75,15.94
Baroque_Sidney_6146,Sidney Shilt,0.59,Baroque,Bronze,39.0,20.0,92306.0,1889,136,No,Minimal,Auctioned in New York,471.71,669.69
Abstract_Guy_6147,Guy Garza,0.1,Abstract,Aluminium,6.0,5.0,54.0,1927,98,No,Vibrant,Gallery Exhibition,6.16,6.34
Classical_Robert_6148,Robert Abramowski,0.12,Classical,Wood,25.0,14.0,175.0,1983,42,Yes,Intricate,Auctioned in New York,5.22,6.82
Abstract_Hattie_6149,Hattie Glory,0.39,Abstract,Bronze,14.0,7.0,2869.0,1939,86,No,Rustic,Private Collection,6.87,8.23
Minimalist_John_6150,John Newmark,0.69,Minimalist,Brass,37.0,9.0,38148.0,1887,138,No,Expressive,Auctioned in London,118.37,140.38
Minimalist_Isaac_6151,Isaac Torres,0.39,Minimalist,Stone,,6.0,42180.0,1960,65,Yes,Elegant,Auctioned in London,99.22,129.57
Minimalist_Madeline_6152,Madeline Sharpe,0.38,Minimalist,Wood,37.0,11.0,,1976,49,Yes,Intricate,Auctioned in New York,5.22,6.71
Classical_Nathan_6153,Nathan Romero,0.98,Classical,Aluminium,12.0,8.0,,1886,139,No,Vibrant,Acquired from Artist,4.11,5.54
Baroque_Trinidad_6154,Trinidad Bott,0.39,Baroque,,15.0,8.0,,1932,93,No,Elegant,Acquired from Artist,55.92,72.49
Abstract_Lana_6155,Lana Stembridge,0.14,Abstract,Clay,33.0,15.0,7113.0,1970,55,Yes,Rustic,Gallery Exhibition,4.76,7.58
Contemporary_Max_6156,Max Ball,0.62,Contemporary,Bronze,10.0,5.0,873.0,1906,119,No,Intricate,Acquired from Artist,6.72,6.32
Minimalist_Cheri_6157,Cheri Paul,0.31,Minimalist,Wood,26.0,8.0,194.0,1969,56,Yes,Elegant,Gallery Exhibition,5.69,5.95
Renaissance_Della_6158,Della Burton,0.02,Renaissance,,14.0,,64235.0,1887,138,No,Intricate,Gallery Exhibition,21.7,26.62
Modern_Rowena_6159,Rowena Rodriguez,0.67,Modern,Marble,54.0,14.0,5378831.0,1935,90,No,Rustic,Private Collection,24149.96,25027.42
Minimalist_Esther_6160,Esther Betancourt,0.85,Minimalist,Brass,5.0,,249.0,2018,7,Yes,Vibrant,Acquired from Artist,3.31,3.58
Renaissance_Jacob_6161,Jacob Calvello,0.14,Renaissance,Aluminium,15.0,8.0,326.0,1965,60,Yes,Elegant,Auctioned in London,4.84,6.54
Contemporary_John_6162,John Allen,0.27,Contemporary,Clay,7.0,4.0,,1974,51,Yes,Vibrant,Private Collection,2.17,3.51
Baroque_John_6163,John Childress,0.92,Baroque,Stone,24.0,15.0,,1906,119,No,Vibrant,Auctioned in London,15910.26,20725.24
Modern_William_6164,William Rush,0.28,Modern,Aluminium,16.0,8.0,480.0,1850,175,No,Minimal,Museum Deaccession,3.39,4.2
Classical_Patricia_6165,Patricia Caceres,0.4,Classical,Marble,19.0,6.0,26603.0,2013,12,Yes,Elegant,Acquired from Artist,11.23,14.8
Baroque_Sandra_6166,Sandra Anton,0.62,Baroque,Clay,30.0,12.0,3658.0,1900,125,No,Intricate,Auctioned in New York,11.91,17.42
Contemporary_Buddy_6167,Buddy Chan,0.49,Contemporary,Clay,33.0,15.0,9356.0,1920,105,No,Minimal,Gallery Exhibition,15.85,14.69
Abstract_Gwendolyn_6168,Gwendolyn Campbell,0.85,Abstract,Clay,7.0,5.0,114.0,1946,79,No,Minimal,Private Collection,5.74,5.7
Modern_Lauren_6169,Lauren Le,,Modern,,22.0,8.0,,1972,53,Yes,Intricate,Inherited Estate,3.7,4.69
Abstract_Ashley_6170,Ashley Baker,0.71,Abstract,Brass,,11.0,15628.0,1933,92,No,Elegant,Auctioned in New York,21.65,32.22
Contemporary_Ruben_6171,Ruben Gosselin,0.38,Contemporary,Stone,16.0,8.0,,1862,163,No,Intricate,Auctioned in London,897.17,879.77
Classical_Jesus_6172,Jesus Wallace,0.57,Classical,Marble,16.0,6.0,33030.0,1909,116,No,Polished,Gallery Exhibition,222.81,269.93
Baroque_Peter_6173,Peter Gonzalez,0.12,Baroque,Bronze,15.0,6.0,3347.0,2014,11,Yes,Intricate,Museum Deaccession,5.83,6.11
Modern_Paul_6174,Paul Gipson,0.99,Modern,Marble,,11.0,195249.0,1914,111,No,Elegant,Museum Deaccession,391.27,617.22
Modern_John_6175,John Winesett,0.02,Modern,Brass,20.0,11.0,15983.0,1983,42,Yes,Intricate,Acquired from Artist,16.54,24.08
Renaissance_Charlene_6176,Charlene Morgan,0.67,Renaissance,Wood,,11.0,355.0,1921,104,No,Vibrant,Auctioned in New York,4.19,4.28
Minimalist_Walter_6177,Walter Acevedo,0.4,Minimalist,Bronze,28.0,12.0,20677.0,1961,64,Yes,Expressive,Museum Deaccession,65.38,68.6
Renaissance_Christie_6178,Christie Harris,0.15,Renaissance,Bronze,23.0,6.0,4437.0,2001,24,Yes,Rustic,Museum Deaccession,13.02,14.19
Minimalist_Annette_6179,Annette Lewis,0.81,Minimalist,Brass,23.0,11.0,21694.0,1905,120,No,Rustic,Auctioned in London,28.25,41.75
Abstract_Luz_6180,Luz Harville,0.74,Abstract,Aluminium,24.0,8.0,671.0,1905,120,No,Expressive,Private Collection,5.04,5.23
Baroque_Kathy_6181,Kathy Clark,0.28,Baroque,Aluminium,44.0,21.0,7999.0,2009,16,Yes,Minimal,Gallery Exhibition,4.83,5.05
Modern_Edward_6182,Edward Blackman,0.82,Modern,Wood,4.0,4.0,10.0,1895,130,No,Expressive,Private Collection,5.16,5.08
Contemporary_Deanna_6183,Deanna Sykes,0.68,Contemporary,Aluminium,10.0,4.0,90.0,1926,99,No,Vibrant,Museum Deaccession,3.59,5.32
Minimalist_Annie_6184,Annie Mcalpin,,Minimalist,Marble,23.0,10.0,385407.0,2020,5,Yes,Vibrant,Auctioned in New York,933.97,1233.33
Renaissance_Charles_6185,Charles Santiago,0.62,Renaissance,,42.0,18.0,1282.0,1929,96,No,Expressive,Auctioned in New York,10.04,10.99
Classical_Joseph_6186,Joseph Hayden,0.69,Classical,Marble,20.0,7.0,78814.0,1889,136,No,Rustic,Auctioned in London,671.44,640.27
Classical_Jessica_6187,Jessica Willian,0.22,Classical,Clay,54.0,20.0,20239.0,1970,55,Yes,Vibrant,Gallery Exhibition,5.1,8.15
Baroque_Blaine_6188,Blaine Thomas,0.59,Baroque,Clay,22.0,11.0,2607.0,1962,63,Yes,Expressive,Private Collection,8.19,8.77
Baroque_Nancy_6189,Nancy Rudolph,0.66,Baroque,Brass,27.0,6.0,,1902,123,No,Vibrant,Auctioned in New York,35.14,48.6
Minimalist_Roy_6190,Roy Williams,0.38,Minimalist,Brass,22.0,16.0,22289.0,2012,13,Yes,Intricate,Inherited Estate,126.7,120.71
Modern_Christine_6191,Christine Burgos,0.24,Modern,Aluminium,16.0,8.0,168.0,1873,152,No,Minimal,Museum Deaccession,3.69,5.58
Contemporary_John_6192,John Liberto,0.65,Contemporary,Aluminium,28.0,9.0,1795.0,1989,36,Yes,Minimal,Gallery Exhibition,5.23,5.5
Contemporary_Clifford_6193,Clifford Gentile,0.52,Contemporary,,40.0,6.0,7719.0,2003,22,Yes,Rustic,Inherited Estate,26.19,30.53
Contemporary_Teri_6194,Teri Butler,0.03,Contemporary,Marble,28.0,,,1889,136,No,Vibrant,Acquired from Artist,305.22,421.77
Minimalist_Sandra_6195,Sandra Vause,0.01,Minimalist,Stone,10.0,5.0,23670.0,1851,174,No,Minimal,Auctioned in New York,9.08,8.69
Renaissance_Jacklyn_6196,Jacklyn Ancona,0.05,Renaissance,Wood,17.0,9.0,76.0,1991,34,Yes,Intricate,Gallery Exhibition,4.38,6.24
Modern_Anthony_6197,Anthony Steele,0.53,Modern,Brass,34.0,12.0,46722.0,1878,147,No,Expressive,Auctioned in New York,165.78,249.69
Baroque_Theodora_6198,Theodora Archie,0.94,Baroque,Stone,23.0,8.0,194498.0,1955,70,Yes,Expressive,Museum Deaccession,179.07,197.02
Minimalist_Cindy_6199,Cindy Henderson,0.12,Minimalist,Aluminium,37.0,22.0,7403.0,1871,154,No,Polished,Auctioned in London,6.14,6.29
Renaissance_Bradford_6200,Bradford Anderson,0.17,Renaissance,Marble,22.0,7.0,,1851,174,No,Polished,Private Collection,421.68,410.28
Baroque_Dale_6201,Dale Cook,0.9,Baroque,Marble,35.0,17.0,1502030.0,1973,52,Yes,Rustic,Auctioned in London,4603.36,6613.93
Classical_Martha_6202,Martha Paker,0.27,Classical,Clay,45.0,9.0,6401.0,1914,111,No,Intricate,Auctioned in London,10.51,9.63
Classical_Mariann_6203,Mariann Sanchez,0.29,Classical,Clay,20.0,8.0,2137.0,1878,147,No,Intricate,Private Collection,8.42,9.62
Baroque_Susan_6204,Susan Mckenzie,0.49,Baroque,Clay,18.0,9.0,1525.0,1988,37,Yes,Minimal,Private Collection,4.1,6.61
Abstract_Gilbert_6205,Gilbert Drabant,0.52,Abstract,Marble,45.0,28.0,9144579.0,2002,23,Yes,Polished,Private Collection,15846.32,25727.45
Contemporary_Tiffany_6206,Tiffany Munari,0.01,Contemporary,Marble,55.0,13.0,2238974.0,1946,79,No,Intricate,Acquired from Artist,630.12,933.98
Minimalist_Myrtle_6207,Myrtle Sizemore,0.28,Minimalist,Bronze,26.0,8.0,6943.0,1955,70,Yes,Minimal,Private Collection,23.88,26.06
Classical_Thomas_6208,Thomas Alcorn,0.57,Classical,Brass,24.0,6.0,7994.0,1870,155,No,Vibrant,Museum Deaccession,10.85,14.64
Renaissance_Barbara_6209,Barbara Odonnell,0.33,Renaissance,Clay,3.0,,6.0,1935,90,No,Rustic,Museum Deaccession,3.91,5.99
Contemporary_Howard_6210,Howard Vaughn,0.27,Contemporary,Aluminium,31.0,15.0,2017.0,1921,104,No,Polished,Gallery Exhibition,4.78,5.35
Renaissance_Mike_6211,Mike Brickman,0.56,Renaissance,Bronze,10.0,5.0,1307.0,1968,57,Yes,Rustic,Inherited Estate,4.15,4.58
Minimalist_Brian_6212,Brian Eagle,0.1,Minimalist,,47.0,16.0,1858.0,1970,55,Yes,Expressive,Auctioned in New York,7.24,6.73
Minimalist_Richard_6213,Richard Cox,0.91,Minimalist,Bronze,,10.0,13039.0,1912,113,No,Polished,Acquired from Artist,112.03,112.09
Modern_David_6214,David Henderson,0.96,Modern,Brass,25.0,8.0,14938.0,1928,97,No,Expressive,Auctioned in London,93.66,138.5
Classical_Frankie_6215,Frankie Foster,0.07,Classical,Marble,25.0,9.0,154375.0,1889,136,No,Minimal,Inherited Estate,80.93,89.8
Classical_Alice_6216,Alice Baker,0.33,Classical,Brass,,9.0,73560.0,1852,173,No,Rustic,Auctioned in New York,108.4,176.49
Minimalist_Alfonso_6217,Alfonso Wheeler,0.87,Minimalist,Brass,14.0,6.0,2895.0,1898,127,No,Minimal,Private Collection,9.46,13.32
Baroque_Opal_6218,Opal Seamon,0.73,Baroque,Clay,17.0,9.0,1407.0,1891,134,No,Minimal,Auctioned in London,6.36,6.31
Classical_Andrew_6219,Andrew Williams,0.5,Classical,,26.0,7.0,287246.0,1964,61,Yes,Expressive,Private Collection,1150.04,1432.49
Modern_William_6220,William Laboy,0.51,Modern,Aluminium,19.0,8.0,622.0,1868,157,No,Expressive,Private Collection,2.63,3.63
Baroque_Frederick_6221,Frederick Vasquez,0.42,Baroque,Bronze,21.0,11.0,12296.0,1927,98,No,Expressive,Private Collection,25.93,35.44
Abstract_Steve_6222,Steve Morales,0.83,Abstract,Clay,16.0,6.0,1065.0,1967,58,Yes,Elegant,Private Collection,3.8,4.69
Classical_Janice_6223,Janice Spenser,0.57,Classical,Marble,24.0,8.0,137634.0,1968,57,Yes,Minimal,Inherited Estate,698.06,686.47
Renaissance_Wanda_6224,Wanda Wagner,0.19,Renaissance,,37.0,10.0,15356.0,1876,149,No,Elegant,Inherited Estate,18.69,23.14
Minimalist_Ben_6225,Ben Brown,0.55,Minimalist,Marble,14.0,6.0,42791.0,2006,19,Yes,Rustic,Private Collection,60.04,78.19
Minimalist_William_6226,William Labarre,0.07,Minimalist,,64.0,23.0,,1976,49,Yes,Rustic,Acquired from Artist,5.13,5.11
Modern_Patricia_6227,Patricia Gallo,0.63,Modern,Brass,12.0,8.0,4383.0,1874,151,No,Polished,Gallery Exhibition,6.35,9.53
Classical_Louis_6228,Louis Hayes,0.71,Classical,Stone,30.0,12.0,921600.0,1919,106,No,Rustic,Auctioned in New York,3931.22,4774.67
Contemporary_Franklin_6229,Franklin Austin,0.51,Contemporary,Bronze,14.0,7.0,1538.0,1973,52,Yes,Polished,Inherited Estate,6.25,6.28
Abstract_David_6230,David Gullatte,0.04,Abstract,Stone,35.0,9.0,1377280.0,1892,133,No,Rustic,Inherited Estate,703.55,1049.68
Renaissance_Clelia_6231,Clelia Hammon,,Renaissance,Marble,13.0,8.0,,1870,155,No,Minimal,Museum Deaccession,60.5,62.22
Minimalist_Cody_6232,Cody Guillory,0.76,Minimalist,Aluminium,27.0,8.0,1582.0,1982,43,Yes,Elegant,Acquired from Artist,4.04,3.87
Renaissance_Angela_6233,Angela Haymond,0.62,Renaissance,Bronze,40.0,16.0,47842.0,2020,5,Yes,Minimal,Auctioned in New York,14.84,23.57
Baroque_Clara_6234,Clara Frederick,0.2,Baroque,,7.0,5.0,36.0,1982,43,Yes,Vibrant,Acquired from Artist,3.11,4.87
Contemporary_Stella_6235,Stella Benson,0.2,Contemporary,Stone,31.0,,1820465.0,1924,101,No,Polished,Acquired from Artist,7741.21,8999.92
Minimalist_Haydee_6236,Haydee Tello,0.34,Minimalist,Brass,13.0,8.0,6527.0,1912,113,No,Elegant,Gallery Exhibition,7.68,11.47
Minimalist_Cynthia_6237,Cynthia Henry,0.18,Minimalist,Stone,3.0,3.0,316.0,1998,27,Yes,Minimal,Museum Deaccession,4.27,5.55
Renaissance_Patrick_6238,Patrick Garcia,0.55,Renaissance,Clay,38.0,13.0,3381.0,1951,74,Yes,Polished,Private Collection,18.9,21.6
Modern_Bethany_6239,Bethany Williams,0.38,Modern,Brass,8.0,5.0,685.0,1964,61,Yes,Elegant,Private Collection,4.22,5.61
Baroque_Helen_6240,Helen Shunk,0.58,Baroque,,23.0,9.0,115463.0,1924,101,No,Vibrant,Auctioned in London,131.68,145.31
Renaissance_Shawn_6241,Shawn Culpepper,0.43,Renaissance,Aluminium,9.0,4.0,36.0,2014,11,Yes,Elegant,Acquired from Artist,5.13,5.35
Renaissance_Arthur_6242,Arthur Gallegos,0.64,Renaissance,Aluminium,13.0,7.0,212.0,1853,172,No,Vibrant,Private Collection,4.29,5.52
Baroque_Tammy_6243,Tammy Moll,0.54,Baroque,Brass,34.0,14.0,60613.0,1920,105,No,Polished,Gallery Exhibition,325.66,429.35
Modern_Barbara_6244,Barbara Gonzalez,0.45,Modern,Bronze,50.0,13.0,39005.0,1901,124,No,Polished,Gallery Exhibition,99.78,148.54
Modern_Luann_6245,Luann Wright,0.17,Modern,Stone,28.0,12.0,1590458.0,1988,37,Yes,Intricate,Gallery Exhibition,3808.63,4401.71
Baroque_Russell_6246,Russell Getchell,0.47,Baroque,Marble,9.0,5.0,7052.0,1986,39,Yes,Polished,Auctioned in London,37.06,43.53
Renaissance_Christine_6247,Christine Mattson,0.0,Renaissance,Brass,18.0,7.0,4831.0,1903,122,No,Rustic,Private Collection,7.18,11.04
Contemporary_Tamara_6248,Tamara Bussey,0.71,Contemporary,Marble,8.0,4.0,3296.0,1979,46,Yes,Polished,Inherited Estate,5.98,5.71
Modern_Richard_6249,Richard Mitchell,0.48,Modern,Bronze,,12.0,,1907,118,No,Vibrant,Private Collection,19.89,20.34
Contemporary_Beth_6250,Beth Bowen,0.6,Contemporary,Brass,32.0,17.0,45356.0,1897,128,No,Minimal,Gallery Exhibition,50.32,46.57
Baroque_Francis_6251,Francis Figueroa,0.56,Baroque,Brass,,7.0,12709.0,1857,168,No,Expressive,Acquired from Artist,66.96,62.24
Renaissance_Jessica_6252,Jessica Williams,0.32,Renaissance,Wood,14.0,6.0,90.0,1996,29,Yes,Elegant,Museum Deaccession,4.57,5.21
Baroque_Bradley_6253,Bradley Paddock,0.87,Baroque,Wood,55.0,11.0,884.0,1899,126,No,Rustic,Auctioned in New York,5.12,4.72
Renaissance_Ruth_6254,Ruth Hensley,0.2,Renaissance,Brass,41.0,7.0,24769.0,1995,30,Yes,Rustic,Museum Deaccession,21.25,21.97
Abstract_Esther_6255,Esther Nolan,0.23,Abstract,Aluminium,5.0,5.0,46.0,1938,87,No,Rustic,Inherited Estate,5.21,5.47
Contemporary_Rachel_6256,Rachel Issacs,0.95,Contemporary,Aluminium,10.0,5.0,172.0,1856,169,No,Rustic,Auctioned in New York,3.03,3.49
Modern_Rudolf_6257,Rudolf Harrell,,Modern,Brass,36.0,6.0,,1865,160,No,Rustic,Museum Deaccession,14.82,21.52
Baroque_Ericka_6258,Ericka Couch,0.7,Baroque,Marble,25.0,,423734.0,1852,173,No,Expressive,Private Collection,927.92,1218.12
Minimalist_Amado_6259,Amado Crowder,0.15,Minimalist,Wood,19.0,6.0,159.0,1923,102,No,Vibrant,Private Collection,6.86,6.65
Contemporary_James_6260,James Miller,0.08,Contemporary,Clay,24.0,11.0,3516.0,2004,21,Yes,Expressive,Gallery Exhibition,5.66,6.45
Contemporary_Myrtis_6261,Myrtis Seymore,0.47,Contemporary,Bronze,30.0,19.0,32130.0,1975,50,Yes,Intricate,Acquired from Artist,23.63,25.45
Modern_Steven_6262,Steven Root,0.29,Modern,Stone,8.0,4.0,6109.0,1975,50,Yes,Elegant,Auctioned in London,30.19,33.63
Abstract_Fernando_6263,Fernando Pierce,0.04,Abstract,Bronze,25.0,8.0,5737.0,1864,161,No,Polished,Inherited Estate,14.4,13.57
Classical_Robert_6264,Robert Campbell,,Classical,Stone,25.0,6.0,224962.0,1857,168,No,Minimal,Auctioned in London,314.49,504.33
Baroque_Frank_6265,Frank Robinson,0.48,Baroque,Brass,,22.0,173824.0,1998,27,Yes,Expressive,Auctioned in New York,352.18,334.85
Classical_Percy_6266,Percy Harris,0.41,Classical,Brass,39.0,10.0,26410.0,1999,26,Yes,Expressive,Auctioned in New York,15.42,17.2
Renaissance_Kirsten_6267,Kirsten Brooks,0.26,Renaissance,Brass,22.0,6.0,8066.0,1903,122,No,Polished,Private Collection,10.95,15.77
Contemporary_Teresa_6268,Teresa Robinson,0.95,Contemporary,Brass,19.0,6.0,6757.0,1966,59,Yes,Rustic,Gallery Exhibition,65.99,69.72
Modern_Robert_6269,Robert Gray,0.81,Modern,Aluminium,27.0,22.0,1240.0,1879,146,No,Minimal,Acquired from Artist,3.97,4.19
Minimalist_Kerry_6270,Kerry Peterson,0.27,Minimalist,,21.0,10.0,1101.0,1908,117,No,Intricate,Auctioned in London,3.6,4.03
Contemporary_Richard_6271,Richard Acker,0.77,Contemporary,Bronze,19.0,8.0,4027.0,1907,118,No,Intricate,Auctioned in London,19.93,33.14
Classical_Darlene_6272,Darlene Gaytan,0.89,Classical,Aluminium,,7.0,,1999,26,Yes,Rustic,Gallery Exhibition,5.35,5.16
Renaissance_Alyssa_6273,Alyssa Pickard,0.49,Renaissance,Bronze,24.0,6.0,3629.0,2008,17,Yes,Polished,Private Collection,13.97,16.43
Baroque_David_6274,David Curry,0.11,Baroque,Wood,12.0,7.0,94.0,1857,168,No,Minimal,Acquired from Artist,2.96,3.19
Minimalist_Robert_6275,Robert Villa,,Minimalist,Bronze,39.0,11.0,26091.0,1885,140,No,Expressive,Private Collection,32.68,31.7
Renaissance_Dwight_6276,Dwight Bates,0.13,Renaissance,Wood,17.0,6.0,90.0,1902,123,No,Vibrant,Museum Deaccession,4.08,4.86
Classical_Grace_6277,Grace Woodward,0.22,Classical,Marble,23.0,9.0,136565.0,1969,56,Yes,Vibrant,Inherited Estate,782.52,749.41
Abstract_James_6278,James Buller,0.72,Abstract,Wood,7.0,4.0,41.0,1926,99,No,Rustic,Auctioned in London,3.67,3.66
Abstract_Harold_6279,Harold Kerr,0.33,Abstract,Bronze,33.0,15.0,51204.0,1858,167,No,Rustic,Private Collection,172.78,249.25
Contemporary_Jacob_6280,Jacob Tyer,,Contemporary,Stone,17.0,7.0,127047.0,1924,101,No,Rustic,Inherited Estate,232.36,213.6
Modern_Candi_6281,Candi Hunt,0.15,Modern,Aluminium,31.0,16.0,1601.0,1918,107,No,Rustic,Museum Deaccession,2.61,4.22
Contemporary_David_6282,David Oneal,0.44,Contemporary,Aluminium,51.0,29.0,8559.0,2016,9,Yes,Minimal,Auctioned in New York,9.82,12.56
Minimalist_Georgia_6283,Georgia Crenshaw,0.41,Minimalist,Marble,28.0,17.0,534984.0,1879,146,No,Rustic,Auctioned in New York,178.26,199.52
Contemporary_Kate_6284,Kate Toothaker,0.6,Contemporary,Clay,23.0,9.0,1810.0,1953,72,Yes,Minimal,Auctioned in London,8.07,8.96
Abstract_Morgan_6285,Morgan Collins,,Abstract,Wood,,4.0,90.0,1959,66,Yes,Vibrant,Museum Deaccession,4.62,5.74
Renaissance_Carol_6286,Carol Garcia,0.64,Renaissance,Bronze,3.0,2.0,,1911,114,No,Vibrant,Inherited Estate,3.98,3.93
Renaissance_Alvin_6287,Alvin Garza,0.04,Renaissance,Brass,4.0,3.0,101.0,1916,109,No,Polished,Private Collection,6.93,6.84
Classical_David_6288,David Salisbury,,Classical,Aluminium,8.0,5.0,160.0,1964,61,Yes,Polished,Private Collection,4.8,4.9
Modern_Donald_6289,Donald Fiaschetti,0.85,Modern,Clay,9.0,5.0,302.0,1915,110,No,Minimal,Gallery Exhibition,5.14,6.19
Modern_Marc_6290,Marc Hayes,0.77,Modern,,16.0,,86809.0,1962,63,Yes,Vibrant,Museum Deaccession,59.89,63.14
Abstract_Luis_6291,Luis Karim,0.47,Abstract,,9.0,5.0,44.0,1997,28,Yes,Vibrant,Gallery Exhibition,3.26,4.36
Renaissance_Harold_6292,Harold Duck,0.31,Renaissance,Brass,16.0,7.0,6189.0,1885,140,No,Vibrant,Private Collection,9.01,8.56
Baroque_William_6293,William Brown,0.22,Baroque,Marble,21.0,,78424.0,1925,100,No,Minimal,Private Collection,54.85,60.34
Classical_Sandra_6294,Sandra Bradshaw,0.28,Classical,Brass,11.0,8.0,4063.0,2019,6,Yes,Rustic,Museum Deaccession,9.19,13.27
Modern_Micheal_6295,Micheal Michael,,Modern,Clay,25.0,11.0,3165.0,1908,117,No,Vibrant,Auctioned in London,4.15,5.42
Baroque_Ann_6296,Ann Figueroa,0.07,Baroque,,3.0,,11.0,1864,161,No,Minimal,Inherited Estate,3.36,5.56
Modern_James_6297,James Cooney,0.17,Modern,Clay,40.0,18.0,11098.0,1973,52,Yes,Expressive,Private Collection,19.33,30.41
Minimalist_Lucille_6298,Lucille Bachrach,0.38,Minimalist,Bronze,13.0,6.0,1467.0,1858,167,No,Expressive,Auctioned in New York,4.79,7.87
Classical_Hilda_6299,Hilda Frank,0.05,Classical,,7.0,5.0,390.0,1982,43,Yes,Minimal,Gallery Exhibition,3.38,5.01
Renaissance_Jean_6300,Jean Huerta,0.43,Renaissance,Bronze,22.0,6.0,1534.0,2007,18,Yes,Minimal,Acquired from Artist,4.31,5.15
Renaissance_Jody_6301,Jody Locke,0.12,Renaissance,Bronze,23.0,13.0,22856.0,1985,40,Yes,Expressive,Acquired from Artist,11.29,14.14
Minimalist_Jesse_6302,Jesse Wallace,0.59,Minimalist,Clay,39.0,21.0,,1940,85,No,Minimal,Auctioned in London,47.06,49.35
Contemporary_Matthew_6303,Matthew Palmer,,Contemporary,Bronze,11.0,8.0,1651.0,1987,38,Yes,Elegant,Auctioned in London,3.51,4.7
Minimalist_Mary_6304,Mary Bell,0.76,Minimalist,Brass,14.0,,,1857,168,No,Expressive,Acquired from Artist,22.54,33.92
Classical_Andrea_6305,Andrea Mccord,0.61,Classical,,,4.0,,1927,98,No,Minimal,Auctioned in New York,4.7,5.68
Minimalist_Crystal_6306,Crystal Glass,0.79,Minimalist,Wood,37.0,15.0,395.0,2019,6,Yes,Expressive,Acquired from Artist,4.19,5.22
Abstract_Alex_6307,Alex Mitchell,0.14,Abstract,Aluminium,24.0,9.0,714.0,1921,104,No,Elegant,Museum Deaccession,4.02,4.32
Abstract_Norma_6308,Norma Helems,0.17,Abstract,Aluminium,23.0,11.0,1832.0,1889,136,No,Elegant,Inherited Estate,2.14,3.39
Abstract_Allan_6309,Allan Rehl,0.49,Abstract,Stone,31.0,,357824.0,1911,114,No,Vibrant,Acquired from Artist,451.58,590.07
Modern_Susana_6310,Susana Thompson,0.35,Modern,Aluminium,26.0,12.0,2115.0,1995,30,Yes,Elegant,Auctioned in London,6.31,8.99
Classical_Mary_6311,Mary Ash,0.81,Classical,Aluminium,24.0,10.0,507.0,1932,93,No,Intricate,Museum Deaccession,5.84,5.31
Minimalist_Chasity_6312,Chasity Baldwin,,Minimalist,Marble,24.0,10.0,349433.0,1975,50,Yes,Vibrant,Private Collection,1274.55,1453.55
Minimalist_Kimberly_6313,Kimberly Herrod,0.22,Minimalist,Bronze,16.0,8.0,3854.0,1955,70,Yes,Elegant,Auctioned in London,2.5,4.13
Minimalist_Antione_6314,Antione Dedmon,0.62,Minimalist,Wood,30.0,8.0,517.0,1973,52,Yes,Polished,Gallery Exhibition,5.63,5.81
Baroque_Willie_6315,Willie Barnette,,Baroque,Brass,,,4060.0,1961,64,Yes,Vibrant,Auctioned in London,3.4,4.9
Abstract_Julie_6316,Julie Fulton,0.51,Abstract,Clay,11.0,6.0,212.0,1875,150,No,Rustic,Museum Deaccession,3.97,3.91
Minimalist_Blake_6317,Blake Fowler,0.79,Minimalist,Wood,17.0,7.0,228.0,2009,16,Yes,Vibrant,Museum Deaccession,3.82,3.82
Renaissance_Karl_6318,Karl Grubbs,0.01,Renaissance,Aluminium,33.0,13.0,,1882,143,No,Elegant,Auctioned in New York,2.73,3.47
Abstract_Wilford_6319,Wilford Paredes,0.85,Abstract,Aluminium,,4.0,115.0,1891,134,No,Rustic,Acquired from Artist,2.35,3.48
Abstract_Tina_6320,Tina Mcintosh,0.09,Abstract,Clay,7.0,5.0,85.0,1981,44,Yes,Elegant,Gallery Exhibition,3.89,4.0
Renaissance_Jean_6321,Jean Daub,,Renaissance,Wood,18.0,11.0,244.0,1980,45,Yes,Rustic,Acquired from Artist,3.08,4.81
Abstract_Thomas_6322,Thomas Handy,0.86,Abstract,Bronze,12.0,6.0,613.0,1903,122,No,Intricate,Auctioned in London,4.23,5.39
Renaissance_Sheilah_6323,Sheilah Cooper,0.54,Renaissance,Brass,18.0,9.0,4554.0,1863,162,No,Polished,Auctioned in New York,14.34,19.96
Baroque_Christin_6324,Christin Young,0.24,Baroque,Brass,18.0,7.0,4565.0,2000,25,Yes,Vibrant,Auctioned in London,4.85,7.93
Baroque_Grace_6325,Grace Magedanz,0.12,Baroque,Bronze,35.0,17.0,62189.0,1943,82,No,Polished,Auctioned in London,59.79,72.97
Renaissance_Felicia_6326,Felicia Beard,0.01,Renaissance,Bronze,3.0,3.0,82.0,1976,49,Yes,Elegant,Auctioned in London,5.35,5.93
Contemporary_Francisco_6327,Francisco Keenan,0.9,Contemporary,Stone,38.0,,2728133.0,1935,90,No,Rustic,Acquired from Artist,9615.2,14595.59
Minimalist_Pamela_6328,Pamela Rittenhouse,0.41,Minimalist,Wood,31.0,8.0,404.0,1978,47,Yes,Polished,Acquired from Artist,5.15,6.0
Renaissance_Jessica_6329,Jessica Putnam,0.37,Renaissance,Clay,18.0,8.0,1344.0,1963,62,Yes,Intricate,Acquired from Artist,5.46,5.72
Abstract_Fernando_6330,Fernando Leppert,0.49,Abstract,Bronze,4.0,4.0,134.0,1932,93,No,Polished,Auctioned in London,6.8,6.56
Abstract_Nancy_6331,Nancy Lever,0.83,Abstract,Marble,34.0,15.0,839893.0,2008,17,Yes,Rustic,Auctioned in London,2968.39,3633.01
Classical_Victor_6332,Victor Bello,0.18,Classical,Stone,20.0,6.0,140430.0,1877,148,No,Intricate,Gallery Exhibition,97.2,96.49
Minimalist_Milton_6333,Milton Zarate,,Minimalist,,11.0,6.0,313.0,2002,23,Yes,Polished,Inherited Estate,3.25,4.92
Minimalist_Bobby_6334,Bobby Ayers,0.78,Minimalist,Bronze,8.0,5.0,482.0,1913,112,No,Intricate,Private Collection,3.43,5.33
Classical_Armand_6335,Armand Cooper,0.25,Classical,Bronze,10.0,5.0,1124.0,1901,124,No,Rustic,Museum Deaccession,4.1,6.6
Classical_Jay_6336,Jay Speaks,,Classical,Brass,4.0,,96.0,2009,16,Yes,Rustic,Auctioned in London,4.56,4.3
Contemporary_Derrick_6337,Derrick Morgan,0.55,Contemporary,Wood,45.0,11.0,693.0,1941,84,No,Expressive,Inherited Estate,4.91,6.29
Abstract_Jess_6338,Jess Santorelli,0.83,Abstract,Aluminium,25.0,6.0,476.0,2008,17,Yes,Polished,Inherited Estate,3.68,4.64
Minimalist_Allison_6339,Allison Kern,0.53,Minimalist,Brass,15.0,6.0,2636.0,1953,72,Yes,Vibrant,Acquired from Artist,4.46,6.18
Contemporary_Kenneth_6340,Kenneth Mccoy,0.23,Contemporary,Wood,19.0,7.0,259.0,1883,142,No,Expressive,Auctioned in New York,4.83,4.42
Contemporary_Geneva_6341,Geneva Stuck,0.08,Contemporary,Aluminium,6.0,4.0,71.0,1870,155,No,Expressive,Gallery Exhibition,6.28,6.13
Modern_David_6342,David Timberlake,0.08,Modern,Bronze,26.0,8.0,3027.0,1879,146,No,Expressive,Museum Deaccession,4.36,4.57
Classical_Diane_6343,Diane Cousins,0.35,Classical,Clay,26.0,14.0,5275.0,1929,96,No,Elegant,Auctioned in New York,5.81,6.27
Baroque_Carla_6344,Carla Hickey,0.52,Baroque,Clay,36.0,12.0,6614.0,1910,115,No,Vibrant,Acquired from Artist,28.34,26.26
Contemporary_Ruby_6345,Ruby Scott,0.36,Contemporary,Wood,23.0,6.0,304.0,1920,105,No,Rustic,Auctioned in New York,3.76,6.13
Renaissance_Nicholas_6346,Nicholas Sellers,0.88,Renaissance,Marble,13.0,7.0,38257.0,2008,17,Yes,Minimal,Acquired from Artist,77.47,82.25
Baroque_Frank_6347,Frank Pereira,0.56,Baroque,Brass,41.0,18.0,96338.0,1958,67,Yes,Minimal,Museum Deaccession,499.44,676.29
Classical_Joe_6348,Joe Mooney,0.75,Classical,,24.0,8.0,268.0,1951,74,Yes,Intricate,Private Collection,4.48,4.16
Baroque_Sheena_6349,Sheena Joyner,0.72,Baroque,Brass,11.0,7.0,2245.0,1965,60,Yes,Polished,Inherited Estate,6.71,8.31
Renaissance_James_6350,James Aran,0.23,Renaissance,Clay,28.0,17.0,6326.0,1855,170,No,Polished,Museum Deaccession,2.2,3.33
Minimalist_Michael_6351,Michael Mccullough,0.19,Minimalist,,37.0,12.0,3700.0,1972,53,Yes,Polished,Private Collection,11.48,10.46
Classical_Terry_6352,Terry Richards,0.71,Classical,Clay,22.0,7.0,1094.0,2013,12,Yes,Elegant,Gallery Exhibition,3.72,3.75
Modern_Elizabeth_6353,Elizabeth Shriver,0.85,Modern,Clay,17.0,13.0,2649.0,1940,85,No,Vibrant,Auctioned in London,4.12,3.98
Renaissance_Francis_6354,Francis Zohn,0.61,Renaissance,Brass,8.0,4.0,905.0,1872,153,No,Polished,Auctioned in New York,5.66,8.18
Renaissance_Annette_6355,Annette Dunlap,0.16,Renaissance,Clay,26.0,21.0,3721.0,1986,39,Yes,Intricate,Museum Deaccession,9.9,9.2
Abstract_Marjorie_6356,Marjorie Bookwalter,0.09,Abstract,Bronze,24.0,8.0,8290.0,1892,133,No,Minimal,Acquired from Artist,7.45,7.23
Contemporary_Scott_6357,Scott Orourke,0.37,Contemporary,Clay,23.0,10.0,,1888,137,No,Minimal,Museum Deaccession,2.11,3.21
Contemporary_Robert_6358,Robert Mendoza,0.64,Contemporary,Clay,29.0,8.0,3534.0,1923,102,No,Intricate,Auctioned in London,6.02,8.3
Modern_Robert_6359,Robert Nobles,0.85,Modern,Wood,41.0,,211.0,1921,104,No,Polished,Auctioned in London,5.03,5.08
Minimalist_Scott_6360,Scott Page,0.21,Minimalist,Marble,31.0,19.0,2216466.0,2018,7,Yes,Minimal,Museum Deaccession,1164.62,1936.0
Minimalist_Daniel_6361,Daniel Campbell,0.6,Minimalist,Aluminium,34.0,25.0,4593.0,1880,145,No,Polished,Auctioned in New York,7.93,9.75
Minimalist_Rebecca_6362,Rebecca Sheehan,0.98,Minimalist,Brass,18.0,6.0,,1942,83,No,Minimal,Auctioned in London,25.17,26.5
Contemporary_Allen_6363,Allen Jackson,0.0,Contemporary,Stone,34.0,21.0,8786922.0,1908,117,No,Expressive,Gallery Exhibition,3326.85,3651.0
Renaissance_Kenneth_6364,Kenneth Sickler,0.13,Renaissance,Stone,6.0,5.0,6576.0,1863,162,No,Elegant,Gallery Exhibition,5.01,7.14
Classical_Jonathan_6365,Jonathan Colvin,0.68,Classical,Clay,22.0,7.0,1406.0,1946,79,No,Vibrant,Gallery Exhibition,2.62,3.06
Modern_Sarah_6366,Sarah Ellis,0.83,Modern,Brass,,,35675.0,1882,143,No,Intricate,Private Collection,205.55,313.24
Abstract_Robert_6367,Robert Davis,0.14,Abstract,Brass,13.0,7.0,4621.0,1970,55,Yes,Polished,Inherited Estate,12.77,20.43
Modern_Steven_6368,Steven Riddle,0.62,Modern,Stone,13.0,,91250.0,1933,92,No,Intricate,Acquired from Artist,248.92,287.85
Contemporary_Joseph_6369,Joseph Hampton,0.57,Contemporary,Wood,23.0,13.0,339.0,1938,87,No,Expressive,Museum Deaccession,6.02,5.87
Contemporary_Luis_6370,Luis Manthe,0.55,Contemporary,Stone,18.0,,,1878,147,No,Minimal,Private Collection,63.52,71.48
Contemporary_Charles_6371,Charles Patrone,0.69,Contemporary,,24.0,9.0,,1987,38,Yes,Minimal,Auctioned in London,108.24,157.35
Baroque_Barbara_6372,Barbara Romero,0.9,Baroque,Aluminium,54.0,16.0,3966.0,1979,46,Yes,Rustic,Acquired from Artist,3.98,5.59
Renaissance_Phyllis_6373,Phyllis Wiggins,,Renaissance,Stone,44.0,23.0,17704429.0,2007,18,Yes,Rustic,Private Collection,21642.56,23249.65
Baroque_Denis_6374,Denis Larson,0.09,Baroque,Marble,17.0,11.0,,1867,158,No,Minimal,Private Collection,306.19,377.4
Modern_Rafael_6375,Rafael Martinez,,Modern,Marble,4.0,3.0,,1970,55,Yes,Expressive,Acquired from Artist,3.89,6.47
Minimalist_Tina_6376,Tina Williams,0.44,Minimalist,Stone,7.0,4.0,4241.0,1935,90,No,Rustic,Inherited Estate,13.75,12.51
Baroque_Elizabeth_6377,Elizabeth Casteel,0.8,Baroque,Clay,16.0,8.0,885.0,2017,8,Yes,Expressive,Gallery Exhibition,5.33,8.27
Classical_Nicholas_6378,Nicholas Turnbow,0.29,Classical,Marble,21.0,9.0,,1850,175,No,Expressive,Private Collection,353.88,456.29
Minimalist_Barbara_6379,Barbara Yaney,0.45,Minimalist,Marble,28.0,14.0,254408.0,1959,66,Yes,Expressive,Private Collection,559.99,553.68
Minimalist_Laura_6380,Laura Magallon,0.23,Minimalist,Clay,10.0,5.0,406.0,1913,112,No,Elegant,Auctioned in London,3.43,4.17
Classical_James_6381,James Redmond,0.29,Classical,Clay,33.0,9.0,4780.0,1908,117,No,Intricate,Auctioned in New York,12.69,14.82
Classical_Dorothy_6382,Dorothy Bolton,0.37,Classical,Clay,35.0,,5052.0,1942,83,No,Polished,Acquired from Artist,5.01,5.65
Minimalist_Darlene_6383,Darlene Hall,0.54,Minimalist,Wood,15.0,7.0,149.0,1889,136,No,Intricate,Auctioned in New York,3.99,6.51
Classical_Lynette_6384,Lynette Carriere,0.65,Classical,Stone,3.0,3.0,267.0,1857,168,No,Minimal,Auctioned in London,4.05,4.58
Modern_Pauline_6385,Pauline Richarson,0.57,Modern,Wood,17.0,10.0,145.0,1924,101,No,Rustic,Acquired from Artist,3.9,4.68
Renaissance_Emilia_6386,Emilia Hayden,0.6,Renaissance,Bronze,24.0,9.0,10770.0,1850,175,No,Polished,Inherited Estate,44.62,42.41
Minimalist_Marilyn_6387,Marilyn Osborne,0.48,Minimalist,Bronze,22.0,12.0,12621.0,1959,66,Yes,Expressive,Auctioned in New York,7.79,8.28
Classical_Alfredo_6388,Alfredo Kelly,0.77,Classical,Aluminium,36.0,17.0,4225.0,1983,42,Yes,Minimal,Museum Deaccession,11.71,14.06
Baroque_Jack_6389,Jack Legarreta,0.03,Baroque,Stone,10.0,,,1874,151,No,Intricate,Museum Deaccession,14.6,19.12
Minimalist_Ruby_6390,Ruby Hempstead,0.19,Minimalist,Clay,6.0,4.0,102.0,2014,11,Yes,Expressive,Inherited Estate,4.92,5.79
Renaissance_Robert_6391,Robert Vangilder,0.93,Renaissance,Stone,8.0,4.0,1722.0,1909,116,No,Polished,Auctioned in London,10.0,12.85
Modern_Deshawn_6392,Deshawn Mckie,0.26,Modern,Stone,24.0,11.0,306586.0,1905,120,No,Expressive,Gallery Exhibition,116.75,152.8
Modern_Scott_6393,Scott Schlegel,0.42,Modern,,,6.0,25440.0,1983,42,Yes,Intricate,Inherited Estate,67.58,78.41
Contemporary_Daniel_6394,Daniel Reeves,0.33,Contemporary,Brass,24.0,6.0,7581.0,1893,132,No,Rustic,Gallery Exhibition,18.12,20.0
Abstract_Felicia_6395,Felicia Rankin,0.69,Abstract,Brass,11.0,7.0,3038.0,1911,114,No,Expressive,Acquired from Artist,6.34,6.82
Contemporary_Andrew_6396,Andrew Smith,0.52,Contemporary,Bronze,23.0,13.0,21808.0,1989,36,Yes,Vibrant,Museum Deaccession,48.16,57.47
Abstract_Tommy_6397,Tommy Dixon,0.24,Abstract,Brass,19.0,6.0,2273.0,2001,24,Yes,Vibrant,Museum Deaccession,4.47,6.01
Abstract_Tom_6398,Tom Humphrey,0.55,Abstract,Clay,14.0,6.0,653.0,1897,128,No,Expressive,Acquired from Artist,3.42,3.75
Baroque_Ruth_6399,Ruth Mcneill,0.04,Baroque,Stone,8.0,5.0,,1980,45,Yes,Minimal,Private Collection,12.51,20.16
Modern_Frances_6400,Frances Higginbotham,0.88,Modern,Bronze,15.0,7.0,1007.0,1987,38,Yes,Elegant,Auctioned in New York,7.03,6.87
Minimalist_Jennifer_6401,Jennifer Hokenson,0.1,Minimalist,Marble,38.0,21.0,4962909.0,1910,115,No,Rustic,Museum Deaccession,2215.38,3493.05
Abstract_Wesley_6402,Wesley Mcculloch,0.24,Abstract,Bronze,5.0,,237.0,1852,173,No,Rustic,Museum Deaccession,6.08,6.56
Abstract_Zachary_6403,Zachary Mason,,Abstract,Wood,27.0,16.0,827.0,1942,83,No,Expressive,Private Collection,3.67,3.75
Baroque_Brenda_6404,Brenda Zook,,Baroque,,9.0,5.0,677.0,1899,126,No,Expressive,Gallery Exhibition,6.09,6.44
Contemporary_Vaughn_6405,Vaughn Riley,0.98,Contemporary,Marble,10.0,4.0,4605.0,1885,140,No,Vibrant,Acquired from Artist,2.32,3.47
Baroque_Pasquale_6406,Pasquale Howze,0.37,Baroque,Marble,36.0,,,1892,133,No,Elegant,Auctioned in London,104.51,115.03
Contemporary_Joe_6407,Joe Mccullum,0.78,Contemporary,,18.0,12.0,417.0,1947,78,No,Vibrant,Auctioned in New York,6.87,6.52
Baroque_Edna_6408,Edna Mcchristian,0.61,Baroque,Stone,15.0,8.0,126573.0,1949,76,No,Expressive,Auctioned in New York,399.59,531.53
Renaissance_Connie_6409,Connie Bullock,0.6,Renaissance,Bronze,5.0,4.0,151.0,1927,98,No,Elegant,Gallery Exhibition,3.99,5.42
Modern_Chris_6410,Chris Goffinet,0.31,Modern,Wood,50.0,25.0,1899.0,1979,46,Yes,Polished,Gallery Exhibition,5.91,5.78
Baroque_Jordan_6411,Jordan Huntley,0.01,Baroque,Brass,23.0,11.0,14303.0,2010,15,Yes,Intricate,Private Collection,16.52,15.51
Modern_Joshua_6412,Joshua Oliver,0.33,Modern,Clay,4.0,4.0,64.0,1940,85,No,Rustic,Gallery Exhibition,4.89,5.06
Modern_Deborah_6413,Deborah Storrs,0.38,Modern,Wood,19.0,,,1865,160,No,Minimal,Private Collection,5.66,6.94
Classical_Fred_6414,Fred Baptiste,0.71,Classical,Clay,,6.0,1718.0,1944,81,No,Intricate,Acquired from Artist,10.53,10.76
Modern_Cheryl_6415,Cheryl Weitzel,0.09,Modern,Bronze,53.0,25.0,93848.0,1931,94,No,Rustic,Museum Deaccession,60.71,80.34
Renaissance_Kyle_6416,Kyle Smith,0.64,Renaissance,Wood,16.0,8.0,182.0,1904,121,No,Elegant,Auctioned in London,3.27,4.14
Contemporary_Victor_6417,Victor West,0.42,Contemporary,,44.0,11.0,1410947.0,1915,110,No,Intricate,Private Collection,1906.85,1779.06
Contemporary_Dorothy_6418,Dorothy Ingram,0.05,Contemporary,Brass,23.0,9.0,12284.0,1894,131,No,Intricate,Gallery Exhibition,20.6,22.77
Contemporary_Pamela_6419,Pamela Nakagawa,,Contemporary,Clay,21.0,11.0,3879.0,1916,109,No,Vibrant,Gallery Exhibition,10.6,14.19
Modern_Kevin_6420,Kevin Altro,0.52,Modern,Wood,22.0,11.0,190.0,1979,46,Yes,Minimal,Inherited Estate,3.17,3.1
Classical_Cecil_6421,Cecil Ortiz,0.22,Classical,Marble,24.0,11.0,228503.0,1854,171,No,Minimal,Private Collection,223.11,294.89
Modern_William_6422,William Walker,,Modern,Marble,8.0,5.0,,1915,110,No,Elegant,Acquired from Artist,22.11,30.01
Classical_Katherine_6423,Katherine Newland,0.15,Classical,Stone,25.0,10.0,583934.0,1991,34,Yes,Intricate,Auctioned in London,958.83,1223.88
Contemporary_Stephen_6424,Stephen Johns,0.81,Contemporary,Wood,11.0,6.0,110.0,2000,25,Yes,Rustic,Auctioned in London,4.75,6.61
Minimalist_Anna_6425,Anna Mckinley,0.04,Minimalist,Bronze,5.0,3.0,114.0,1889,136,No,Rustic,Museum Deaccession,4.78,4.95
Baroque_Billy_6426,Billy Walker,0.63,Baroque,Clay,48.0,22.0,15959.0,1925,100,No,Rustic,Auctioned in London,20.82,23.76
Renaissance_Nancy_6427,Nancy Calderon,0.4,Renaissance,Brass,10.0,4.0,939.0,1969,56,Yes,Intricate,Museum Deaccession,2.31,3.82
Abstract_James_6428,James Carrier,0.44,Abstract,Bronze,47.0,21.0,71740.0,1854,171,No,Rustic,Gallery Exhibition,135.48,178.66
Renaissance_Sue_6429,Sue Walker,0.92,Renaissance,Stone,27.0,11.0,1087679.0,1982,43,Yes,Polished,Inherited Estate,2790.71,2989.09
Classical_James_6430,James Bryson,0.05,Classical,Aluminium,6.0,5.0,60.0,1852,173,No,Expressive,Auctioned in New York,3.38,4.53
Abstract_Monique_6431,Monique Brooks,0.78,Abstract,Brass,22.0,14.0,25724.0,1855,170,No,Rustic,Private Collection,52.78,77.59
Abstract_Christopher_6432,Christopher Oconnell,,Abstract,Clay,15.0,8.0,1214.0,2008,17,Yes,Vibrant,Private Collection,4.69,6.27
Minimalist_Heather_6433,Heather Booth,0.28,Minimalist,Marble,16.0,6.0,23086.0,1942,83,No,Intricate,Museum Deaccession,48.31,53.01
Contemporary_Marie_6434,Marie Vogan,0.74,Contemporary,Aluminium,14.0,,266.0,1949,76,No,Vibrant,Private Collection,4.59,5.4
Modern_Sonia_6435,Sonia Moreno,0.36,Modern,Bronze,29.0,9.0,16026.0,1957,68,Yes,Expressive,Private Collection,28.19,29.52
Modern_Dorothy_6436,Dorothy Behanna,0.85,Modern,Clay,42.0,,16249.0,1894,131,No,Rustic,Auctioned in New York,66.74,100.27
Modern_Jose_6437,Jose Mcmunn,0.2,Modern,Clay,,4.0,71.0,1995,30,Yes,Intricate,Museum Deaccession,4.5,6.27
Baroque_Laverne_6438,Laverne Russo,0.94,Baroque,Aluminium,34.0,13.0,3657.0,1904,121,No,Polished,Museum Deaccession,12.45,17.67
Minimalist_Corey_6439,Corey Lightsey,0.24,Minimalist,Aluminium,26.0,10.0,719.0,1915,110,No,Intricate,Gallery Exhibition,3.55,5.83
Classical_Eddie_6440,Eddie Hutchison,0.56,Classical,Wood,22.0,6.0,165.0,1971,54,Yes,Expressive,Gallery Exhibition,3.33,3.82
Abstract_Peggy_6441,Peggy Byers,0.39,Abstract,Wood,19.0,9.0,427.0,1894,131,No,Elegant,Acquired from Artist,5.17,5.22
Modern_Thomas_6442,Thomas Spengler,0.24,Modern,Brass,37.0,13.0,58873.0,1867,158,No,Elegant,Auctioned in New York,60.93,70.11
Baroque_Willie_6443,Willie Benscoter,0.63,Baroque,Brass,43.0,21.0,160407.0,1942,83,No,Rustic,Museum Deaccession,351.32,474.13
Contemporary_George_6444,George Abreu,0.31,Contemporary,Bronze,22.0,7.0,6005.0,1904,121,No,Elegant,Gallery Exhibition,23.67,29.63
Minimalist_Kenneth_6445,Kenneth Davis,0.38,Minimalist,Stone,26.0,22.0,3753815.0,1955,70,Yes,Expressive,Auctioned in London,11667.69,16309.98
Contemporary_Gertrude_6446,Gertrude Chester,0.34,Contemporary,,25.0,16.0,953.0,1916,109,No,Intricate,Museum Deaccession,6.28,6.97
Modern_James_6447,James Becker,,Modern,Aluminium,13.0,7.0,359.0,1918,107,No,Elegant,Inherited Estate,2.89,3.94
Modern_Eric_6448,Eric Martinez,0.66,Modern,Brass,6.0,5.0,449.0,1880,145,No,Elegant,Private Collection,5.88,7.0
Classical_William_6449,William Davison,0.6,Classical,Wood,28.0,8.0,448.0,1950,75,No,Vibrant,Gallery Exhibition,3.43,4.95
Modern_Matthew_6450,Matthew Hills,0.21,Modern,Bronze,17.0,9.0,,2000,25,Yes,Rustic,Acquired from Artist,16.29,16.9
Baroque_Princess_6451,Princess Cunningham,0.89,Baroque,Marble,8.0,4.0,1024.0,1986,39,Yes,Vibrant,Inherited Estate,4.68,5.76
Contemporary_Deirdre_6452,Deirdre Bennett,0.61,Contemporary,Wood,36.0,8.0,381.0,1905,120,No,Intricate,Acquired from Artist,2.87,4.59
Abstract_Sarah_6453,Sarah Mcneil,0.83,Abstract,Aluminium,17.0,9.0,411.0,1998,27,Yes,Vibrant,Museum Deaccession,3.35,4.48
Baroque_Cynthia_6454,Cynthia Robinson,0.77,Baroque,Brass,13.0,,5349.0,1915,110,No,Polished,Museum Deaccession,5.67,6.1
Renaissance_Lucille_6455,Lucille Williams,0.96,Renaissance,Brass,9.0,4.0,221.0,1987,38,Yes,Expressive,Auctioned in New York,3.66,3.99
Classical_Rebecca_6456,Rebecca Cabanilla,,Classical,Clay,28.0,8.0,2162.0,1861,164,No,Rustic,Private Collection,3.27,5.41
Modern_Barbara_6457,Barbara Jamesson,0.9,Modern,Stone,3.0,3.0,257.0,1957,68,Yes,Polished,Museum Deaccession,3.49,5.23
Renaissance_Donald_6458,Donald Mullins,,Renaissance,Brass,31.0,6.0,13168.0,1861,164,No,Minimal,Private Collection,10.82,12.93
Contemporary_Colleen_6459,Colleen Keim,0.08,Contemporary,Aluminium,3.0,3.0,24.0,1927,98,No,Minimal,Private Collection,2.87,3.72
Renaissance_Yvette_6460,Yvette Phillips,0.56,Renaissance,Clay,14.0,6.0,726.0,1972,53,Yes,Elegant,Private Collection,3.51,4.81
Baroque_Mary_6461,Mary Rodriguez,0.91,Baroque,Wood,3.0,3.0,18.0,1858,167,No,Elegant,Inherited Estate,4.36,6.11
Classical_Antoinette_6462,Antoinette Copeland,0.46,Classical,Wood,33.0,7.0,155.0,1963,62,Yes,Minimal,Museum Deaccession,3.17,4.18
Minimalist_Gloria_6463,Gloria Hubbert,0.1,Minimalist,Aluminium,4.0,,54.0,1873,152,No,Elegant,Acquired from Artist,3.38,4.3
Baroque_Clinton_6464,Clinton Kolbe,0.4,Baroque,Stone,18.0,,255244.0,2014,11,Yes,Intricate,Auctioned in New York,919.59,1492.46
Abstract_Mark_6465,Mark Gresham,0.7,Abstract,Stone,21.0,7.0,248328.0,2014,11,Yes,Polished,Private Collection,1926.13,2278.86
Minimalist_Roy_6466,Roy Mason,0.3,Minimalist,Marble,6.0,5.0,1643.0,1902,123,No,Polished,Acquired from Artist,5.11,6.34
Abstract_Mildred_6467,Mildred Fields,0.32,Abstract,Clay,19.0,6.0,,1971,54,Yes,Minimal,Inherited Estate,3.44,4.94
Modern_Charles_6468,Charles Shinn,,Modern,Wood,46.0,21.0,1821.0,1978,47,Yes,Intricate,Gallery Exhibition,3.49,3.82
Baroque_Gilbert_6469,Gilbert Atkinson,0.47,Baroque,Stone,26.0,16.0,2651511.0,1851,174,No,Rustic,Auctioned in New York,3896.46,5302.52
Modern_Candice_6470,Candice Nowakowski,0.68,Modern,Aluminium,,,1857.0,1944,81,No,Intricate,Inherited Estate,7.43,11.79
Minimalist_Rebecca_6471,Rebecca Ramsey,0.18,Minimalist,Marble,21.0,8.0,96472.0,1879,146,No,Intricate,Museum Deaccession,193.21,181.77
Renaissance_Jason_6472,Jason Stanfield,0.03,Renaissance,Stone,22.0,15.0,1035484.0,1971,54,Yes,Expressive,Gallery Exhibition,1230.52,1832.43
Renaissance_Lorraine_6473,Lorraine Rivera,0.21,Renaissance,Aluminium,23.0,7.0,743.0,2003,22,Yes,Minimal,Gallery Exhibition,3.28,3.85
Baroque_Norma_6474,Norma Green,0.18,Baroque,Stone,36.0,13.0,3015852.0,1921,104,No,Rustic,Auctioned in New York,640.17,1025.55
Minimalist_John_6475,John Wilkins,0.63,Minimalist,Brass,12.0,8.0,3569.0,1891,134,No,Intricate,Inherited Estate,10.17,10.46
Baroque_John_6476,John Henry,0.06,Baroque,Marble,22.0,9.0,136591.0,1923,102,No,Intricate,Auctioned in London,155.63,209.36
Abstract_Ruth_6477,Ruth Davis,0.78,Abstract,Aluminium,41.0,17.0,2588.0,1971,54,Yes,Intricate,Gallery Exhibition,3.31,3.47
Renaissance_Shannon_6478,Shannon Cuevas,0.46,Renaissance,Marble,26.0,10.0,318170.0,1956,69,Yes,Expressive,Inherited Estate,978.7,1625.56
Contemporary_Robert_6479,Robert Degasperis,0.76,Contemporary,Bronze,51.0,18.0,93954.0,1988,37,Yes,Minimal,Private Collection,356.95,417.8
Minimalist_Peter_6480,Peter Poe,0.3,Minimalist,Aluminium,16.0,7.0,670.0,1878,147,No,Intricate,Inherited Estate,5.52,5.21
Modern_Louis_6481,Louis Rodriguez,0.18,Modern,Stone,33.0,7.0,570354.0,1889,136,No,Intricate,Gallery Exhibition,200.76,229.08
Contemporary_Amy_6482,Amy Tidwell,0.55,Contemporary,Bronze,14.0,7.0,2639.0,1985,40,Yes,Rustic,Gallery Exhibition,6.36,6.11
Renaissance_Catherine_6483,Catherine Castilo,0.13,Renaissance,Wood,28.0,13.0,782.0,1958,67,Yes,Vibrant,Gallery Exhibition,5.22,5.62
Contemporary_Myles_6484,Myles Fitzpatrick,0.45,Contemporary,Wood,16.0,7.0,140.0,1857,168,No,Polished,Private Collection,3.46,4.36
Abstract_Reynalda_6485,Reynalda Knight,0.85,Abstract,Clay,16.0,8.0,1179.0,1935,90,No,Vibrant,Auctioned in New York,7.69,11.98
Modern_David_6486,David Edlin,0.46,Modern,Bronze,33.0,11.0,8437.0,1979,46,Yes,Intricate,Museum Deaccession,11.83,14.07
Classical_Lloyd_6487,Lloyd Sartin,0.38,Classical,Wood,30.0,9.0,649.0,2017,8,Yes,Vibrant,Auctioned in London,3.17,5.23
Classical_Jena_6488,Jena Clay,0.26,Classical,Clay,10.0,4.0,227.0,1959,66,Yes,Polished,Auctioned in New York,4.99,4.96
Contemporary_Phil_6489,Phil Wilson,0.93,Contemporary,Aluminium,20.0,8.0,649.0,1996,29,Yes,Expressive,Acquired from Artist,4.95,4.85
Minimalist_Charles_6490,Charles Jones,0.52,Minimalist,Stone,15.0,8.0,97958.0,1967,58,Yes,Polished,Gallery Exhibition,259.52,245.85
Abstract_Berry_6491,Berry Simmons,0.67,Abstract,Aluminium,13.0,8.0,475.0,1995,30,Yes,Polished,Private Collection,3.16,3.65
Contemporary_Tiffanie_6492,Tiffanie Moreno,0.8,Contemporary,Stone,17.0,12.0,424586.0,1915,110,No,Expressive,Auctioned in London,1197.06,1648.14
Renaissance_William_6493,William Curry,,Renaissance,Wood,13.0,8.0,154.0,1953,72,Yes,Polished,Private Collection,3.58,5.33
Abstract_Karen_6494,Karen Bayles,0.45,Abstract,Aluminium,,28.0,10851.0,1920,105,No,Rustic,Auctioned in New York,31.64,30.83
Contemporary_Jeffrey_6495,Jeffrey Freudenthal,0.37,Contemporary,Brass,37.0,10.0,16551.0,1861,164,No,Polished,Auctioned in New York,27.41,28.28
Minimalist_Larry_6496,Larry Edwards,0.67,Minimalist,,15.0,,18981.0,1913,112,No,Elegant,Auctioned in London,48.32,67.18
Abstract_Denise_6497,Denise Worth,0.68,Abstract,Clay,19.0,8.0,587.0,1941,84,No,Expressive,Acquired from Artist,5.06,6.92
Contemporary_Daniel_6498,Daniel Drew,0.02,Contemporary,Stone,33.0,9.0,1269377.0,1869,156,No,Vibrant,Museum Deaccession,3096.81,2929.13
Modern_Vernon_6499,Vernon Carroll,0.18,Modern,Brass,30.0,13.0,34729.0,1880,145,No,Expressive,Inherited Estate,34.2,46.63
